年,月,日,時,分,縣市,區,死,受傷,2-30,天候,光線,道路類別,速限,道路型態,事故位置,路面鋪裝,路面狀態,路面缺陷,障礙物,視距,號誌種類,號誌動作,分向設施,快車道或一般車道間,快慢車道間,路面邊線,事故類型及型態,主要肇因,受傷程度,主要傷處,保護裝備,行動電話,當事者區分,車輛用途,當事者行動狀態,駕駛資格情形,駕駛執照種類,飲酒情形,車輛撞擊部位最初,車輛撞擊部位其他,肇事因素個別,肇事因素主要,肇事逃逸,職業,旅次目的,車種,GPS緯度,GPS經度,事故類別
2022,5,3,17,1,臺中市,西區,0,1,0,8,1,5,50,14,7,1,5,4,5,7,4,4,3,5,4,2,16,42,2,9,1,1,C03,7,15,1,10,2,14,,42,42,1,21,8,C03,120.657012,24.138664,2
2022,5,3,17,12,臺中市,西屯區,0,1,0,8,1,5,40,14,8,1,5,4,5,7,4,4,1,3,1,2,13,23,2,9,1,1,C03,7,9,3,18,2,11,,23,23,1,21,8,C03,120.656928,24.158971,2
2022,5,3,17,18,臺中市,北區,0,0,0,,,,50,,,,,,,,,,,,,,,23,,,,,B03,,,1,,1,,,23,23,1,21,,B03,120.674507,24.162862,3
2022,5,3,17,20,臺中市,西區,0,0,0,8,,,40,,,,,,,,,,,,,,,12,,,,,B03,,,1,,1,,,12,12,1,21,,B03,120.660224,24.157858,3
2022,5,3,17,25,臺中市,神岡區,0,1,0,8,1,5,30,4,1,1,5,4,5,7,3,1,10,5,5,1,16,6,2,9,1,1,C03,7,9,1,10,2,12,,6,6,1,21,8,C03,120.671951,24.262886,2
2022,5,3,17,28,臺中市,烏日區,0,0,0,8,,,40,,,,,,,,,,,,,,,6,,,,,B03,,,1,,2,,,6,6,1,22,,B03,120.652887,24.09456,3
2022,5,3,17,32,臺中市,梧棲區,0,0,0,,,,40,,,,,,,,,,,,,,,23,,,,,B03,,,1,,2,,,23,23,1,22,,B03,120.526512,24.222321,3
2022,5,3,17,33,臺中市,北屯區,0,1,0,8,1,5,50,14,9,1,5,4,5,7,4,4,5,5,5,2,3,52,2,9,4,1,H01,8,18,8,20,10,16,,52,52,1,22,8,H01,120.70544,24.166263,2
2022,5,3,17,35,臺中市,北屯區,0,0,0,8,,,50,,,,,,,,,,,,,,,12,,,,,B12,,,1,,1,,,12,12,1,21,,B12,120.696591,24.170897,3
2022,5,3,17,37,臺中市,西屯區,0,2,0,8,2,5,50,3,1,1,5,4,5,7,4,4,10,5,4,2,13,16,2,9,1,1,C03,7,9,1,10,2,11,,16,16,1,22,8,C03,120.641251,24.177044,2
2022,5,3,17,44,臺中市,南屯區,0,0,0,8,,,50,,,,,,,,,,,,,,,7,,,,,B03,,,1,,2,,,7,7,1,5,,B03,120.646629,24.140096,3
2022,5,3,17,46,臺中市,豐原區,0,0,0,8,,,60,,,,,,,,,,,,,,,23,,,,,B03,,,1,,2,,,23,23,1,21,,B03,120.734238,24.263186,3
2022,5,3,17,47,臺中市,梧棲區,0,1,0,8,1,5,50,4,1,1,5,4,5,7,4,4,10,5,5,2,16,6,2,9,1,1,C03,7,5,1,10,2,12,,6,6,1,20,8,C03,120.533286,24.258385,2
2022,5,3,17,49,臺中市,北區,0,0,0,8,,,50,,,,,,,,,,,,,,,16,,,,,B01,,,1,,1,,,16,16,1,22,,B01,120.687689,24.146307,3
2022,5,3,17,50,臺中市,神岡區,0,0,0,8,,,50,,,,,,,,,,,,,,,23,,,,,B03,,,1,,1,,,23,23,1,22,,B03,120.658605,24.259141,3
2022,5,3,17,53,臺中市,北屯區,0,2,0,8,1,5,50,14,9,1,5,4,5,7,4,4,1,4,5,2,13,23,2,8,3,4,C03,7,9,1,10,2,12,14,23,23,1,21,8,C03,120.693095,24.171341,2
2022,5,3,17,54,臺中市,南區,0,2,0,8,2,5,50,4,2,1,5,4,5,7,4,4,10,5,5,2,17,23,2,9,1,1,C03,7,9,3,18,2,11,,23,23,1,21,8,C03,120.656064,24.119721,2
2022,5,3,17,55,臺中市,清水區,0,2,0,8,2,5,50,3,1,1,5,4,5,7,4,4,10,5,5,2,16,6,2,8,1,1,C03,7,5,1,9,2,14,,6,6,1,5,5,C03,120.574721,24.269181,2
2022,5,3,18,2,臺中市,太平區,0,0,0,6,,,50,,,,,,,,,,,,,,,16,,,,,B12,,,1,,1,,,16,16,1,9,,B12,120.722755,24.149389,3
2022,5,3,18,2,臺中市,烏日區,0,0,0,8,,,50,,,,,,,,,,,,,,,23,,,,,C03,,,1,,2,,,23,23,1,21,,C03,120.620006,24.103123,3
2022,5,3,18,7,臺中市,潭子區,0,0,0,8,,,50,,,,,,,,,,,,,,,43,,,,,,,,,,,,,43,43,1,,,,120.707811,24.200413,3
2022,5,3,18,8,臺中市,西屯區,0,0,0,8,,,50,,,,,,,,,,,,,,,23,,,,,B12,,,1,,1,,,23,23,1,21,,B12,120.637636,24.170132,3
2022,5,3,18,17,臺中市,北屯區,0,1,0,8,2,5,50,4,1,1,5,4,5,7,2,1,10,5,5,2,16,43,2,9,1,1,C03,7,9,4,8,2,11,14,43,43,1,5,8,C03,120.692783,24.162464,2
2022,5,3,18,20,臺中市,潭子區,0,1,0,8,1,5,1,3,2,1,5,4,5,7,4,4,1,3,4,1,17,6,3,10,1,1,B03,7,6,1,8,2,2,,6,6,1,22,8,B03,120.704086,24.215628,2
2022,5,3,18,20,臺中市,西屯區,0,0,0,8,,,50,,,,,,,,,,,,,,,23,,,,,B12,,,1,,2,,,23,23,1,22,,B12,120.637378,24.171788,3
2022,5,3,18,23,臺中市,南屯區,0,0,0,8,,,50,,,,,,,,,,,,,,,12,,,,,B03,,,1,,1,,,12,12,1,22,,B03,120.639586,24.145068,3
2022,5,3,18,30,臺中市,太平區,0,0,0,8,,,50,,,,,,,,,,,,,,,42,,,,,B03,,,1,,2,,,42,42,1,21,,B03,120.715429,24.148804,3
2022,5,3,18,32,臺中市,南屯區,0,0,0,8,,,50,,,,,,,,,,,,,,,7,,,,,B03,,,1,,1,,,7,7,1,4,,B03,120.643826,24.146854,3
2022,5,3,18,32,臺中市,西屯區,0,1,0,8,3,5,50,4,1,1,5,4,5,7,1,1,10,5,5,2,13,23,3,10,1,1,C03,7,9,1,10,1,11,,23,23,1,21,8,C03,120.645795,24.1699,2
2022,5,3,19,15,臺中市,西屯區,0,0,0,8,,,30,,,,,,,,,,,,,,,23,,,,,B03,,,1,,1,,,23,23,1,22,,B03,120.629741,24.165379,3
2022,5,3,19,25,臺中市,北屯區,0,0,0,8,,,50,,,,,,,,,,,,,,,23,,,,,B12,,,1,,1,,,23,23,1,22,,B12,120.68633,24.194741,3
2022,5,3,19,29,臺中市,西屯區,0,1,0,8,2,5,50,14,9,1,5,4,5,7,4,4,9,5,5,2,18,23,2,9,1,1,C03,7,9,1,10,2,14,,23,23,1,21,1,C03,120.609762,24.156365,2
2022,5,3,19,40,臺中市,西區,0,2,0,8,3,5,50,4,1,1,5,4,5,7,1,1,5,5,5,2,16,6,2,9,1,1,C03,7,5,1,10,2,12,,6,6,1,4,7,C03,120.659143,24.160174,2
2022,5,3,19,40,臺中市,南區,0,1,0,8,3,5,50,4,1,1,5,4,5,7,1,1,10,5,5,2,16,6,3,10,1,1,B03,7,5,1,8,2,6,,6,6,1,22,8,B03,120.657951,24.124199,2
2022,5,3,19,42,臺中市,南區,0,0,0,8,,,30,,,,,,,,,,,,,,,6,,,,,C03,,,1,,2,,,6,6,1,5,,C03,120.682848,24.130741,3
2022,5,3,19,48,臺中市,北區,0,2,0,8,3,5,40,14,7,1,5,4,5,7,4,4,10,5,4,2,17,19,2,8,1,1,C03,7,1,1,10,2,14,,19,19,1,22,9,C03,120.682693,24.148528,2
2022,5,3,20,3,臺中市,北屯區,0,1,0,8,3,5,50,5,1,1,5,4,5,7,2,1,10,5,5,2,15,25,3,10,1,1,C03,7,9,1,10,2,12,,25,25,1,21,8,C03,120.697722,24.170511,2
2022,5,3,20,5,臺中市,大雅區,0,1,0,8,3,5,30,3,1,1,5,4,5,7,1,1,10,3,5,2,16,25,3,10,1,1,C03,7,5,1,10,9,15,,25,25,1,22,9,C03,120.636908,24.222287,2
2022,5,3,20,8,臺中市,大甲區,0,1,0,8,1,5,50,4,1,1,5,4,5,7,4,4,10,5,5,2,15,6,2,9,1,1,C03,7,9,1,10,2,11,,6,6,1,4,1,C03,120.621344,24.352528,2
2022,5,3,20,26,臺中市,西屯區,0,3,0,8,3,5,30,3,1,1,5,4,5,7,4,4,10,5,5,2,16,6,2,9,1,1,C03,7,6,1,10,2,14,,6,6,1,5,8,C03,120.656971,24.16341,2
2022,5,3,20,31,臺中市,大甲區,0,0,0,8,,,50,,,,,,,,,,,,,,,12,,,,,B12,,,1,,1,,,12,12,2,22,,B12,120.656826,24.394589,3
2022,5,3,20,49,臺中市,西屯區,0,1,0,8,3,5,40,4,1,1,5,4,5,7,2,1,10,5,5,2,12,6,3,10,1,1,B03,7,6,1,8,2,2,,6,6,1,22,8,B03,120.63617,24.16038,2
2022,5,3,20,53,臺中市,北屯區,0,2,0,6,3,5,50,14,9,1,4,4,5,7,4,4,5,2,5,2,17,26,2,9,3,4,F01,7,11,8,20,2,16,,26,26,1,21,8,F01,120.691271,24.170573,2
2022,5,3,21,1,臺中市,豐原區,0,2,0,7,3,5,50,14,7,1,5,4,5,7,4,4,8,3,4,1,17,23,2,8,3,4,C03,7,9,1,10,2,11,,23,23,1,22,8,C03,120.715522,24.251458,2
2022,5,3,21,5,臺中市,潭子區,0,0,0,8,3,5,50,4,2,1,5,4,5,7,1,1,1,3,4,1,17,6,3,10,1,1,B03,7,6,1,8,2,4,,6,6,1,22,8,B03,120.691208,24.215976,3
2022,5,3,21,10,臺中市,西區,0,1,0,8,3,5,50,4,1,1,5,4,5,7,1,1,10,5,5,2,17,25,3,10,4,1,F03,7,9,8,20,2,16,,25,25,1,21,8,F03,120.674195,24.149753,2
2022,5,3,21,13,臺中市,豐原區,0,2,0,8,3,5,50,3,1,1,5,4,5,7,4,4,5,5,5,2,16,6,2,9,1,1,C03,7,5,3,18,2,11,,6,6,1,5,8,C03,120.699113,24.247053,2
2022,5,3,21,14,臺中市,西區,0,0,0,8,,,50,,,,,,,,,,,,,,,17,,,,,A04,,,1,,1,,,17,17,1,21,,A04,120.673517,24.147762,3
2022,5,3,21,38,臺中市,西屯區,0,2,0,8,1,5,30,4,1,1,5,4,5,7,4,4,5,4,5,2,16,8,2,9,1,1,C03,7,5,1,10,2,15,,8,8,1,22,8,C03,120.645077,24.176875,2
2022,5,3,21,50,臺中市,豐原區,0,0,0,8,,,50,,,,,,,,,,,,,,,23,,,,,C03,,,1,,2,,,23,23,1,21,,C03,120.704469,24.239595,3
2022,5,3,21,54,臺中市,西屯區,0,1,0,8,3,5,70,3,1,1,5,4,5,7,4,4,10,5,5,2,16,26,3,10,1,1,B03,7,6,1,8,2,6,,26,26,1,21,8,B03,120.627047,24.177411,2
2022,5,3,22,4,臺中市,中區,0,1,0,8,3,5,50,4,1,1,5,4,5,7,2,1,10,5,5,2,16,6,3,10,1,1,B03,7,5,1,8,2,6,,6,6,1,21,8,B03,120.678757,24.141681,2
2022,5,3,22,30,臺中市,西屯區,0,2,0,8,3,5,50,4,1,1,4,4,5,7,4,4,5,5,5,2,15,6,2,9,3,4,C03,7,9,1,10,2,11,,6,6,1,22,8,C03,120.590099,24.177178,2
2022,5,3,22,48,臺中市,烏日區,0,0,0,8,,,40,,,,,,,,,,,,,,,23,,,,,B03,,,1,,2,,,23,23,1,21,,B03,120.618495,24.111455,3
2022,5,3,22,50,臺中市,北屯區,0,2,0,8,3,5,50,4,1,1,5,4,5,7,2,1,10,5,5,2,17,26,2,9,1,1,C03,7,5,1,10,2,12,,26,26,1,5,8,C03,120.703881,24.159412,2
2022,5,3,22,54,臺中市,豐原區,0,1,0,7,3,5,30,3,2,1,5,4,5,7,4,4,10,5,5,1,29,43,2,8,3,4,C03,7,9,1,10,2,14,,43,43,1,22,8,C03,120.728394,24.248841,2
2022,5,3,23,9,臺中市,南屯區,0,0,0,6,,,50,,,,,,,,,,,,,,,43,,,,,C03,,,1,,11,,,43,43,1,22,,C03,120.636128,24.151985,3
2022,5,3,23,15,臺中市,西屯區,0,1,0,6,3,5,50,4,2,1,4,4,5,7,4,4,5,4,4,2,17,42,2,9,3,4,C01,7,9,4,10,2,14,,42,42,1,22,8,C01,120.649515,24.175396,2
2022,5,4,0,16,臺中市,西屯區,0,1,0,6,3,5,30,14,9,1,4,4,5,7,4,4,10,5,5,2,16,23,2,9,1,1,C03,7,9,1,10,2,11,,23,23,1,22,8,C03,120.650063,24.171976,2
2022,5,4,0,17,臺中市,北屯區,0,2,0,8,3,5,50,4,1,1,4,4,5,7,4,4,10,5,5,2,16,6,2,9,1,1,C03,7,9,1,10,2,11,,6,6,1,22,8,C03,120.670884,24.177296,2
2022,5,4,1,7,臺中市,西屯區,0,1,0,6,3,5,50,4,2,1,4,4,5,7,1,1,1,4,5,2,13,23,2,9,3,4,C03,7,9,1,10,2,11,,23,23,1,22,8,C03,120.646548,24.155109,2
2022,5,4,5,5,臺中市,西區,0,2,0,7,1,5,50,4,1,1,4,4,5,7,2,1,10,5,5,2,15,25,2,9,1,1,B03,7,9,1,8,2,2,,25,25,1,21,8,B03,120.672838,24.148436,2
2022,5,4,6,10,臺中市,沙鹿區,0,0,0,,,,60,,,,,,,,,,,,,,,7,,,,,B03,,,1,,2,,,7,7,1,22,,B03,120.575048,24.227947,3
2022,5,4,6,18,臺中市,豐原區,0,1,0,7,1,5,60,14,8,1,4,4,5,7,4,4,1,4,4,2,16,19,3,10,3,4,B12,7,1,1,8,2,8,,19,19,1,4,8,B12,120.714271,24.2625,2
2022,5,4,6,20,臺中市,清水區,0,2,0,8,1,5,30,3,2,1,5,4,5,7,4,4,10,5,5,2,16,6,2,9,1,1,C03,7,6,1,10,2,14,,6,6,1,5,6,C03,120.575764,24.280115,2
2022,5,4,6,30,臺中市,西屯區,0,0,0,8,,,50,,,,,,,,,,,,,,,7,,,,,B03,,,1,,1,,,7,7,1,22,,B03,120.660191,24.201213,3
2022,5,4,6,43,臺中市,沙鹿區,0,1,0,8,1,5,50,4,2,1,5,4,5,7,2,1,10,5,5,2,12,6,3,10,1,1,B03,7,6,1,8,2,2,,6,6,1,4,9,B03,120.575215,24.226738,2
2022,5,4,6,51,臺中市,潭子區,0,1,0,8,1,5,50,3,1,1,5,4,5,7,4,4,5,5,5,1,16,6,3,10,1,1,B03,7,5,1,8,2,8,,6,6,1,22,8,B03,120.697852,24.223452,2
2022,5,4,7,5,臺中市,南屯區,0,0,0,8,,,40,,,,,,,,,,,,,,,23,,,,,C03,,,1,,2,,,23,23,1,22,,C03,120.610017,24.151255,3
2022,5,4,7,7,臺中市,北區,0,1,0,7,1,5,50,14,7,1,5,4,5,7,1,1,3,4,4,2,17,23,3,10,1,1,B03,7,11,1,8,2,6,,44,23,1,22,8,B03,120.672539,24.168494,2
2022,5,4,7,10,臺中市,潭子區,0,0,0,8,,,50,,,,,,,,,,,,,,,12,,,,,B12,,,1,,2,,,12,12,1,4,,B12,120.72249,24.202733,3
2022,5,4,7,15,臺中市,潭子區,0,1,0,8,1,5,50,3,2,1,5,4,5,7,4,4,1,4,4,2,16,6,3,10,1,1,B03,7,6,1,8,2,1,,6,6,1,22,8,B03,120.707156,24.200398,2
2022,5,4,7,17,臺中市,潭子區,0,0,0,8,,,50,,,,,,,,,,,,,,,12,,,,,B03,,,1,,2,,,12,12,1,22,,B03,120.705831,24.227386,3
2022,5,4,7,17,臺中市,龍井區,0,0,0,8,,,30,,,,,,,,,,,,,,,6,,,,,B03,,,1,,2,,,6,6,1,22,,B03,120.589402,24.180957,3
2022,5,4,7,19,臺中市,龍井區,0,0,0,8,,,30,,,,,,,,,,,,,,,23,,,,,B03,,,1,,2,,,23,23,1,9,,B03,120.5,24.21,3
2022,5,4,7,19,臺中市,神岡區,0,0,0,8,,,50,,,,,,,,,,,,,,,16,,,,,C03,,,1,,1,,,16,16,1,22,,C03,120.686847,24.246873,3
2022,5,4,7,25,臺中市,神岡區,0,0,0,8,,,50,,,,,,,,,,,,,,,16,,,,,B03,,,1,,2,,,16,16,1,22,,B03,120.663628,24.263073,3
2022,5,4,7,35,臺中市,神岡區,0,1,0,7,1,5,50,4,2,1,5,4,5,7,1,1,5,4,5,1,11,6,3,10,3,4,C03,7,9,1,15,2,14,,44,6,1,22,9,C03,120.687074,24.246997,2
2022,5,4,7,37,臺中市,龍井區,0,2,0,8,1,5,30,4,1,1,5,4,5,7,4,4,10,5,5,1,15,6,2,9,1,1,C03,7,9,1,10,2,11,,6,6,1,5,8,C03,120.524481,24.186303,2
2022,5,4,7,39,臺中市,東勢區,0,1,0,8,1,5,50,3,2,1,5,4,5,7,4,4,10,5,5,2,17,23,2,8,1,1,C03,7,9,1,10,2,11,,23,23,1,16,8,C03,120.828721,24.256244,2
2022,5,4,7,40,臺中市,西屯區,0,1,0,8,1,5,50,14,9,1,5,4,5,7,4,4,1,4,5,1,16,17,2,9,1,4,C03,7,9,1,10,1,13,,17,17,1,4,8,C03,120.643353,24.172781,2
2022,5,4,7,43,臺中市,西屯區,0,1,0,8,1,5,50,4,1,1,5,4,5,7,1,1,10,5,5,2,16,25,3,10,1,1,B03,7,5,1,8,2,8,,25,25,1,4,8,B03,120.608561,24.169599,2
2022,5,4,7,44,臺中市,西屯區,0,0,0,6,,,70,,,,,,,,,,,,,,,16,,,,,B03,,,1,,1,,,16,16,1,22,,B03,120.592693,24.183441,3
2022,5,4,7,47,臺中市,南屯區,0,0,0,8,,,50,,,,,,,,,,,,,,,17,,,,,B03,,,1,8,2,,,44,17,1,12,,B03,120.636508,24.146803,3
2022,5,4,7,51,臺中市,北區,0,1,0,8,1,5,50,5,1,1,5,4,5,7,1,1,1,2,5,2,16,26,3,10,1,1,B12,7,10,1,8,2,2,,26,26,1,21,8,B12,120.686107,24.154764,2
2022,5,4,8,0,臺中市,清水區,0,0,0,8,,,60,,,,,,,,,,,,,,,17,,,,,A41,,,1,,2,,,17,17,1,22,,A41,120.552696,24.296368,3
2022,5,4,8,3,臺中市,豐原區,0,0,0,8,,,50,,,,,,,,,,,,,,,23,,,,,B03,,,1,,2,,,23,23,1,22,,B03,120.750126,24.269317,4
2022,5,4,8,5,臺中市,大甲區,0,1,0,8,1,5,40,3,1,1,5,4,5,7,4,4,10,5,5,2,16,4,2,8,1,1,C03,7,9,1,10,2,14,,4,4,1,4,1,C03,120.609523,24.32844,2
2022,5,4,8,7,臺中市,太平區,0,1,0,6,1,5,50,3,2,1,4,4,5,7,4,4,5,4,5,1,16,19,3,10,1,1,B03,7,1,1,8,2,4,,19,19,1,22,5,B03,120.725248,24.131916,2
2022,5,4,8,8,臺中市,大甲區,0,1,0,8,1,5,50,4,1,1,5,4,5,7,3,1,10,5,5,1,17,26,3,10,1,1,B03,7,5,1,8,2,2,,26,26,1,22,1,B03,120.630341,24.346895,2
2022,5,4,8,15,臺中市,大肚區,0,0,0,,,,50,,,,,,,,,,,,,,,23,,,,,B03,,,1,,2,,,23,23,1,21,,B03,120.582616,24.116568,3
2022,5,4,8,19,臺中市,西屯區,0,0,0,8,,,60,,,,,,,,,,,,,,,7,,,,,B03,,,1,,1,,,7,7,1,22,,B03,120.657393,24.157978,3
2022,5,4,8,21,臺中市,西屯區,0,1,0,8,1,5,40,4,1,1,5,4,5,7,4,4,10,5,5,2,16,6,2,9,1,4,C03,7,9,1,10,2,12,,6,6,1,4,8,C03,120.660213,24.19643,2
2022,5,4,8,22,臺中市,西屯區,0,1,0,8,1,5,50,4,1,1,4,4,5,7,4,4,10,5,5,2,16,6,3,10,3,4,C03,7,5,1,10,2,14,,6,6,1,22,8,C03,120.589978,24.177483,2
2022,5,4,8,22,臺中市,大里區,0,0,0,6,,,50,,,,,,,,,,,,,,,42,,,,,A11,,,1,,2,,,42,42,1,21,,A11,120.703545,24.092031,3
2022,5,4,8,26,臺中市,南區,0,1,0,6,1,5,50,5,1,1,4,4,5,7,1,1,10,5,5,2,17,42,2,9,1,1,C03,7,15,1,10,2,14,,42,42,1,21,8,C03,120.674543,24.128006,2
2022,5,4,8,26,臺中市,西屯區,0,2,0,7,1,5,50,3,1,1,5,4,5,7,1,1,10,5,5,2,16,25,2,7,1,1,C03,7,9,3,18,1,14,,25,25,1,22,8,C03,120.648966,24.172986,2
2022,5,4,8,27,臺中市,南屯區,0,1,0,6,1,5,50,4,1,1,4,4,5,7,1,1,10,5,5,2,16,6,3,10,1,1,B03,7,6,1,8,2,5,,6,6,1,5,8,B03,120.650016,24.150865,2
2022,5,4,8,27,臺中市,北屯區,0,0,0,6,,,50,,,,,,,,,,,,,,,16,,,,,C03,,,1,,1,,,16,16,1,21,,C03,120.670672,24.173812,3
2022,5,4,8,30,臺中市,西屯區,0,1,0,8,1,5,50,3,1,1,5,4,5,7,1,1,10,5,5,2,16,26,2,9,1,1,C03,7,9,1,10,2,14,,26,26,1,4,8,C03,120.59818,24.162997,2
2022,5,4,8,30,臺中市,烏日區,0,1,0,8,1,5,30,3,1,1,4,4,5,7,4,4,10,5,5,2,16,6,3,10,1,1,B03,7,5,1,8,2,5,,6,6,1,21,8,B03,120.634712,24.108071,2
2022,5,4,8,31,臺中市,西屯區,0,1,0,8,1,5,50,11,9,1,5,4,5,7,4,4,10,5,5,2,16,5,3,10,1,1,B03,7,9,1,8,2,8,,5,5,1,22,8,B03,120.634224,24.184226,2
2022,5,4,8,32,臺中市,北區,0,0,0,8,1,5,50,14,7,1,5,4,5,7,4,4,3,4,5,2,13,23,,,,,B03,,,1,,2,,,23,23,1,5,,B03,120.677319,24.163376,3
2022,5,4,8,34,臺中市,西屯區,0,1,0,8,1,8,50,3,1,1,5,4,5,7,4,4,1,4,5,1,13,6,3,10,1,4,B03,7,6,1,8,2,3,,6,6,1,4,8,B03,120.626913,24.17756,2
2022,5,4,8,38,臺中市,西屯區,0,1,0,8,1,5,50,3,9,1,5,4,5,7,4,4,5,5,4,2,18,42,2,7,3,4,C03,7,9,1,10,2,12,,42,42,1,22,8,C03,120.658808,24.164581,2
2022,5,4,8,41,臺中市,潭子區,0,3,0,6,1,5,30,14,9,1,4,4,5,7,4,4,10,5,5,1,12,17,2,9,1,1,C03,7,9,2,18,2,14,,17,17,1,22,8,C03,120.71171,24.19225,2
2022,5,4,8,41,臺中市,太平區,0,0,0,8,,,50,,,,,,,,,,,,,,,23,,,,,B03,,,1,,2,,,23,23,1,9,,B03,120.715954,24.118608,3
2022,5,4,8,42,臺中市,北屯區,0,0,0,6,,,50,,,,,,,,,,,,,,,23,,,,,A12,,,1,,2,,,23,23,1,22,,A12,120.71199,24.172491,3
2022,5,4,8,47,臺中市,豐原區,0,0,0,6,,,30,,,,,,,,,,,,,,,23,,,,,B03,,,1,,2,,,23,23,1,22,,B03,120.728655,24.221627,4
2022,5,4,8,50,臺中市,西屯區,0,0,0,8,,,50,,,,,,,,,,,,,,,12,,,,,B12,,,1,,1,,,12,12,1,22,,B12,120.641443,24.182708,3
2022,5,4,8,54,臺中市,西屯區,0,1,0,8,1,5,50,4,1,1,5,4,5,7,4,4,5,5,5,2,17,23,2,9,1,1,C03,7,9,1,10,2,12,,23,23,1,4,8,C03,120.655477,24.164829,2
2022,5,4,8,55,臺中市,北屯區,0,1,0,6,1,5,50,3,1,1,4,4,5,7,4,4,10,5,5,2,17,23,2,9,1,1,C03,7,9,1,10,2,11,,23,23,1,21,8,C03,120.705505,24.167665,2
2022,5,4,9,3,臺中市,西屯區,0,1,0,8,1,5,50,4,1,1,5,4,5,7,1,1,4,3,4,2,16,6,3,10,1,1,B03,7,5,1,10,2,2,,6,6,1,22,8,B03,120.657199,24.194548,2
2022,5,4,9,8,臺中市,西屯區,0,1,0,8,1,5,50,3,1,1,5,4,5,7,4,4,9,4,4,2,17,42,2,9,1,1,C03,7,6,1,10,2,12,,42,42,1,12,8,C03,120.643393,24.167,2
2022,5,4,9,9,臺中市,大甲區,0,1,0,6,1,5,50,14,9,1,4,4,5,7,1,1,5,5,5,1,13,16,2,8,1,1,C03,7,9,1,10,2,11,,16,16,1,4,8,C03,120.627653,24.346645,2
2022,5,4,9,14,臺中市,神岡區,0,2,0,6,1,5,30,14,9,1,4,4,5,7,4,4,10,5,5,2,16,6,2,8,1,1,C03,7,1,1,10,2,14,,6,6,1,22,8,C03,120.698031,24.253664,2
2022,5,4,9,16,臺中市,西屯區,0,2,0,8,1,5,50,14,9,1,5,4,5,7,4,4,5,5,5,2,13,23,2,8,3,4,C03,7,9,1,10,1,11,,23,23,1,22,8,C03,120.657346,24.194333,2
2022,5,4,9,16,臺中市,霧峰區,0,2,0,7,1,8,40,14,9,1,4,4,5,7,4,4,10,5,5,2,17,42,2,9,1,1,C03,7,9,1,10,2,12,,42,42,1,18,9,C03,120.716805,24.072054,2
2022,5,4,9,16,臺中市,豐原區,0,1,0,6,1,5,50,4,1,1,4,4,5,7,1,1,5,5,5,2,15,25,2,9,3,4,C03,7,9,1,10,2,12,,25,25,1,22,8,C03,120.72818,24.252535,2
2022,5,4,9,26,臺中市,東區,0,1,0,8,1,5,50,4,2,1,5,4,5,7,1,1,10,5,5,2,17,23,2,9,1,1,C03,7,4,1,10,2,12,,23,23,1,5,8,C03,120.699234,24.129659,2
2022,5,4,9,27,臺中市,西屯區,0,0,0,8,,,40,,,,,,,,,,,,,,,19,,,,,B03,,,1,,1,,,19,19,1,4,,B03,120.641955,24.178635,3
2022,5,4,9,40,臺中市,后里區,0,0,0,8,1,5,50,14,7,1,4,4,5,7,4,4,4,5,4,1,13,23,3,10,1,1,B12,7,9,1,8,1,8,,23,23,1,21,8,B12,120.715433,24.3105,3
2022,5,4,9,43,臺中市,北區,0,0,0,6,,,50,,,,,,,,,,,,,,,23,,,,,C02,,,7,,11,,,23,23,1,22,,C02,120.683508,24.148272,3
2022,5,4,9,43,臺中市,龍井區,0,1,0,8,1,5,30,4,2,1,5,4,5,7,4,4,10,5,5,2,14,12,3,10,1,1,B03,7,2,1,8,2,6,,12,12,1,19,8,B03,120.524166,24.186111,2
2022,5,4,9,47,臺中市,北屯區,0,0,0,8,,,50,,,,,,,,,,,,,,,23,,,,,C03,,,1,,1,,,23,23,1,21,,C03,120.696456,24.17003,3
2022,5,4,9,53,臺中市,西屯區,0,0,0,8,,,30,,,,,,,,,,,,,,,12,,,,,B03,,,1,,1,,,12,12,1,22,,B03,120.625561,24.158631,3
2022,5,4,9,56,臺中市,大肚區,0,1,0,8,1,5,30,4,1,1,5,4,5,7,4,4,10,5,5,2,15,6,2,9,1,1,C03,7,9,1,8,2,11,,6,6,1,19,8,C03,120.537627,24.153257,2
2022,5,4,10,7,臺中市,太平區,0,1,0,8,1,5,30,4,1,1,5,4,5,7,4,4,10,5,5,2,15,6,2,8,1,1,C03,7,9,1,10,2,11,,6,6,1,22,5,C03,120.724209,24.14303,2
2022,5,4,10,13,臺中市,北區,0,2,0,8,1,5,50,3,1,1,5,4,5,7,1,1,10,5,5,2,16,6,3,10,3,4,B03,7,5,1,8,2,1,,6,6,1,5,8,B03,120.668072,24.159227,2
2022,5,4,10,18,臺中市,清水區,1,6,1,8,1,5,90,10,7,1,5,4,1,7,4,4,2,4,5,1,13,23,2,8,1,1,A41,7,9,1,1,2,8,5,23,23,1,5,5,A41,120.547525,24.276263,1
2022,5,4,10,19,臺中市,烏日區,0,0,0,8,,,30,,,,,,,,,,,,,,,6,,,,,C03,,,1,,2,,,6,6,1,22,,C03,120.622517,24.105685,3