年,月,日,時,分,縣市,區,死,受傷,2-30,天候,光線,道路類別,速限,道路型態,事故位置,路面鋪裝,路面狀態,路面缺陷,障礙物,視距,號誌種類,號誌動作,分向設施,快車道或一般車道間,快慢車道間,路面邊線,事故類型及型態,主要肇因,受傷程度,主要傷處,保護裝備,行動電話,當事者區分,車輛用途,當事者行動狀態,駕駛資格情形,駕駛執照種類,飲酒情形,車輛撞擊部位最初,車輛撞擊部位其他,肇事因素個別,肇事因素主要,肇事逃逸,職業,旅次目的,車種,GPS緯度,GPS經度,事故類別
2022,5,4,10,25,臺中市,太平區,0,0,0,8,,,50,,,,,,,,,,,,,,,23,,,,,B03,,,1,,1,,,23,23,1,5,,B03,120.712875,24.144005,3
2022,5,4,10,26,臺中市,東區,0,0,0,8,,,30,,,,,,,,,,,,,,,12,,,,,B11,,,1,,2,,,12,12,1,22,,B11,120.687726,24.13711,3
2022,5,4,10,30,臺中市,清水區,0,0,0,8,,,70,,,,,,,,,,,,,,,7,,,,,A41,,,1,,1,,,7,7,1,22,,A41,120.570502,24.298653,3
2022,5,4,10,35,臺中市,西屯區,0,0,0,8,,,50,,,,,,,,,,,,,,,23,,,,,B03,,,1,,1,,,23,23,1,22,,B03,120.648646,24.167538,3
2022,5,4,10,40,臺中市,西區,0,1,0,8,1,5,50,4,1,1,5,4,5,7,4,4,10,5,5,2,15,6,3,10,1,1,B03,7,9,1,8,2,5,,6,6,1,4,8,B03,120.658828,24.139272,2
2022,5,4,10,40,臺中市,北屯區,0,0,0,,,,50,,,,,,,,,,,,,,,23,,,,,B03,,,1,,1,,,23,23,1,22,,B03,120.662236,24.189845,3
2022,5,4,10,42,臺中市,豐原區,0,1,0,7,1,5,50,14,8,1,5,4,5,7,4,4,5,4,4,2,17,23,2,9,1,1,C03,7,8,1,10,2,12,,23,23,1,22,8,C03,120.70891,24.248315,2
2022,5,4,10,51,臺中市,西區,0,0,0,8,,,60,,,,,,,,,,,,,,,42,,,,,B03,,,1,,1,,,42,42,1,22,,B03,120.666958,24.153106,3
2022,5,4,10,56,臺中市,西屯區,0,1,0,8,1,5,40,14,8,1,5,4,5,7,4,4,5,5,4,2,17,23,2,9,1,1,C03,7,7,1,10,2,14,,23,23,1,4,8,C03,120.644753,24.184003,2
2022,5,4,10,59,臺中市,清水區,0,1,0,8,1,5,50,14,8,1,5,4,5,7,4,4,3,4,4,2,17,6,3,10,3,4,B03,7,6,1,8,2,2,,6,6,1,22,8,B03,120.568661,24.276641,2
2022,5,4,11,0,臺中市,西區,0,1,0,8,1,5,50,4,1,1,5,4,5,7,2,1,10,5,5,2,16,6,3,10,1,1,B03,7,6,1,8,2,2,,6,6,1,21,8,B03,120.655135,24.150813,2
2022,5,4,11,5,臺中市,北屯區,0,1,0,8,1,8,50,14,9,1,5,4,5,7,4,4,1,4,5,1,16,43,2,8,1,1,C03,7,1,1,10,2,14,,43,43,1,21,8,C03,120.685185,24.169088,2
2022,5,4,11,9,臺中市,北區,0,3,0,8,1,5,50,4,1,1,5,4,5,7,1,1,5,5,5,2,16,6,2,8,1,1,C03,7,6,1,10,2,12,,6,6,1,21,8,C03,120.689717,24.157792,2
2022,5,4,11,13,臺中市,西屯區,0,1,0,8,1,5,50,14,9,1,5,4,5,7,4,4,9,5,5,2,16,6,3,10,1,1,B03,7,11,1,8,2,8,,6,6,1,4,8,B03,120.625953,24.180487,2
2022,5,4,11,19,臺中市,西區,0,2,0,8,1,5,50,5,1,1,5,4,5,7,1,1,10,5,5,2,16,6,3,10,1,1,B03,7,5,1,8,2,4,,6,6,1,21,8,B03,120.663775,24.154648,2
2022,5,4,11,22,臺中市,豐原區,0,0,0,8,,,50,,,,,,,,,,,,,,,42,,,,,C03,,,1,,9,,,42,42,1,22,,C03,120.724538,24.240968,3
2022,5,4,11,27,臺中市,北區,0,0,0,,,,50,,,,,,,,,,,,,,,6,,,,,C03,,,2,,2,,,6,6,1,5,,C03,120.685413,24.159083,3
2022,5,4,11,29,臺中市,潭子區,0,0,0,8,,,30,,,,,,,,,,,,,,,12,,,,,B03,,,1,,2,,,12,12,1,22,,B03,120.708045,24.212272,3
2022,5,4,11,29,臺中市,南區,0,0,0,,,,50,,,,,,,,,,,,,,,19,,,,,B12,,,1,,2,,,19,19,1,21,,B12,120.661822,24.128961,3
2022,5,4,11,29,臺中市,西屯區,0,0,0,8,,,50,,,,,,,,,,,,,,,43,,,,,A04,,,1,,1,,,43,43,1,22,,A04,120.645439,24.172108,3
2022,5,4,11,30,臺中市,北區,0,0,0,8,1,6,50,4,2,1,5,4,5,7,4,4,10,5,5,2,12,16,,,,,C03,,,1,,2,,,16,16,1,22,,C03,120.672964,24.171504,3
2022,5,4,11,41,臺中市,東區,0,1,0,8,1,5,50,3,1,1,5,4,5,7,4,4,10,5,5,2,16,6,3,10,1,1,B12,7,9,1,8,2,5,,14,6,1,7,8,B12,120.707033,24.131715,2
2022,5,4,11,47,臺中市,豐原區,0,0,0,8,,,50,,,,,,,,,,,,,,,19,,,,,B12,,,1,,2,,,19,19,1,10,,B12,120.716237,24.251674,3
2022,5,4,11,54,臺中市,龍井區,0,1,0,8,1,5,30,4,1,1,5,4,5,7,4,4,10,5,5,2,15,6,2,9,1,1,C03,7,9,1,10,2,13,,6,6,1,21,8,C03,120.531944,24.181944,2
2022,5,4,11,55,臺中市,清水區,0,1,0,8,1,5,50,14,9,1,5,4,5,7,4,4,5,5,5,1,17,19,3,10,3,4,B03,7,1,1,8,2,1,,19,19,1,22,8,B03,120.571593,24.279956,2
2022,5,4,12,0,臺中市,神岡區,0,1,0,7,1,5,30,14,9,1,5,4,5,7,4,4,10,5,5,1,13,16,2,9,3,4,C03,7,9,1,10,2,11,,16,16,1,22,9,C03,120.703377,24.262704,2
2022,5,4,12,8,臺中市,北屯區,0,0,0,,,,30,,,,,,,,,,,,,,,23,,,,,B12,,,1,,2,,,23,23,1,22,,B12,120.703106,24.179505,3
2022,5,4,12,11,臺中市,北區,0,1,0,8,1,5,50,14,7,1,5,4,5,7,1,1,1,4,4,2,29,43,2,9,1,1,C03,7,9,1,10,2,12,,43,43,1,22,8,C03,120.665854,24.162789,2
2022,5,4,12,15,臺中市,豐原區,0,0,0,8,,,50,,,,,,,,,,,,,,,17,,,,,B03,,,1,,2,,,17,17,1,22,,B03,120.719686,24.263902,3
2022,5,4,12,17,臺中市,西屯區,0,0,0,8,,,50,,,,,,,,,,,,,,,44,,,,,C03,,,1,,2,,,44,44,1,22,,C03,120.639645,24.158528,3
2022,5,4,12,38,臺中市,南區,0,1,0,7,1,5,50,4,1,1,5,4,5,7,2,1,10,5,5,2,16,9,3,10,1,1,B03,7,6,1,8,2,2,5,9,9,1,21,8,B03,120.668608,24.129345,2
2022,5,4,12,40,臺中市,烏日區,0,0,0,8,,,50,,,,,,,,,,,,,,,12,,,,,B03,,,1,,,7,,12,12,1,21,8,B03,120.627727,24.101939,3
2022,5,4,12,44,臺中市,后里區,0,0,0,7,1,5,60,14,2,1,5,4,5,7,4,4,1,3,4,1,13,23,,,,,B03,,,1,,2,,,23,23,1,21,,B03,120.697399,24.313094,3
2022,5,4,12,45,臺中市,梧棲區,0,0,0,8,,,50,,,,,,,,,,,,,,,17,,,,,B03,,,1,,11,,,17,17,1,20,,B03,120.541266,24.242642,4
2022,5,4,12,54,臺中市,西屯區,0,1,0,8,1,5,50,14,7,1,5,4,5,7,4,4,8,4,4,1,16,10,3,10,1,4,B03,7,11,1,8,2,4,,10,10,1,4,8,B03,120.639451,24.184586,2
2022,5,4,13,8,臺中市,大里區,0,0,0,8,,,50,,,,,,,,,,,,,,,25,,,,,B02,,,1,,2,,,44,25,1,22,,B02,120.692113,24.10045,3
2022,5,4,13,28,臺中市,神岡區,0,0,0,8,,,50,,,,,,,,,,,,,,,12,,,,,B03,,,1,,1,,,12,12,1,22,,B03,120.643882,24.253206,3
2022,5,4,13,30,臺中市,太平區,0,0,0,8,,,50,,,,,,,,,,,,,,,23,,,,,B12,,,1,,2,,,23,23,1,22,,B12,120.710557,24.139459,3
2022,5,4,13,35,臺中市,東區,0,0,0,,,,40,,,,,,,,,,,,,,,16,,,,,C03,,,1,,2,,,16,16,1,21,,C03,120.702184,24.138882,3
2022,5,4,13,35,臺中市,西屯區,0,0,0,8,,,50,,,,,,,,,,,,,,,16,,,,,B03,,,1,,2,,,16,16,1,22,,B03,120.652801,24.166935,3
2022,5,4,13,42,臺中市,西屯區,0,0,0,8,,,50,,,,,,,,,,,,,,,9,,,,,B03,,,1,,1,,,9,9,1,22,,B03,120.649201,24.172861,3
2022,5,4,13,48,臺中市,大甲區,0,1,0,8,1,5,50,14,13,1,5,4,5,7,4,4,5,4,5,1,16,19,3,10,1,1,B03,7,1,1,8,2,8,,19,19,1,9,8,B03,120.612463,24.34798,2
2022,5,4,13,52,臺中市,西屯區,0,3,0,8,1,5,50,4,1,1,5,4,5,7,1,1,10,5,5,2,16,8,2,9,1,1,C03,7,5,1,10,2,14,,8,8,1,4,8,C03,120.637275,24.173195,2
2022,5,4,13,59,臺中市,清水區,0,0,0,8,,,50,,,,,,,,,,,,,,,6,,,,,B03,,,1,,2,,,6,6,1,21,,B03,120.57858,24.270977,3
2022,5,4,14,9,臺中市,大安區,0,0,0,8,1,6,50,14,9,1,5,4,5,7,4,4,5,4,5,2,16,23,3,10,1,1,B12,7,6,1,5,2,2,,23,23,1,22,4,B12,120.590873,24.340328,3
2022,5,4,14,10,臺中市,潭子區,0,0,0,8,,,40,,,,,,,,,,,,,,,12,,,,,B12,,,1,,2,,,12,12,1,22,,B12,120.72076,24.210278,3
2022,5,4,14,19,臺中市,烏日區,0,0,0,8,,,30,,,,,,,,,,,,,,,23,,,,,B03,,,1,,2,,,23,23,1,22,,B03,120.658489,24.050332,3
2022,5,4,14,24,臺中市,北區,0,1,0,8,1,5,50,14,7,1,5,4,5,7,4,4,5,5,5,2,17,43,2,9,1,1,C03,7,9,1,10,2,14,,43,43,1,22,8,C03,120.686056,24.152667,2
2022,5,4,14,28,臺中市,北屯區,0,0,0,,,,50,,,,,,,,,,,,,,,7,,,,,B03,,,1,,1,,,7,7,1,22,,B03,120.683602,24.172082,3
2022,5,4,14,30,臺中市,東區,0,1,0,8,1,5,50,14,9,1,5,4,5,7,4,4,5,4,5,2,13,16,2,7,1,1,C03,7,9,1,10,2,11,,16,16,1,22,8,C03,120.688464,24.135284,2
2022,5,4,14,40,臺中市,南區,0,0,0,8,,,30,,,,,,,,,,,,,,,12,,,,,B12,,,1,,2,,,12,12,1,22,,B12,120.682128,24.133491,3
2022,5,4,14,42,臺中市,南區,0,1,0,8,1,5,50,4,1,1,5,4,5,7,1,1,10,5,5,2,16,6,3,10,1,1,B03,7,6,1,8,2,5,,6,6,1,5,8,B03,120.683929,24.126252,2
2022,5,4,14,50,臺中市,西屯區,0,1,0,8,1,5,50,11,9,1,5,4,5,7,3,1,1,3,5,2,18,42,3,10,1,1,G03,7,5,1,7,2,15,,42,42,1,21,8,G03,120.657591,24.196789,2
2022,5,4,15,0,臺中市,大雅區,0,0,0,8,,,50,,,,,,,,,,,,,,,23,,,,,B03,,,1,,2,,,23,23,1,22,,B03,120.648524,24.226105,3
2022,5,4,15,10,臺中市,北屯區,0,1,0,8,1,5,50,4,1,1,5,4,5,7,2,1,10,5,5,2,13,23,2,9,1,1,C03,7,9,1,10,2,11,,23,23,1,21,8,C03,120.686449,24.185274,2
2022,5,4,15,20,臺中市,南屯區,0,0,0,,,,50,,,,,,,,,,,,,,,26,,,,,B03,,,1,,1,,,26,26,1,4,,B03,120.649528,24.139863,3
2022,5,4,15,20,臺中市,烏日區,0,0,0,8,,,40,,,,,,,,,,,,,,,19,,,,,B11,,,1,,2,,,19,19,1,21,,B11,120.643458,24.081256,3
2022,5,4,15,25,臺中市,外埔區,0,0,0,,,,50,,,,,,,,,,,,,,,23,,,,,B03,,,1,,2,,,23,23,1,22,,B03,120.638282,24.341349,3
2022,5,4,15,26,臺中市,烏日區,0,1,0,8,1,5,60,4,2,1,5,4,5,7,1,1,1,4,5,1,12,7,2,9,1,1,C03,7,7,1,10,2,11,14,7,7,1,22,8,C03,120.634229,24.106401,2
2022,5,4,15,29,臺中市,北區,0,1,0,8,1,5,50,5,1,1,5,4,5,7,1,1,10,5,5,2,16,17,3,10,1,1,C03,7,9,1,10,2,14,,17,17,1,22,8,C03,120.681796,24.144577,2
2022,5,4,15,45,臺中市,北屯區,0,1,0,8,1,5,40,14,8,1,5,4,5,7,4,4,1,4,4,2,12,7,3,10,1,1,B03,7,8,1,8,2,2,,7,7,1,5,8,B03,120.668933,24.178124,2
2022,5,4,15,49,臺中市,豐原區,0,1,0,8,1,5,50,4,2,1,5,4,5,7,1,1,5,5,5,1,13,23,3,10,3,4,B03,7,9,1,8,2,1,,23,23,1,19,8,B03,120.742245,24.263496,2
2022,5,4,16,11,臺中市,豐原區,0,2,0,8,1,5,50,4,1,1,5,4,5,7,1,1,10,5,5,2,17,9,3,10,1,1,B03,7,6,1,8,2,5,,9,9,1,22,8,B03,120.74766,24.266563,2
2022,5,4,16,12,臺中市,西區,0,1,0,8,1,5,30,14,9,1,5,4,5,7,4,4,10,5,5,2,16,6,3,10,1,1,B02,7,5,1,8,1,4,,6,6,1,21,8,B02,120.66515,24.153247,2
2022,5,4,16,17,臺中市,西屯區,0,2,0,8,1,5,50,14,7,1,5,4,5,7,4,4,5,4,4,2,16,7,2,9,1,1,C03,7,7,3,18,2,14,,7,7,1,21,8,C03,120.64648,24.173327,2
2022,5,4,16,23,臺中市,西屯區,0,1,0,8,1,5,50,4,1,1,5,4,5,7,1,1,10,5,4,2,12,8,2,9,1,4,C03,7,5,1,10,2,14,,8,8,1,22,8,C03,120.644855,24.169158,2
2022,5,4,16,25,臺中市,沙鹿區,0,1,0,8,1,5,40,3,1,1,5,4,5,7,2,1,10,5,5,2,12,7,2,9,1,1,C03,7,7,1,10,2,14,,7,7,1,9,5,C03,120.56524,24.232606,2
2022,5,4,16,55,臺中市,大雅區,0,1,0,8,1,5,50,14,7,1,5,4,5,7,4,4,1,4,4,1,13,16,3,10,1,1,B12,7,9,1,8,2,1,,16,16,1,22,9,B12,120.649682,24.214476,2
2022,5,4,16,56,臺中市,北區,0,0,0,8,1,5,50,14,9,1,5,4,5,7,4,4,4,1,5,2,14,12,,,,,B03,,,1,,1,,,12,12,1,22,,B03,120.671892,24.173458,3
2022,5,4,17,1,臺中市,南區,0,0,0,8,,,50,,,,,,,,,,,,,,,23,,,,,B03,,,1,,2,,,23,23,1,22,,B03,120.670235,24.111984,3
2022,5,4,17,3,臺中市,西屯區,1,0,0,8,1,5,40,3,1,1,5,4,5,7,4,4,10,5,5,2,9,15,3,10,1,1,C03,7,9,1,10,2,11,,15,15,1,21,8,C03,120.666003,24.178161,1
2022,5,4,17,6,臺中市,潭子區,0,0,0,8,,,50,,,,,,,,,,,,,,,8,,,,,C03,,,1,,2,,,8,8,1,22,,C03,120.703522,24.207174,3
2022,5,4,17,9,臺中市,北區,0,0,0,8,,,50,,,,,,,,,,,,,,,23,,,,,B03,,,1,,1,,,23,23,1,22,,B03,120.675707,24.169975,3
2022,5,4,17,11,臺中市,北區,0,0,0,,,,30,,,,,,,,,,,,,,,43,,,,,B12,,,1,,2,,,43,43,1,21,,B12,120.668362,24.153788,3
2022,5,4,17,15,臺中市,潭子區,0,0,0,8,1,5,50,14,7,1,5,4,5,7,4,4,1,3,4,1,17,23,3,10,1,1,B03,7,9,1,8,2,1,,23,23,1,22,8,B03,120.690789,24.215748,3
2022,5,4,17,15,臺中市,北屯區,0,2,0,8,1,5,50,4,1,1,5,4,5,7,1,1,10,5,5,2,16,6,2,9,1,1,C03,7,5,1,10,2,12,,6,6,1,21,8,C03,120.690629,24.172802,2
2022,5,4,17,18,臺中市,西屯區,0,0,0,8,,,30,,,,,,,,,,,,,,,23,,,,,B03,,,1,,2,,,23,23,1,22,,B03,120.625801,24.190411,3
2022,5,4,17,20,臺中市,豐原區,0,2,0,7,1,5,50,11,9,1,2,4,5,7,4,4,4,2,5,1,18,44,2,9,1,1,C03,7,9,1,10,2,15,,44,44,1,22,8,C03,120.725456,24.234414,2
2022,5,4,17,21,臺中市,神岡區,0,1,0,8,1,5,30,14,9,1,5,4,5,7,4,4,10,5,5,2,17,19,2,8,3,4,C04,7,1,1,8,2,14,,19,19,1,22,9,C04,120.685072,24.24777,2
2022,5,4,17,22,臺中市,西區,0,2,0,8,1,5,50,4,1,1,5,4,5,7,1,1,1,5,5,2,13,16,2,9,3,4,C03,7,9,1,10,2,13,,44,16,1,21,8,C03,120.659727,24.157289,2
2022,5,4,17,24,臺中市,豐原區,0,0,0,8,,,50,,,,,,,,,,,,,,,16,,,,,B03,,,1,,2,,,16,16,1,21,,B03,120.758419,24.276172,3
2022,5,4,17,28,臺中市,大肚區,0,1,0,8,1,5,50,11,7,1,5,4,5,7,4,4,4,4,4,1,18,23,2,9,1,1,C03,7,9,1,10,2,14,,23,23,1,21,8,C03,120.556884,24.160566,2
2022,5,4,17,32,臺中市,梧棲區,0,0,0,8,,,50,,,,,,,,,,,,,,,6,,,,,B01,,,1,,2,,,6,6,1,10,,B01,120.54449,24.242427,3
2022,5,4,17,35,臺中市,太平區,0,1,0,8,1,5,50,3,1,1,5,4,5,7,1,1,10,5,5,2,13,16,2,9,1,1,C03,7,9,1,10,2,11,,16,16,1,18,1,C03,120.716211,24.14961,2
2022,5,4,17,40,臺中市,南屯區,0,0,0,,,,50,,,,,,,,,,,,,,,42,,,,,A11,,,1,,2,,,42,42,1,4,,A11,120.616371,24.154088,3
2022,5,4,17,40,臺中市,沙鹿區,0,2,0,8,2,5,30,5,1,1,5,4,5,7,4,4,10,5,5,2,16,23,3,10,1,1,B03,7,5,1,8,2,8,,23,23,1,3,5,B03,120.569547,24.241005,2
2022,5,4,17,45,臺中市,潭子區,0,1,0,8,1,5,50,14,9,1,5,4,5,7,4,4,8,5,5,1,17,23,3,10,1,1,B03,7,4,1,8,2,2,,23,23,1,22,8,B03,120.692272,24.224659,2
2022,5,4,17,45,臺中市,豐原區,0,3,0,8,1,5,50,4,1,1,5,4,5,7,1,1,3,5,5,1,12,23,2,8,3,4,C03,7,9,1,10,2,11,,23,23,1,22,8,C03,120.714566,24.245006,2
2022,5,4,17,48,臺中市,豐原區,0,0,0,8,,,50,,,,,,,,,,,,,,,7,,,,,B03,,,1,,2,,,7,7,1,22,,B03,120.723969,24.245023,3
2022,5,4,17,50,臺中市,豐原區,0,0,0,,,,60,,,,,,,,,,,,,,,23,,,,,B03,,,1,,2,,,23,23,1,22,,B03,120.729654,24.255439,3
2022,5,4,17,51,臺中市,后里區,0,0,0,8,1,5,50,4,1,1,5,4,5,7,1,1,1,4,4,1,13,16,3,10,1,1,B12,7,9,1,8,2,1,,16,16,1,21,8,B12,120.723221,24.31235,3
2022,5,4,17,53,臺中市,大雅區,0,1,0,8,1,5,30,14,9,1,5,4,5,7,4,4,10,5,5,2,16,5,3,10,1,1,B03,7,5,1,8,2,8,,5,5,1,22,9,B03,120.63583,24.23815,2
2022,5,4,17,58,臺中市,西屯區,0,0,0,8,,,30,,,,,,,,,,,,,,,23,,,,,C03,,,1,,1,,,23,23,1,21,,C03,120.588151,24.193532,3
2022,5,4,18,1,臺中市,北屯區,0,1,0,8,1,5,40,4,1,1,5,4,5,7,2,1,10,5,5,2,16,26,2,9,1,1,C03,7,6,1,10,2,12,14,26,26,1,18,8,C03,120.683103,24.200725,2
2022,5,4,18,10,臺中市,北區,0,2,0,8,1,5,50,14,9,1,5,4,5,7,4,4,5,5,5,2,16,26,2,9,1,1,C03,7,11,1,10,2,14,,26,26,1,22,8,C03,120.684299,24.149766,2
2022,5,4,18,19,臺中市,東區,0,2,0,8,1,5,40,3,1,1,5,4,5,7,4,4,10,5,5,2,13,23,2,8,3,4,C03,7,9,1,10,2,11,,23,23,1,5,8,C03,120.707532,24.13622,2
2022,5,4,18,19,臺中市,西屯區,0,1,0,8,2,5,50,3,1,1,5,4,5,7,4,4,10,5,5,2,16,6,3,10,1,1,B03,7,5,1,8,2,1,,6,6,1,21,8,B03,120.658616,24.160384,2
2022,5,4,18,20,臺中市,北區,0,0,0,,,,30,,,,,,,,,,,,,,,23,,,,,B03,,,1,,1,,,23,23,1,21,,B03,120.668942,24.167969,3
2022,5,4,18,22,臺中市,西屯區,0,0,0,8,,,1,,,,,,,,,,,,,,,12,,,,,B03,,,1,,1,,,12,12,1,22,,B03,120.659902,24.175716,3
2022,5,4,18,22,臺中市,西屯區,0,1,0,8,1,5,30,3,1,1,5,4,3,7,4,4,10,5,5,2,16,6,3,10,1,1,B03,7,5,1,8,2,1,,6,6,1,22,8,B03,120.613995,24.17851,2
2022,5,4,18,25,臺中市,外埔區,0,2,0,8,1,5,50,14,7,1,5,4,5,7,4,4,8,3,4,1,16,19,2,9,1,1,B03,7,1,1,8,2,4,,19,19,1,22,8,B03,120.655698,24.329501,2
2022,5,4,18,30,臺中市,西屯區,0,1,0,8,3,5,40,14,8,1,5,4,5,7,4,4,1,4,1,2,17,42,2,9,1,1,C03,7,9,1,10,1,14,,42,42,1,21,8,C03,120.653085,24.160218,2
2022,5,4,18,31,臺中市,北屯區,0,2,0,8,3,5,50,14,9,1,5,4,5,7,4,4,5,4,5,2,17,23,2,9,1,1,C03,7,9,1,10,2,14,,23,23,1,5,1,C03,120.71815,24.188378,2
2022,5,4,18,37,臺中市,潭子區,0,0,0,8,,,40,,,,,,,,,,,,,,,23,,,,,B03,,,1,,2,,,23,23,1,22,,B03,120.727164,24.200275,3
2022,5,4,18,41,臺中市,東區,0,1,0,8,3,5,50,4,1,1,5,4,5,7,1,1,10,5,5,2,16,6,3,10,1,1,B03,7,6,1,10,2,5,,6,6,1,21,8,B03,120.699357,24.14797,2
2022,5,4,18,43,臺中市,北屯區,0,3,0,8,3,5,30,4,1,1,5,4,5,7,4,4,10,5,5,2,15,6,2,9,3,4,C03,7,9,1,10,2,11,,14,6,1,21,8,C03,120.69077,24.164379,2
2022,5,4,18,49,臺中市,西屯區,0,2,0,8,3,5,30,4,1,1,5,4,5,7,4,4,5,4,4,2,15,6,2,8,1,1,C03,7,9,1,10,2,11,,6,6,1,21,8,C03,120.644486,24.178794,2
2022,5,4,18,51,臺中市,西屯區,0,0,0,8,,,50,,,,,,,,,,,,,,,7,,,,,B03,,,1,,1,,,7,7,1,22,,B03,120.615958,24.188855,3
2022,5,4,19,0,臺中市,西屯區,0,0,0,8,,,30,,,,,,,,,,,,,,,12,,,,,B03,,,1,,1,,,12,12,1,21,,B03,120.58785,24.192657,3
2022,5,4,19,5,臺中市,西屯區,0,0,0,8,,,50,,,,,,,,,,,,,,,7,,,,,B03,,,1,,1,,,7,7,1,22,,B03,120.662817,24.163934,3
2022,5,4,19,7,臺中市,梧棲區,0,0,0,8,,,70,,,,,,,,,,,,,,,23,,,,,B12,,,1,,2,,,23,23,1,11,,B12,120.549871,24.244928,3
2022,5,4,19,12,臺中市,清水區,0,1,0,8,3,5,30,4,1,1,5,4,5,7,4,4,10,5,5,2,29,67,,,,,,,,,,,,,67,67,1,,,,120.57143,24.276941,2
2022,5,4,19,20,臺中市,西屯區,0,0,0,8,,,40,,,,,,,,,,,,,,,23,,,,,C03,,,1,,1,,,23,23,1,22,,C03,120.652999,24.160573,3
2022,5,4,19,23,臺中市,北屯區,0,0,0,8,,,60,,,,,,,,,,,,,,,7,,,,,B03,,,1,,1,,,7,7,1,5,,B03,120.709218,24.164611,3
2022,5,4,19,25,臺中市,太平區,0,1,0,8,3,5,50,3,1,1,5,4,5,7,4,4,10,5,5,2,27,42,2,9,1,1,C03,7,9,1,10,2,11,,42,42,1,4,2,C03,120.702929,24.155233,2
2022,5,4,19,36,臺中市,南區,0,3,0,7,3,5,40,3,9,1,5,4,5,7,4,4,5,5,5,2,16,6,2,9,1,1,C03,7,5,1,10,2,12,,6,6,1,22,8,C03,120.660365,24.115386,2
2022,5,4,19,55,臺中市,北區,0,0,0,,,,50,,,,,,,,,,,,,,,16,,,,,C03,,,1,,11,,,16,16,1,22,,C03,120.671547,24.172106,3
2022,5,4,20,14,臺中市,太平區,0,1,0,8,3,5,50,4,1,1,5,4,5,7,1,1,5,5,5,2,16,6,3,10,1,1,B02,7,5,1,8,2,5,,6,6,1,21,8,B02,120.725026,24.107977,2
2022,5,4,20,18,臺中市,西區,0,1,0,8,3,5,50,5,1,1,5,4,5,7,2,1,3,5,5,2,3,15,3,10,1,1,B03,7,6,1,8,2,15,,15,15,1,21,8,B03,120.680119,24.13497,2
2022,5,4,20,18,臺中市,南屯區,0,1,0,8,3,5,50,14,7,1,5,4,5,7,4,4,5,2,4,2,16,26,3,10,1,1,B03,7,11,1,8,2,5,,26,26,1,22,8,B03,120.644386,24.150669,2
2022,5,4,20,21,臺中市,后里區,0,0,0,,,,50,,,,,,,,,,,,,,,23,,,,,B03,,,1,,2,,,23,23,1,22,,B03,120.696475,24.313153,3
2022,5,4,20,26,臺中市,豐原區,0,0,0,8,,,50,,,,,,,,,,,,,,,17,,,,,C03,,,1,,2,,,17,17,1,4,,C03,120.720252,24.264438,3
2022,5,4,20,29,臺中市,豐原區,0,1,0,8,3,5,60,14,8,1,5,4,5,7,4,4,1,4,4,1,16,23,2,8,1,1,C03,7,9,1,10,2,11,,23,23,1,21,8,C03,120.714583,24.236813,2
2022,5,4,20,30,臺中市,沙鹿區,0,1,0,8,3,5,50,14,7,1,5,4,5,7,4,4,9,5,4,2,3,23,3,10,1,1,B12,7,9,1,8,1,5,,23,23,1,3,5,B12,120.575752,24.225742,2
2022,5,4,20,35,臺中市,東區,0,1,0,8,3,5,50,14,9,1,5,4,5,7,4,4,9,5,5,2,18,21,2,9,3,4,C03,7,9,6,10,8,15,,21,21,1,5,8,C03,120.696156,24.125676,2
2022,5,4,20,45,臺中市,清水區,0,1,0,8,3,5,30,14,9,1,5,4,5,7,4,4,10,5,5,1,18,13,2,8,1,1,C03,7,9,1,10,2,11,,13,13,1,5,1,C03,120.634675,24.276561,2
2022,5,4,21,1,臺中市,東區,0,0,0,,,,50,,,,,,,,,,,,,,,23,,,,,B03,,,1,,2,,,23,23,1,22,,B03,120.690203,24.12893,3
2022,5,4,21,20,臺中市,北區,0,2,0,8,3,5,50,14,7,1,5,4,5,7,4,4,1,2,4,2,13,16,2,9,1,1,C03,7,9,1,10,2,12,,16,16,1,20,8,C03,120.68254,24.146556,2
2022,5,4,21,48,臺中市,大安區,0,1,0,8,1,5,60,14,13,1,5,4,5,7,4,4,5,5,4,1,17,23,2,3,1,1,B03,7,9,6,18,8,8,,23,23,1,22,9,B03,120.604073,24.359891,2
2022,5,4,21,49,臺中市,北屯區,0,2,0,8,3,5,60,4,1,1,5,4,5,7,2,1,10,5,5,2,17,26,2,8,3,4,C03,7,9,1,9,2,14,,26,26,1,21,8,C03,120.71924,24.163181,2
2022,5,4,22,4,臺中市,豐原區,0,1,0,8,3,5,50,4,1,1,5,4,5,7,3,1,10,5,5,2,16,26,2,9,1,1,C03,7,5,1,10,2,14,,26,26,1,21,8,C03,120.722202,24.239598,2
2022,5,4,22,13,臺中市,西區,0,0,0,8,,,50,,,,,,,,,,,,,,,16,,,,,B03,,,6,,1,,,16,16,1,5,,B03,120.677263,24.140206,3
2022,5,4,22,37,臺中市,沙鹿區,0,2,0,8,3,5,50,4,1,1,5,4,5,7,1,1,10,5,5,2,16,6,2,6,1,1,B03,7,5,1,8,2,5,,6,6,1,21,8,B03,120.566478,24.251352,2