年,月,日,時,分,縣市,區,死,受傷,2-30,天候,光線,道路類別,速限,道路型態,事故位置,路面鋪裝,路面狀態,路面缺陷,障礙物,視距,號誌種類,號誌動作,分向設施,快車道或一般車道間,快慢車道間,路面邊線,事故類型及型態,主要肇因,受傷程度,主要傷處,保護裝備,行動電話,當事者區分,車輛用途,當事者行動狀態,駕駛資格情形,駕駛執照種類,飲酒情形,車輛撞擊部位最初,車輛撞擊部位其他,肇事因素個別,肇事因素主要,肇事逃逸,職業,旅次目的,車種,GPS緯度,GPS經度,事故類別
2022,5,7,11,55,臺中市,西區,0,1,0,8,1,5,50,4,1,1,5,4,5,7,4,4,10,5,5,2,16,6,3,10,1,1,B03,7,9,1,8,2,2,,6,6,1,20,8,B03,120.66884,24.142036,2
2022,5,7,12,0,臺中市,北屯區,0,1,0,8,1,5,50,4,1,1,5,4,5,7,2,1,10,5,5,2,16,6,3,10,1,1,B03,7,6,1,8,2,5,,6,6,1,21,8,B03,120.686121,24.18688,2
2022,5,7,12,2,臺中市,西屯區,0,1,0,8,1,5,40,14,8,1,5,4,5,7,4,4,1,5,1,2,13,23,2,9,1,1,F03,7,9,8,20,1,16,,23,23,1,21,8,F03,120.632783,24.170905,2
2022,5,7,12,9,臺中市,龍井區,0,1,0,8,1,5,50,4,1,1,5,4,5,7,4,4,10,5,5,2,16,6,3,10,3,4,B03,7,9,1,8,2,2,,6,6,1,9,5,B03,120.545625,24.17727,2
2022,5,7,12,15,臺中市,西區,0,0,0,8,,,50,,,,,,,,,,,,,,,12,,,,,A12,,,1,,2,,,12,12,1,21,,A12,120.665776,24.131004,3
2022,5,7,12,17,臺中市,梧棲區,0,2,0,8,1,5,50,14,9,1,5,4,5,7,4,4,8,3,4,1,16,6,2,9,1,1,C03,7,6,1,10,2,11,,6,6,1,21,8,C03,120.537757,24.246629,2
2022,5,7,12,19,臺中市,豐原區,0,0,0,8,,,50,,,,,,,,,,,,,,,18,,,,,B03,,,1,,9,,,44,18,1,22,,B03,120.725758,24.242836,3
2022,5,7,12,20,臺中市,大雅區,0,0,0,8,,,50,,,,,,,,,,,,,,,8,,,,,B12,,,1,,2,,,8,8,1,22,,B12,120.652956,24.226164,3
2022,5,7,12,24,臺中市,大雅區,0,2,0,8,1,5,50,14,7,1,5,4,5,7,4,4,3,4,4,1,13,23,2,9,1,1,C03,7,9,1,10,2,11,,23,23,1,22,8,C03,120.6526,24.221248,2
2022,5,7,12,25,臺中市,北屯區,0,1,0,8,1,5,50,4,1,1,5,4,5,7,1,1,10,5,5,2,17,6,2,9,1,1,C03,7,5,1,10,2,14,,6,6,1,21,8,C03,120.686858,24.187031,2
2022,5,7,12,25,臺中市,清水區,0,1,0,8,1,5,50,3,2,1,5,4,5,7,1,1,9,5,5,1,17,23,2,9,3,4,F01,7,9,8,20,2,16,,23,23,1,22,8,F01,120.561466,24.267423,2
2022,5,7,12,32,臺中市,豐原區,0,0,0,8,,,50,,,,,,,,,,,,,,,12,,,,,B03,,,1,,2,,,12,12,1,21,,B03,120.726204,24.245809,3
2022,5,7,12,35,臺中市,清水區,0,1,0,8,1,5,50,4,1,1,5,4,5,7,4,4,5,5,5,2,15,6,3,10,1,1,B03,7,9,1,8,2,5,,6,6,1,22,8,B03,120.569358,24.26023,2
2022,5,7,12,38,臺中市,大雅區,0,0,0,8,,,60,,,,,,,,,,,,,,,23,,,,,B03,,,1,,2,,,23,23,1,21,,B03,120.636133,24.235061,3
2022,5,7,12,41,臺中市,北區,0,1,0,8,1,5,50,4,1,1,5,4,5,7,1,1,10,5,5,2,13,16,3,10,1,1,C03,7,9,1,10,2,11,,16,16,1,22,8,C03,120.69445,24.153662,2
2022,5,7,12,45,臺中市,烏日區,0,0,0,8,,,30,,,,,,,,,,,,,,,6,,,,,B03,,,1,,2,,,6,6,1,21,,B03,120.640349,24.098318,3
2022,5,7,12,50,臺中市,太平區,0,0,0,8,,,40,,,,,,,,,,,,,,,16,,,,,C03,,,1,,2,,,16,16,1,21,,C03,120.735904,24.133086,3
2022,5,7,12,50,臺中市,太平區,0,0,0,8,,,50,,,,,,,,,,,,,,,16,,,,,B03,,,1,,2,,,16,16,1,21,,B03,120.726866,24.156934,3
2022,5,7,12,56,臺中市,梧棲區,0,1,0,8,1,5,50,4,1,1,5,4,5,7,4,4,8,3,4,1,15,6,3,10,1,1,B03,7,9,1,8,2,5,,6,6,1,21,8,B03,120.535718,24.244472,2
2022,5,7,13,1,臺中市,北區,0,0,0,8,,,40,,,,,,,,,,,,,,,23,,,,,B03,,,1,,11,,,23,23,1,22,,B03,120.674253,24.170152,3
2022,5,7,13,3,臺中市,清水區,0,0,0,8,1,5,50,14,9,1,5,4,5,7,4,4,5,5,5,2,11,17,3,10,1,1,B03,7,5,1,8,2,4,,17,17,1,5,8,B03,120.571932,24.268614,3
2022,5,7,13,8,臺中市,南屯區,0,0,0,,,,50,,,,,,,,,,,,,,,23,,,,,B03,,,1,,1,,,23,23,1,22,,B03,120.648094,24.146519,3
2022,5,7,13,11,臺中市,沙鹿區,0,0,0,8,,,50,,,,,,,,,,,,,,,10,,,,,B03,,,1,,2,,,10,10,1,4,,B03,120.580297,24.222094,3
2022,5,7,13,20,臺中市,神岡區,0,0,0,8,,,30,,,,,,,,,,,,,,,23,,,,,G03,,,1,,2,,,23,23,1,11,,G03,120.663903,24.25813,3
2022,5,7,13,25,臺中市,清水區,0,0,0,8,,,40,,,,,,,,,,,,,,,12,,,,,C03,,,1,,2,,,12,12,1,22,,C03,120.571848,24.260683,3
2022,5,7,13,31,臺中市,梧棲區,0,1,0,8,1,5,40,3,1,1,5,4,5,7,4,4,10,5,5,2,16,23,2,7,1,1,C03,7,9,1,10,3,14,,23,23,1,10,8,C03,120.529648,24.265383,2
2022,5,7,13,36,臺中市,北區,0,1,0,8,1,5,50,4,2,1,5,4,5,7,1,1,10,5,5,2,12,19,2,8,1,1,C03,7,1,1,10,2,14,,19,19,1,5,5,C03,120.686354,24.152437,2
2022,5,7,13,41,臺中市,北區,0,2,0,8,1,5,50,3,1,1,5,4,5,7,1,1,5,2,5,2,16,6,2,8,1,1,C03,7,6,1,10,2,12,,6,6,1,5,8,C03,120.685395,24.152786,2
2022,5,7,13,44,臺中市,后里區,0,1,0,8,1,5,50,4,1,1,5,4,5,7,1,1,10,5,5,2,16,6,2,9,1,1,C03,7,5,1,7,2,14,,6,6,1,20,8,C03,120.719793,24.313596,2
2022,5,7,13,50,臺中市,豐原區,0,1,0,8,1,5,50,3,1,1,5,4,5,7,2,1,10,5,5,2,13,23,2,9,1,1,C03,7,6,1,10,2,11,,23,23,1,22,8,C03,120.720108,24.262195,2
2022,5,7,13,51,臺中市,中區,0,1,0,8,1,5,50,4,1,1,5,4,5,7,1,1,10,5,5,2,11,6,3,10,1,1,B03,7,5,1,10,2,8,,6,6,1,22,9,B03,120.677642,24.144083,2
2022,5,7,13,58,臺中市,北區,0,0,0,,,,50,,,,,,,,,,,,,,,23,,,,,C03,,,1,,1,,,23,23,1,5,,C03,120.687287,24.155933,3
2022,5,7,14,0,臺中市,西區,0,1,0,8,1,5,30,4,1,1,5,4,5,7,4,4,10,5,5,2,15,6,3,10,1,1,C03,7,9,1,10,2,12,,6,6,1,5,5,C03,120.660856,24.149696,2
2022,5,7,14,1,臺中市,西屯區,0,0,0,8,,,50,,,,,,,,,,,,,,,16,,,,,C03,,,1,,1,,,16,16,1,22,,C03,120.648481,24.181978,3
2022,5,7,14,7,臺中市,西屯區,0,0,0,8,,,50,,,,,,,,,,,,,,,19,,,,,B12,,,1,,2,,,19,19,1,22,,B12,120.641273,24.178547,3
2022,5,7,14,25,臺中市,神岡區,0,1,0,8,1,5,50,5,1,1,5,4,5,7,4,4,9,4,5,1,17,17,2,9,1,1,C03,7,9,1,10,2,12,,17,17,1,12,8,C03,120.678149,24.237799,2
2022,5,7,14,29,臺中市,北屯區,0,0,0,8,,,50,,,,,,,,,,,,,,,23,,,,,B03,,,1,,1,,,23,23,1,22,,B03,120.69918,24.16526,3
2022,5,7,14,31,臺中市,北區,0,1,0,8,1,5,40,14,8,1,5,4,5,7,4,4,3,4,4,2,14,12,3,10,1,1,B03,7,2,1,8,11,3,,12,12,1,22,9,B03,120.679334,24.162937,2
2022,5,7,14,33,臺中市,新社區,0,0,0,8,,,40,,,,,,,,,,,,,,,23,,,,,A12,,,1,,2,,,23,23,1,22,,A12,120.798927,24.228596,3
2022,5,7,14,37,臺中市,大甲區,0,1,0,8,1,5,70,4,1,1,5,4,5,7,1,1,10,5,5,2,16,6,3,10,1,1,B03,7,6,1,8,2,1,,6,6,1,4,1,B03,120.651143,24.38121,2
2022,5,7,14,44,臺中市,北區,0,2,0,8,1,5,50,14,7,1,5,4,5,7,4,4,5,5,5,2,17,6,2,6,1,1,C03,7,5,1,10,2,11,,6,6,1,22,8,C03,120.675429,24.171381,2
2022,5,7,14,50,臺中市,西區,0,1,0,8,1,5,50,4,1,1,5,4,5,7,1,1,3,2,4,1,16,9,3,10,1,1,B03,7,6,1,8,2,5,,9,9,1,21,8,B03,120.673517,24.147762,2
2022,5,7,14,52,臺中市,西屯區,0,1,0,8,1,5,50,14,9,1,5,4,5,7,4,4,9,4,5,2,12,42,2,9,1,1,C03,7,9,1,10,2,11,,42,42,1,12,8,C03,120.65518,24.16844,2
2022,5,7,15,8,臺中市,西區,0,0,0,,,,50,,,,,,,,,,,,,,,6,,,,,C03,,,1,,2,,,6,6,1,20,,C03,120.665395,24.129961,3
2022,5,7,15,10,臺中市,北區,0,1,0,8,1,5,50,3,1,1,5,4,5,7,1,1,10,5,5,2,16,23,3,10,1,1,B12,7,5,1,8,2,8,,23,23,1,22,8,B12,120.68367,24.159075,2
2022,5,7,15,20,臺中市,南屯區,0,0,0,,,,40,,,,,,,,,,,,,,,18,,,,,B03,,,1,,2,,,18,18,1,4,,B03,120.6357,24.148511,3
2022,5,7,15,22,臺中市,西區,0,0,0,8,,,50,,,,,,,,,,,,,,,23,,,,,B03,,,1,,1,,,23,23,1,21,,B03,120.660896,24.146693,3
2022,5,7,15,34,臺中市,南區,0,1,0,8,1,5,50,4,1,1,5,4,5,7,1,1,10,5,5,2,16,6,3,10,1,1,B03,7,6,1,8,2,5,,6,6,1,22,9,B03,120.660416,24.12417,2
2022,5,7,15,45,臺中市,北區,0,1,0,8,1,5,50,5,1,1,5,4,5,7,1,1,10,5,5,2,17,6,3,10,1,1,B03,7,6,1,8,2,2,,6,6,1,22,8,B03,120.676191,24.158299,2
2022,5,7,15,52,臺中市,中區,0,1,0,8,1,5,50,4,1,1,5,4,5,7,1,1,10,5,5,2,12,9,3,10,1,1,B03,7,6,3,18,2,2,,9,9,1,22,9,B03,120.67556,24.141676,2
2022,5,7,15,53,臺中市,清水區,0,0,0,8,1,5,60,14,7,1,5,4,5,7,1,1,1,2,3,1,13,23,3,10,1,1,B03,7,9,1,8,2,1,,23,23,1,5,8,B03,120.54624,24.277619,3
2022,5,7,15,58,臺中市,北屯區,0,0,0,8,,,50,,,,,,,,,,,,,,,16,,,,,C02,,,4,,1,,,16,16,1,22,,C02,120.740335,24.178953,3
2022,5,7,16,5,臺中市,西區,0,0,0,8,,,50,,,,,,,,,,,,,,,17,,,,,B03,,,1,,1,,,17,17,1,21,,B03,120.670346,24.149125,3
2022,5,7,16,7,臺中市,北屯區,0,2,0,8,1,5,50,4,1,1,5,4,5,7,3,1,10,5,5,2,15,6,2,9,1,1,C03,7,9,1,10,2,11,,6,6,1,22,8,C03,120.689896,24.169333,2
2022,5,7,16,8,臺中市,北區,0,0,0,,,,50,,,,,,,,,,,,,,,6,,,,,B03,,,1,,1,,,6,6,1,5,,B03,120.686252,24.15482,3
2022,5,7,16,9,臺中市,北屯區,0,1,0,8,1,5,60,3,1,1,5,4,5,7,1,1,10,5,5,2,18,25,2,9,3,4,C03,7,9,3,18,2,15,,25,25,1,21,8,C03,120.709683,24.164618,2
2022,5,7,16,11,臺中市,西區,0,0,0,,,,40,,,,,,,,,,,,,,,23,,,,,C03,,,1,,1,,,23,23,1,5,,C03,120.654547,24.14524,3
2022,5,7,16,17,臺中市,西屯區,0,0,0,8,,,40,,,,,,,,,,,,,,,23,,,,,B03,,,1,,1,,,23,23,1,22,,B03,120.632418,24.170686,3
2022,5,7,16,17,臺中市,西屯區,0,1,0,8,1,5,50,4,1,1,5,4,5,7,1,1,9,4,5,2,16,26,3,10,1,1,B03,7,5,1,8,2,1,,26,26,1,12,8,B03,120.645021,24.183208,2
2022,5,7,16,19,臺中市,梧棲區,0,1,0,8,1,5,30,3,1,1,5,4,5,7,4,4,10,5,5,2,16,6,3,10,1,1,B03,7,6,6,7,2,8,,6,6,1,3,8,B03,120.538849,24.241526,2
2022,5,7,16,27,臺中市,北區,0,1,0,8,1,5,50,4,1,1,5,4,5,7,4,4,10,5,5,2,16,6,3,10,1,1,B03,7,5,1,8,2,8,,6,6,1,22,8,B03,120.695237,24.155286,2
2022,5,7,16,27,臺中市,外埔區,0,1,0,8,1,5,50,14,9,1,5,4,5,7,4,4,9,5,5,1,12,1,2,9,1,1,B03,7,4,1,8,2,6,,1,1,1,22,9,B03,120.658693,24.339089,2
2022,5,7,16,30,臺中市,中區,0,0,0,,,,50,,,,,,,,,,,,,,,12,,,,,B02,,,1,,1,,,12,12,1,20,,B02,120.685038,24.139223,3
2022,5,7,16,37,臺中市,后里區,0,0,0,8,,,50,,,,,,,,,,,,,,,23,,,,,A12,,,1,,2,,,23,23,1,10,,A12,120.698761,24.321565,3
2022,5,7,16,39,臺中市,豐原區,0,1,0,8,1,5,50,14,7,1,5,4,5,7,4,4,9,5,4,2,17,10,3,10,1,1,B03,7,11,1,8,2,8,,10,10,1,22,8,B03,120.708841,24.24154,2
2022,5,7,16,48,臺中市,西屯區,0,1,0,8,1,5,70,3,1,1,5,4,5,7,4,4,1,5,5,2,12,9,3,10,1,1,B12,7,6,1,7,2,5,,9,9,1,22,8,B12,120.626991,24.177397,2
2022,5,7,16,50,臺中市,西屯區,0,0,0,8,,,50,,,,,,,,,,,,,,,23,,,,,B03,,,1,,2,,,23,23,1,22,,B03,120.628815,24.15747,3
2022,5,7,16,55,臺中市,北區,0,0,0,8,,,50,,,,,,,,,,,,,,,23,,,,,B03,,,1,,1,,,23,23,1,22,,B03,120.676038,24.165221,3
2022,5,7,16,55,臺中市,北區,0,1,0,8,1,5,50,14,9,1,5,4,5,7,4,4,4,5,5,2,12,10,3,10,1,1,B03,7,11,1,8,2,4,,10,10,1,5,5,B03,120.67583,24.150718,2
2022,5,7,16,55,臺中市,西屯區,0,0,0,8,,,50,,,,,,,,,,,,,,,7,,,,,B03,,,1,,1,,,7,7,1,22,,B03,120.65936,24.159027,3
2022,5,7,16,58,臺中市,梧棲區,0,1,0,8,1,5,30,3,1,1,5,4,5,7,4,4,1,5,5,2,16,6,3,10,1,1,A12,7,6,1,7,2,7,,6,6,1,12,8,A12,120.548839,24.236678,2
2022,5,7,17,1,臺中市,太平區,0,0,0,,,,50,,,,,,,,,,,,,,,23,,,,,B03,,,1,,2,2,,23,23,1,22,,B03,120.7265,24.134306,3
2022,5,7,17,3,臺中市,北屯區,0,0,0,8,,,50,,,,,,,,,,,,,,,6,,,,,B03,,,1,,1,,,6,6,1,22,,B03,120.687753,24.16733,3
2022,5,7,17,7,臺中市,西屯區,0,1,0,8,1,5,50,14,7,1,5,4,5,7,4,4,9,4,4,2,17,43,2,9,3,4,C03,7,21,1,10,2,15,,43,43,1,22,8,C03,120.651084,24.174241,2
2022,5,7,17,7,臺中市,西屯區,0,0,0,8,,,50,,,,,,,,,,,,,,,9,,,,,B02,,,1,,2,,,9,9,1,22,,B02,120.640803,24.16505,3
2022,5,7,17,11,臺中市,西區,0,0,0,,,,,,,,,,,,,,,,,,,67,,,,,B03,,,1,,1,,,44,67,1,5,,B03,120.6627,24.144442,3
2022,5,7,17,18,臺中市,南區,0,0,0,8,,,50,,,,,,,,,,,,,,,26,,,,,B03,,,1,7,2,,,26,26,1,5,,B03,120.678656,24.126855,3
2022,5,7,17,19,臺中市,西區,0,0,0,,,,50,,,,,,,,,,,,,,,23,,,,,B03,,,1,,1,,,23,23,1,20,,B03,120.661818,24.155538,3
2022,5,7,17,19,臺中市,豐原區,0,1,0,8,1,5,50,14,8,1,5,4,5,7,1,1,5,4,4,2,16,6,3,10,3,4,B03,7,5,1,8,2,1,,6,6,1,22,8,B03,120.695685,24.239701,2
2022,5,7,17,26,臺中市,北屯區,0,1,0,8,1,5,50,4,1,1,5,4,5,7,4,4,10,5,5,2,15,6,2,9,1,1,C03,7,9,4,8,11,11,,6,6,2,21,8,C03,120.702967,24.178229,2
2022,5,7,17,29,臺中市,太平區,0,0,0,8,,,80,,,,,,,,,,,,,,,16,,,,,B03,,,1,,1,,,16,16,1,3,,B03,120.71705,24.155193,3
2022,5,7,17,30,臺中市,西區,0,2,0,8,1,5,50,14,7,1,5,4,5,7,4,4,5,4,4,1,16,26,2,9,1,1,C03,7,11,1,10,2,12,,26,26,1,21,8,C03,120.670692,24.137889,2
2022,5,7,17,33,臺中市,豐原區,0,2,0,8,1,5,50,3,1,1,5,4,5,7,3,1,1,3,5,1,15,6,2,8,1,1,C03,7,9,1,10,2,14,11,6,6,1,21,8,C03,120.709052,24.251152,2
2022,5,7,17,34,臺中市,南區,0,2,0,8,1,5,50,14,9,1,5,4,5,7,4,4,5,5,5,2,17,23,2,9,1,1,C03,7,9,1,10,2,12,,23,23,1,22,8,C03,120.670487,24.114671,2
2022,5,7,17,36,臺中市,北屯區,0,0,0,8,,,40,,,,,,,,,,,,,,,12,,,,,B02,,,1,,1,,,12,12,1,22,,B02,120.688856,24.171701,3
2022,5,7,17,38,臺中市,北屯區,0,1,0,8,2,5,40,14,9,1,5,4,5,7,4,4,10,5,5,2,16,19,3,10,1,1,C03,7,1,1,10,2,14,,19,19,1,22,8,C03,120.694975,24.16757,2
2022,5,7,17,42,臺中市,西區,0,1,0,8,1,5,50,4,1,1,5,4,5,7,1,1,5,5,5,2,12,19,2,9,3,4,C03,7,1,1,10,2,14,,19,19,1,21,8,C03,120.657136,24.146733,2
2022,5,7,17,42,臺中市,北屯區,0,2,0,8,1,5,50,14,7,1,5,4,5,7,4,4,9,5,4,2,17,19,2,9,3,4,C03,7,1,1,10,2,12,,19,19,1,21,8,C03,120.694999,24.180265,2
2022,5,7,17,42,臺中市,太平區,0,1,0,8,1,5,40,14,7,1,5,4,5,7,4,4,5,4,4,2,17,40,3,10,1,1,B12,7,15,1,8,2,4,,40,40,1,22,8,B12,120.721813,24.119054,2
2022,5,7,17,47,臺中市,西屯區,0,0,0,8,,,30,,,,,,,,,,,,,,,17,,,,,B03,,,1,,2,,,17,17,1,22,,B03,120.664381,24.169768,3
2022,5,7,17,55,臺中市,豐原區,0,1,0,8,1,5,50,14,9,1,5,4,5,7,4,4,1,4,5,1,16,6,3,10,1,1,B03,7,6,1,8,2,5,,6,6,1,22,8,B03,120.729945,24.254288,2
2022,5,7,18,15,臺中市,北屯區,0,0,0,8,,,40,,,,,,,,,,,,,,,1,,,,,B03,,,1,,1,,,1,1,1,22,,B03,120.725073,24.161444,3
2022,5,7,18,17,臺中市,西屯區,0,0,0,8,,,70,,,,,,,,,,,,,,,23,,,,,B03,,,1,,2,,,23,23,1,22,,B03,120.595588,24.182393,3
2022,5,7,18,20,臺中市,豐原區,0,0,0,8,,,50,,,,,,,,,,,,,,,12,,,,,B03,,,1,,2,,,12,12,1,22,,B03,120.720397,24.264222,3
2022,5,7,18,27,臺中市,西屯區,0,0,0,,,,50,,,,,,,,,,,,,,,12,,,,,B03,,,1,,1,,,12,12,1,22,,B03,120.615237,24.186481,3
2022,5,7,18,29,臺中市,大雅區,0,0,0,8,,,50,,,,,,,,,,,,,,,23,,,,,B03,,,1,,2,,,23,23,1,22,,B03,120.654354,24.229388,3
2022,5,7,18,35,臺中市,北屯區,0,0,0,8,,,50,,,,,,,,,,,,,,,43,,,,,B03,,,1,,2,,,43,43,1,22,,B03,120.744108,24.193136,3
2022,5,7,18,39,臺中市,大肚區,0,2,0,8,1,5,50,4,1,1,5,4,5,7,1,1,10,5,5,2,18,14,2,9,1,1,C03,7,5,2,18,2,14,,14,14,1,16,8,C03,120.547511,24.151805,2
2022,5,7,18,40,臺中市,西屯區,0,0,0,8,,,40,,,,,,,,,,,,,,,6,,,,,C03,,,1,,2,,,6,6,1,22,,C03,120.637958,24.180835,3
2022,5,7,18,40,臺中市,大安區,0,0,0,8,4,4,40,14,13,1,5,4,5,7,4,4,5,4,5,1,12,42,3,10,1,1,B03,7,9,1,8,9,5,,42,42,2,22,8,B03,120.59204,24.33789,3
2022,5,7,18,46,臺中市,東區,0,0,0,8,,,50,,,,,,,,,,,,,,,23,,,,,B03,,,1,,2,,,23,23,1,5,,B03,120.709008,24.135973,3
2022,5,7,18,49,臺中市,西屯區,0,0,0,8,,,50,,,,,,,,,,,,,,,23,,,,,C03,,,1,,1,,,23,23,1,22,,C03,120.649679,24.162948,3
2022,5,7,18,52,臺中市,太平區,0,1,0,8,3,5,50,3,2,1,5,4,5,7,1,1,5,2,5,1,13,23,3,10,1,1,B03,7,5,1,8,2,5,,23,23,1,5,8,B03,120.73313,24.150517,2
2022,5,7,18,53,臺中市,北屯區,0,0,0,8,,,50,,,,,,,,,,,,,,,1,,,,,C03,,,1,,1,,,1,1,1,22,,C03,120.68954,24.165053,3
2022,5,7,18,55,臺中市,潭子區,0,0,0,8,,,50,,,,,,,,,,,,,,,23,,,,,B01,,,1,,2,,,23,23,1,22,,B01,120.700685,24.212421,3
2022,5,7,18,55,臺中市,北屯區,0,0,0,8,,,50,,,,,,,,,,,,,,,6,,,,,B03,,,1,8,1,,,6,6,1,21,,B03,120.706429,24.166088,3
2022,5,7,18,57,臺中市,北區,0,1,0,8,3,5,50,4,1,1,5,4,5,7,1,1,10,5,5,2,17,4,3,10,1,1,C03,7,15,4,8,2,11,,4,4,1,22,8,C03,120.685089,24.161558,2
2022,5,7,19,0,臺中市,西屯區,0,0,0,8,,,30,,,,,,,,,,,,,,,23,,,,,C03,,,1,,9,,,23,23,1,12,,C03,120.638208,24.181725,3
2022,5,7,19,0,臺中市,清水區,0,0,0,8,3,5,50,3,2,1,5,4,5,7,4,4,5,5,5,2,17,42,3,10,1,1,B03,7,15,1,8,2,3,,42,42,1,5,5,B03,120.574381,24.268967,3
2022,5,7,19,11,臺中市,北區,0,1,0,8,1,5,50,3,1,1,5,4,5,7,1,1,5,5,4,2,16,10,3,10,1,1,B03,7,11,1,8,2,8,,10,10,1,22,8,B03,120.668016,24.159318,2
2022,5,7,19,15,臺中市,西屯區,0,0,0,8,,,50,,,,,,,,,,,,,,,19,,,,,C03,,,1,,2,,,19,19,1,22,,C03,120.624596,24.185362,3
2022,5,7,19,16,臺中市,東區,0,2,0,7,3,5,50,4,1,1,5,4,5,7,1,1,10,5,5,2,16,25,2,9,1,1,B03,7,9,1,8,2,8,,25,25,1,22,8,B03,120.702044,24.142702,2
2022,5,7,19,20,臺中市,南屯區,0,2,0,8,3,5,50,3,1,1,5,4,5,7,4,4,10,5,5,2,16,26,3,10,1,1,B03,7,5,1,8,2,5,,23,26,1,22,9,B03,120.650833,24.146666,2
2022,5,7,19,48,臺中市,東區,0,1,0,8,3,5,50,4,1,1,5,4,5,7,2,1,10,5,5,2,9,60,3,10,4,5,H03,8,20,8,20,10,16,,60,60,1,5,8,H03,120.68986,24.125941,2
2022,5,7,19,51,臺中市,西屯區,0,1,0,8,3,5,50,3,9,1,5,4,5,7,2,1,5,4,5,2,13,23,3,10,1,1,B03,7,9,1,8,2,5,,23,23,1,22,8,B03,120.655665,24.184645,2
2022,5,7,20,10,臺中市,西屯區,0,1,0,8,3,5,50,14,9,1,5,4,5,7,4,4,9,4,5,2,9,26,3,10,1,1,B03,7,11,1,8,2,1,,26,26,1,22,8,B03,120.642875,24.176874,2
2022,5,7,20,16,臺中市,西屯區,0,0,0,8,,,30,,,,,,,,,,,,,,,6,,,,,B03,,,1,,1,,,6,6,1,12,,B03,120.653098,24.17353,3
2022,5,7,20,24,臺中市,中區,0,0,0,,,,50,,,,,,,,,,,,,,,42,,,,,B03,,,1,,1,,,44,67,1,5,,B03,120.682343,24.140426,3
2022,5,7,20,36,臺中市,西區,0,1,0,8,3,5,50,4,1,1,5,4,5,7,4,4,10,5,5,2,16,6,3,10,1,1,B03,7,9,1,8,2,4,,14,6,1,20,8,B03,120.66032,24.140987,2
2022,5,7,20,56,臺中市,東區,0,1,0,8,3,5,50,4,1,1,5,4,5,7,1,1,9,4,4,2,11,8,3,10,1,1,B03,7,5,1,8,2,1,,8,8,1,5,1,B03,120.706393,24.136848,2
2022,5,7,20,58,臺中市,北屯區,0,0,0,8,,,50,,,,,,,,,,,,,,,43,,,,,B03,,,1,,11,,,43,43,1,21,,B03,120.688731,24.199334,3
2022,5,7,21,9,臺中市,豐原區,0,1,0,8,3,5,50,14,7,1,5,4,5,7,4,4,5,5,4,2,16,26,3,10,3,4,B03,7,11,1,8,2,8,,26,26,1,23,8,B03,120.716461,24.25191,2
2022,5,7,21,13,臺中市,北區,0,2,0,8,3,5,50,3,1,1,5,4,5,7,3,1,5,5,4,2,11,8,2,9,1,1,B03,7,5,1,8,2,5,,8,8,1,22,9,B03,120.672105,24.155773,2
2022,5,7,21,20,臺中市,豐原區,0,1,0,8,3,5,50,14,9,1,5,4,5,7,4,4,5,5,5,1,3,51,2,6,4,5,H01,8,16,8,20,10,16,,51,51,1,21,8,H01,120.702322,24.251481,2
2022,5,7,21,34,臺中市,沙鹿區,0,0,0,,,,40,,,,,,,,,,,,,,,6,,,,,B03,,,1,,2,,,6,6,1,4,,B03,120.558463,24.236749,3
2022,5,7,21,48,臺中市,西屯區,0,1,0,8,3,5,50,14,9,1,5,4,5,7,4,4,1,4,5,2,12,9,2,9,1,1,C03,7,6,1,10,2,12,,9,9,1,22,8,C03,120.656566,24.198393,2
2022,5,7,22,6,臺中市,東區,0,0,0,8,,,50,,,,,,,,,,,,,,,23,,,,,B03,,,1,8,2,,,44,23,1,5,,B03,120.694718,24.139045,3
2022,5,7,22,7,臺中市,西屯區,0,1,0,8,3,5,50,3,1,1,5,4,5,7,4,4,10,5,5,2,12,26,3,10,1,1,B03,7,5,1,8,2,4,,44,26,1,22,8,B03,120.644243,24.166382,2
2022,5,7,22,18,臺中市,北區,0,2,0,8,3,5,50,14,9,1,5,4,5,7,4,4,9,4,5,2,18,43,2,9,1,1,C03,7,9,1,10,2,14,,43,43,1,22,8,C03,120.685941,24.147326,2
2022,5,7,22,37,臺中市,中區,0,1,0,8,3,5,50,5,1,1,5,4,5,7,1,1,10,5,5,2,18,23,2,9,1,1,C03,7,9,1,10,2,12,,23,23,1,18,8,C03,120.678056,24.146465,2
2022,5,7,22,43,臺中市,北屯區,0,2,0,8,3,5,50,14,9,1,5,4,5,7,2,1,1,4,5,2,12,7,2,9,1,1,C03,7,7,1,10,2,14,,7,7,1,22,8,C03,120.69378,24.165221,2
2022,5,7,22,49,臺中市,北區,0,0,0,8,,,40,,,,,,,,,,,,,,,23,,,,,B03,,,1,,2,,,23,23,1,22,,B03,120.680976,24.163174,3
2022,5,7,23,3,臺中市,大里區,0,1,0,8,3,5,50,4,1,1,5,4,5,7,1,1,10,5,5,2,12,9,3,10,1,1,B03,7,6,1,8,2,2,,9,9,1,21,9,B03,120.690064,24.092694,2