年,月,日,時,分,縣市,區,死,受傷,2-30,天候,光線,道路類別,速限,道路型態,事故位置,路面鋪裝,路面狀態,路面缺陷,障礙物,視距,號誌種類,號誌動作,分向設施,快車道或一般車道間,快慢車道間,路面邊線,事故類型及型態,主要肇因,受傷程度,主要傷處,保護裝備,行動電話,當事者區分,車輛用途,當事者行動狀態,駕駛資格情形,駕駛執照種類,飲酒情形,車輛撞擊部位最初,車輛撞擊部位其他,肇事因素個別,肇事因素主要,肇事逃逸,職業,旅次目的,車種,GPS緯度,GPS經度,事故類別
2022,5,7,23,4,臺中市,北區,0,3,0,8,3,5,40,4,1,1,5,4,5,7,2,1,10,5,5,2,17,26,2,7,1,1,C03,7,5,1,10,2,11,,26,26,1,22,9,C03,120.683748,24.148051,2
2022,5,7,23,5,臺中市,西屯區,0,4,0,8,3,5,50,4,1,1,5,4,5,7,1,1,5,4,5,2,16,9,2,9,3,4,C03,7,6,2,18,2,12,,9,9,1,22,8,C03,120.626165,24.184526,2
2022,5,7,23,21,臺中市,梧棲區,0,3,0,8,3,5,50,4,1,1,5,4,5,7,3,1,10,5,5,2,15,6,2,7,1,1,B12,7,9,1,7,2,5,,6,6,1,9,1,B12,120.539421,24.252053,2
2022,5,7,23,24,臺中市,北屯區,0,2,0,8,3,5,50,4,1,1,5,4,5,7,3,1,10,5,5,2,15,6,2,9,1,1,C03,7,9,1,10,2,12,,6,6,1,5,8,C03,120.659163,24.188463,2
2022,5,7,23,32,臺中市,西屯區,0,1,0,8,3,5,50,4,1,1,5,4,5,7,2,1,10,5,5,2,18,42,2,9,3,4,C03,7,9,1,10,2,14,,42,42,1,22,8,C03,120.64241,24.197002,2
2022,5,8,0,3,臺中市,西屯區,0,2,0,8,3,5,50,4,1,1,5,4,5,7,4,4,5,5,5,2,15,6,2,1,3,4,B03,7,9,1,8,2,2,,6,6,1,22,8,B03,120.659638,24.161538,2
2022,5,8,0,20,臺中市,太平區,0,0,0,8,,,30,,,,,,,,,,,,,,,43,,,,,B03,,,1,,2,,,43,43,1,18,,B03,120.81499,24.093884,3
2022,5,8,0,25,臺中市,中區,0,1,0,8,3,5,50,14,7,1,5,4,5,7,4,4,5,5,4,2,17,19,2,9,1,1,C03,7,1,1,10,2,11,,19,19,1,4,5,C03,120.678327,24.146776,2
2022,5,8,1,10,臺中市,西屯區,0,1,0,8,3,5,80,14,7,1,5,4,5,7,4,4,1,4,5,1,13,16,2,9,3,4,B03,7,9,1,8,7,1,,16,16,1,21,8,B03,120.663191,24.201083,2
2022,5,8,2,10,臺中市,西屯區,0,0,0,8,,,50,,,,,,,,,,,,,,,42,,,,,B03,,,1,,1,,,42,42,1,22,,B03,120.661295,24.176275,3
2022,5,8,3,21,臺中市,西屯區,0,2,0,8,3,5,40,14,8,1,5,4,5,7,4,4,1,5,1,2,18,43,2,9,3,4,C03,7,9,3,18,2,12,,43,43,1,22,8,C03,120.626211,24.177465,2
2022,5,8,6,0,臺中市,北區,0,0,0,,,,50,,,,,,,,,,,,,,,43,,,,,B03,,,1,,11,,,43,43,1,5,,B03,120.676144,24.15989,3
2022,5,8,6,50,臺中市,豐原區,0,0,0,6,,,50,,,,,,,,,,,,,,,23,,,,,B03,,,1,,2,,,23,23,1,22,,B03,120.711716,24.256638,3
2022,5,8,7,5,臺中市,北屯區,0,0,0,8,,,40,,,,,,,,,,,,,,,23,,,,,B03,,,1,,1,,,23,23,1,21,,B03,120.669485,24.187485,3
2022,5,8,7,7,臺中市,龍井區,0,1,0,8,1,5,60,4,1,1,5,4,5,7,2,1,10,5,5,2,17,9,3,10,1,4,B03,7,6,1,8,2,15,,9,9,1,22,8,B03,120.585626,24.185957,2
2022,5,8,7,20,臺中市,南區,0,1,0,6,1,5,50,4,1,1,4,4,5,7,1,1,10,5,5,2,18,23,2,9,1,1,C03,7,9,1,10,2,14,,23,23,1,21,8,C03,120.681592,24.129445,2
2022,5,8,7,21,臺中市,西屯區,0,1,0,7,1,5,30,3,1,1,5,4,5,7,4,4,3,4,5,2,16,6,3,10,1,1,B03,7,6,1,8,2,8,,6,6,1,22,8,B03,120.64498,24.170737,2
2022,5,8,7,35,臺中市,北區,0,0,0,8,,,50,,,,,,,,,,,,,,,23,,,,,B03,,,1,,2,,,23,23,1,22,,B03,120.679174,24.154196,3
2022,5,8,8,15,臺中市,大甲區,0,0,0,,,,50,,,,,,,,,,,,,,,60,,,,,B03,,,1,,1,,,60,60,1,19,,B03,120.652847,24.391211,3
2022,5,8,8,19,臺中市,北屯區,0,2,0,8,1,5,50,3,1,1,5,4,5,7,4,4,10,5,5,2,17,13,3,10,1,1,C03,7,6,1,10,2,12,,27,13,1,21,8,C03,120.674296,24.17731,2
2022,5,8,8,42,臺中市,太平區,0,1,0,8,1,5,50,14,9,1,5,4,5,7,4,4,10,5,5,2,16,19,3,10,1,1,B03,7,1,1,8,2,1,,19,19,1,21,8,B03,120.707653,24.152283,2
2022,5,8,8,49,臺中市,大肚區,0,0,0,8,,,50,,,,,,,,,,,,,,,16,,,,,B12,,,1,,2,,,16,16,1,22,,B12,120.581361,24.16854,3
2022,5,8,9,5,臺中市,西屯區,0,0,0,8,,,50,,,,,,,,,,,,,,,42,,,,,A11,,,1,,1,,,42,42,1,22,,A11,120.624032,24.178895,3
2022,5,8,9,7,臺中市,豐原區,0,0,0,8,,,30,,,,,,,,,,,,,,,12,,,,,B03,,,1,,2,,,12,12,1,22,,B03,120.723411,24.244497,3
2022,5,8,9,42,臺中市,烏日區,0,0,0,8,,,40,,,,,,,,,,,,,,,8,,,,,C03,,,1,,2,,,8,8,1,22,,C03,120.641611,24.115441,3
2022,5,8,10,13,臺中市,梧棲區,0,1,0,8,1,5,50,14,9,1,5,4,5,7,4,4,5,5,5,1,17,19,3,10,1,1,B03,7,1,1,8,2,8,,19,19,1,12,8,B03,120.544247,24.241589,2
2022,5,8,10,17,臺中市,太平區,0,1,0,8,1,5,40,14,7,1,5,4,5,7,4,4,5,4,4,1,16,7,2,8,1,1,C03,7,7,1,10,2,14,,7,7,1,22,8,C03,120.725756,24.149783,2
2022,5,8,10,28,臺中市,北區,0,1,0,8,1,5,50,14,9,1,5,4,5,7,1,1,3,4,4,2,17,23,3,10,1,1,B03,7,6,1,8,2,8,,23,23,1,22,8,B03,120.698888,24.155282,2
2022,5,8,10,29,臺中市,西屯區,0,1,0,8,1,5,50,4,1,1,5,4,5,7,1,1,10,5,5,2,17,7,3,10,1,1,B03,7,8,1,8,1,5,,7,7,1,21,8,B03,120.650396,24.162403,2
2022,5,8,10,30,臺中市,北屯區,0,0,0,8,,,50,,,,,,,,,,,,,,,17,,,,,B03,,,1,,1,,,17,17,1,21,,B03,120.697635,24.185975,3
2022,5,8,10,37,臺中市,東區,0,1,0,8,1,5,50,4,1,1,5,4,5,7,2,1,5,5,5,2,12,6,3,10,1,1,B03,7,6,1,7,2,6,,6,6,1,9,5,B03,120.688642,24.126392,2
2022,5,8,10,37,臺中市,西屯區,0,2,0,8,1,5,50,14,9,1,5,4,5,7,4,4,1,4,5,2,12,40,3,10,1,1,B03,7,14,1,8,2,2,,40,40,1,22,8,B03,120.645655,24.163633,2
2022,5,8,10,55,臺中市,西屯區,0,0,0,8,,,50,,,,,,,,,,,,,,,19,,,,,B03,,,1,,2,,,19,19,1,22,,B03,120.605707,24.188389,3
2022,5,8,10,58,臺中市,豐原區,0,0,0,8,,,30,,,,,,,,,,,,,,,17,,,,,B12,,,1,,2,,,17,17,1,22,,B12,120.724711,24.239991,3
2022,5,8,11,0,臺中市,豐原區,0,0,0,8,,,50,,,,,,,,,,,,,,,19,,,,,B03,,,1,,2,,,19,19,1,21,,B03,120.717491,24.236473,3
2022,5,8,11,7,臺中市,北屯區,0,0,0,8,,,50,,,,,,,,,,,,,,,16,,,,,C03,,,1,,1,,,16,16,1,21,,C03,120.696141,24.16989,3
2022,5,8,11,11,臺中市,神岡區,0,3,0,8,1,5,50,15,9,1,5,4,5,7,4,4,5,5,5,1,17,23,2,9,1,1,F03,7,9,8,20,2,16,,23,23,1,22,8,F03,120.672704,24.259209,2
2022,5,8,11,19,臺中市,清水區,0,0,0,8,1,5,50,14,9,1,5,4,5,7,1,1,1,2,5,1,12,7,3,10,1,1,B03,7,7,1,8,2,4,,7,7,1,5,8,B03,120.560225,24.277402,3
2022,5,8,11,25,臺中市,北屯區,0,0,0,,,,50,,,,,,,,,,,,,,,23,,,,,B03,,,1,,1,,,23,23,1,22,,B03,120.678403,24.187456,3
2022,5,8,11,42,臺中市,太平區,0,1,0,8,1,5,50,4,1,1,5,4,5,7,4,4,10,5,5,2,15,6,3,10,1,1,B03,7,9,1,8,2,6,,6,6,1,21,8,B03,120.724081,24.136401,2
2022,5,8,11,44,臺中市,東區,0,1,0,8,1,5,50,4,1,1,5,4,5,7,1,1,10,5,5,2,16,6,3,10,1,1,B03,7,6,1,8,2,5,,6,6,1,22,8,B03,120.708913,24.143859,2
2022,5,8,11,46,臺中市,清水區,0,1,0,8,1,5,30,4,1,1,5,4,5,7,4,4,10,5,5,2,15,6,2,8,1,1,C03,7,9,1,10,9,12,,6,6,2,21,8,C03,120.565882,24.264861,2
2022,5,8,11,50,臺中市,南屯區,0,1,0,8,1,5,50,14,7,1,5,4,5,7,4,4,1,4,4,2,16,23,2,9,1,4,C03,7,9,1,10,2,11,,23,23,1,22,8,C03,120.65138,24.151756,2
2022,5,8,11,57,臺中市,北屯區,0,0,0,8,,,50,,,,,,,,,,,,,,,23,,,,,B03,,,1,,2,,,23,23,1,21,,B03,120.662996,24.191875,3
2022,5,8,12,0,臺中市,西區,0,0,0,8,1,5,50,14,7,1,5,4,5,7,4,4,3,4,4,2,12,7,,,,,B03,,,1,,1,,,7,7,1,22,,B03,120.665031,24.139924,3
2022,5,8,12,2,臺中市,后里區,0,0,0,8,,,50,,,,,,,,,,,,,,,12,,,,,B12,,,1,,2,,,12,12,1,4,,B12,120.713492,24.306198,3
2022,5,8,12,3,臺中市,西屯區,0,0,0,8,,,50,,,,,,,,,,,,,,,18,,,,,B03,,,1,,2,,,18,18,1,22,,B03,120.607674,24.187214,3
2022,5,8,12,4,臺中市,潭子區,0,0,0,8,1,5,50,3,1,1,5,4,5,7,4,4,5,5,4,2,17,23,,,,,B12,,,1,,2,,,23,23,1,22,,B12,120.70651,24.204904,3
2022,5,8,12,9,臺中市,西區,0,0,0,8,,,50,,,,,,,,,,,,,,,16,,,,,B03,,,1,,1,,,16,16,1,21,,B03,120.657262,24.140026,3
2022,5,8,12,15,臺中市,北屯區,0,0,0,8,,,50,,,,,,,,,,,,,,,19,,,,,B03,,,1,,1,,,19,19,1,22,,B03,120.669498,24.177306,3
2022,5,8,12,18,臺中市,北屯區,0,2,0,8,1,5,50,4,2,1,5,4,5,7,1,1,9,4,4,2,12,1,3,10,1,1,B12,7,9,1,8,2,2,,1,1,1,21,8,B12,120.692916,24.168,2
2022,5,8,12,22,臺中市,潭子區,0,0,0,8,1,5,50,14,8,1,5,4,5,7,4,4,5,5,4,2,14,12,,,,,B03,,,1,,1,,,12,12,1,22,,B03,120.703032,24.207122,3
2022,5,8,12,40,臺中市,南屯區,0,0,0,8,,,,,,,,,,,,,,,,,,60,,,,,C03,,,1,,2,,,44,60,1,22,,C03,120.610297,24.134469,4
2022,5,8,12,43,臺中市,西屯區,0,0,0,8,,,50,,,,,,,,,,,,,,,23,,,,,B03,,,1,,1,,,23,23,1,21,,B03,120.654485,24.196535,3
2022,5,8,12,55,臺中市,太平區,0,0,0,8,,,30,,,,,,,,,,,,,,,19,,,,,B03,,,1,,2,,,8,44,1,22,,B03,120.713669,24.142666,3
2022,5,8,12,58,臺中市,西區,0,0,0,8,,,50,,,,,,,,,,,,,,,23,,,,,B03,,,1,,9,,,23,23,2,21,,B03,120.661952,24.158979,3
2022,5,8,12,59,臺中市,北屯區,0,0,0,8,,,50,,,,,,,,,,,,,,,23,,,,,B03,,,1,,2,,,23,23,1,21,,B03,120.669407,24.182824,3
2022,5,8,13,0,臺中市,北屯區,0,0,0,8,,,50,,,,,,,,,,,,,,,23,,,,,B03,,,1,,1,,,23,23,1,21,,B03,120.708089,24.164487,3
2022,5,8,13,7,臺中市,東區,0,0,0,8,,,50,,,,,,,,,,,,,,,23,,,,,B12,,,1,8,2,,,23,23,1,21,,B12,120.696795,24.145012,3
2022,5,8,13,17,臺中市,北屯區,0,1,0,8,1,5,50,14,7,1,5,4,5,7,4,4,9,4,4,2,16,23,2,9,1,1,C03,7,4,1,10,2,11,,23,23,1,22,8,C03,120.684794,24.186765,2
2022,5,8,13,20,臺中市,沙鹿區,0,2,0,8,1,5,50,4,1,1,5,4,5,7,4,4,10,5,5,2,15,6,3,10,1,1,B03,7,9,1,8,2,8,,6,6,1,4,8,B03,120.578633,24.214828,2
2022,5,8,13,21,臺中市,北區,0,0,0,8,,,50,,,,,,,,,,,,,,,19,,,,,C03,,,1,,1,,,19,19,1,22,,C03,120.671172,24.171799,3
2022,5,8,13,33,臺中市,豐原區,0,0,0,,,,50,,,,,,,,,,,,,,,25,,,,,B03,,,1,,2,,,25,25,1,22,,B03,120.756425,24.275252,3
2022,5,8,13,45,臺中市,清水區,0,2,0,7,1,5,70,14,8,1,5,4,5,7,4,4,1,4,4,1,12,7,3,10,1,1,B12,7,8,1,10,2,5,,7,7,1,22,8,B12,120.570259,24.274621,2
2022,5,8,13,50,臺中市,北屯區,0,0,0,8,,,50,,,,,,,,,,,,,,,17,,,,,B03,,,1,,1,,,17,17,1,22,,B03,120.702323,24.16985,3
2022,5,8,13,57,臺中市,西屯區,0,2,0,8,1,5,50,14,7,1,5,4,5,7,4,4,5,4,4,2,16,6,3,10,1,1,B03,7,6,1,8,2,2,,6,6,1,4,8,B03,120.644515,24.162988,2
2022,5,8,14,12,臺中市,神岡區,0,1,0,8,1,5,50,4,1,1,5,4,5,7,1,1,10,5,5,2,16,25,2,9,1,1,F03,7,9,8,20,2,16,,25,25,1,22,9,F03,120.676318,24.264023,2
2022,5,8,14,21,臺中市,西屯區,0,1,0,8,1,5,50,14,7,1,5,4,5,7,4,4,1,4,4,2,13,23,2,9,3,4,C03,7,9,1,10,2,11,,23,23,1,22,8,C03,120.651088,24.208473,2
2022,5,8,14,23,臺中市,豐原區,0,1,0,8,1,5,50,4,1,1,5,4,5,7,4,4,10,5,5,2,15,6,2,8,1,1,C03,7,9,1,10,2,11,,6,6,1,22,8,C03,120.717765,24.263356,2
2022,5,8,14,42,臺中市,北屯區,0,0,0,8,,,50,,,,,,,,,,,,,,,23,,,,,B12,,,1,,1,,,23,23,1,21,,B12,120.660583,24.193408,3
2022,5,8,15,0,臺中市,梧棲區,0,0,0,8,,,30,,,,,,,,,,,,,,,23,,,,,C03,,,4,,1,,,23,23,1,9,,C03,120.542135,24.247633,3
2022,5,8,15,11,臺中市,西區,0,2,0,8,1,5,50,5,1,1,5,4,5,7,1,1,10,5,5,2,17,26,3,10,1,1,B03,7,6,1,8,2,6,,26,26,1,5,7,B03,120.669801,24.150724,2
2022,5,8,15,18,臺中市,豐原區,0,0,0,8,,,60,,,,,,,,,,,,,,,17,,,,,B03,,,1,,2,,,17,17,1,21,,B03,120.721762,24.264167,3
2022,5,8,15,26,臺中市,大雅區,0,1,0,8,1,5,30,4,1,1,5,4,5,7,3,1,10,5,5,2,17,6,2,9,1,1,C03,7,9,1,10,2,13,,6,6,1,22,9,C03,120.656448,24.248337,2
2022,5,8,15,40,臺中市,東勢區,0,0,0,8,,,50,,,,,,,,,,,,,,,1,,,,,C02,,,1,,2,,,1,1,1,22,,C02,120.83973,24.20395,3
2022,5,8,15,45,臺中市,西屯區,0,1,0,8,1,5,30,14,9,1,5,4,5,7,4,4,10,5,5,2,12,23,2,1,3,4,F01,7,9,8,20,7,16,,23,23,1,22,8,F01,120.660215,24.198376,2
2022,5,8,15,46,臺中市,南區,0,1,0,8,1,5,50,3,1,1,5,4,5,7,4,4,3,4,5,2,16,6,3,10,1,1,B03,7,6,1,8,2,5,,6,6,1,22,8,B03,120.656034,24.114709,2
2022,5,8,15,50,臺中市,龍井區,0,1,0,7,1,5,30,3,1,1,5,4,5,7,4,4,10,5,5,2,16,6,2,8,1,1,C03,7,5,1,10,2,14,,6,6,1,20,1,C03,120.547626,24.213942,2
2022,5,8,15,53,臺中市,西屯區,0,1,0,8,2,5,50,11,9,1,5,4,5,7,4,4,1,4,5,2,12,43,2,9,1,1,C03,7,15,1,10,2,12,,43,43,1,22,8,C03,120.646815,24.158442,2
2022,5,8,15,53,臺中市,西屯區,0,1,0,8,1,5,50,4,1,1,5,4,5,7,1,1,10,5,5,2,17,10,3,10,1,1,B03,7,11,1,8,2,1,,10,10,1,22,8,B03,120.655759,24.165541,2
2022,5,8,15,58,臺中市,北屯區,0,0,0,8,,,50,,,,,,,,,,,,,,,25,,,,,B03,,,1,,2,,,25,25,1,22,,B03,120.721578,24.182013,3
2022,5,8,15,59,臺中市,南屯區,0,0,0,,,,50,,,,,,,,,,,,,,,12,,,,,B03,,,1,,2,,,12,12,1,22,,B03,120.611497,24.138788,3
2022,5,8,16,10,臺中市,大甲區,0,2,0,8,1,5,50,11,13,1,5,4,5,7,4,4,5,5,4,2,12,14,2,9,1,1,C03,7,5,1,10,2,12,,14,14,1,4,8,C03,120.615661,24.35216,2
2022,5,8,16,12,臺中市,豐原區,0,0,0,8,,,50,,,,,,,,,,,,,,,23,,,,,B03,,,1,,2,,,23,23,1,22,,B03,120.744541,24.264816,3
2022,5,8,16,15,臺中市,西屯區,0,0,0,8,,,50,,,,,,,,,,,,,,,6,,,,,B03,,,1,,1,,,6,6,1,12,,B03,120.648868,24.17333,4
2022,5,8,16,24,臺中市,西區,0,1,0,8,1,5,50,4,1,1,5,4,5,7,4,4,10,5,5,2,18,42,2,9,1,1,C03,7,9,1,10,1,12,,42,42,1,5,5,C03,120.667898,24.142827,2
2022,5,8,16,28,臺中市,豐原區,0,1,0,8,1,5,30,11,9,2,5,4,5,7,4,4,10,5,5,2,25,23,2,9,3,4,C03,7,5,1,10,2,15,,23,23,1,22,8,C03,120.726355,24.250436,2
2022,5,8,16,34,臺中市,太平區,0,1,0,8,1,5,50,14,9,1,5,4,5,7,4,4,5,5,5,1,13,23,2,9,1,1,C03,7,9,3,18,2,11,,23,23,1,22,8,C03,120.7025,24.11108,2
2022,5,8,16,38,臺中市,西屯區,0,0,0,8,,,50,,,,,,,,,,,,,,,23,,,,,B03,,,1,,1,,,23,23,1,22,,B03,120.624522,24.178847,3
2022,5,8,16,41,臺中市,西屯區,0,0,0,8,,,50,,,,,,,,,,,,,,,23,,,,,B02,,,6,,1,,,23,23,1,22,,B02,120.633343,24.161363,3
2022,5,8,16,42,臺中市,潭子區,0,0,0,8,,,60,,,,,,,,,,,,,,,23,,,,,B03,,,1,,2,,,23,23,1,22,,B03,120.702474,24.196912,3
2022,5,8,16,49,臺中市,南區,0,1,0,8,1,5,50,4,1,1,5,4,5,7,1,1,10,5,5,2,18,23,2,9,1,1,C03,7,9,1,10,2,14,,23,23,1,5,8,C03,120.666724,24.119247,2
2022,5,8,16,50,臺中市,南屯區,0,0,0,8,,,50,,,,,,,,,,,,,,,12,,,,,B03,,,1,,9,,,12,12,2,22,,B03,120.65144,24.135981,3
2022,5,8,17,21,臺中市,西屯區,0,1,0,8,1,5,50,3,2,1,5,4,5,7,1,1,5,5,5,2,13,23,2,1,3,4,C04,7,9,3,18,3,14,,23,23,1,22,8,C04,120.663583,24.173326,2
2022,5,8,17,21,臺中市,烏日區,0,0,0,8,,,60,,,,,,,,,,,,,,,26,,,,,B03,,,1,,2,,,26,26,1,5,,B03,120.641569,24.108809,3
2022,5,8,17,23,臺中市,烏日區,0,1,0,8,1,5,60,15,8,1,5,4,4,7,4,4,1,4,4,1,9,36,3,10,1,1,A02,7,1,1,2,11,15,,36,36,1,21,8,A02,120.601497,24.110626,2
2022,5,8,17,25,臺中市,清水區,0,0,0,8,,,30,,,,,,,,,,,,,,,23,,,,,B02,,,1,,1,,,23,23,1,22,,B02,120.553301,24.299613,3
2022,5,8,17,26,臺中市,西屯區,0,0,0,8,,,50,,,,,,,,,,,,,,,42,,,,,B02,,,1,,1,,,42,42,1,22,,B02,120.651914,24.176124,3
2022,5,8,17,27,臺中市,東區,0,0,0,,,,50,,,,,,,,,,,,,,,12,,,,,B03,,,1,,2,,,12,12,1,22,,B03,120.696638,24.132836,3
2022,5,8,17,29,臺中市,南屯區,0,0,0,,,,50,,,,,,,,,,,,,,,23,,,,,B12,,,1,,1,,,23,23,1,22,,B12,120.60978,24.13858,3
2022,5,8,17,29,臺中市,北屯區,0,0,0,8,,,50,,,,,,,,,,,,,,,42,,,,,B03,,,1,,1,,,42,42,1,22,,B03,120.712983,24.18242,3
2022,5,8,17,32,臺中市,西屯區,0,0,0,8,,,60,,,,,,,,,,,,,,,16,,,,,B03,,,1,,1,,,16,16,1,22,,B03,120.640822,24.167962,3
2022,5,8,17,35,臺中市,南區,0,2,0,8,1,5,25,4,1,1,5,4,5,7,1,1,10,5,5,2,12,42,2,7,1,1,F02,7,9,8,20,11,16,,42,42,1,22,8,F02,120.68295,24.134424,2
2022,5,8,17,36,臺中市,北區,0,1,0,8,1,5,50,4,1,1,5,4,5,7,1,1,10,5,5,2,17,25,3,10,1,1,C03,7,6,3,18,2,12,,25,25,1,22,9,C03,120.67317,24.166594,2
2022,5,8,17,42,臺中市,太平區,0,1,0,8,2,5,40,14,9,1,5,4,5,7,4,4,5,5,5,1,18,13,2,9,1,1,C03,7,9,1,10,2,12,,13,13,1,3,8,C03,120.779796,24.108229,2
2022,5,8,18,7,臺中市,清水區,0,0,0,8,,,60,,,,,,,,,,,,,,,23,,,,,B03,,,1,,1,,,23,23,1,5,,B03,120.5491,24.281392,3
2022,5,8,18,33,臺中市,南區,0,0,0,8,,,50,,,,,,,,,,,,,,,12,,,,,B03,,,1,,2,,,12,12,1,5,,B03,120.673696,24.126296,3
2022,5,8,18,33,臺中市,南屯區,0,0,0,,,,50,,,,,,,,,,,,,,,10,,,,,B03,,,1,,2,,,10,10,1,22,,B03,120.609933,24.137966,3
2022,5,8,18,33,臺中市,北屯區,0,1,0,8,3,5,50,14,9,1,5,4,5,7,4,4,9,5,5,2,17,23,2,9,1,1,C03,7,9,1,10,2,11,,23,23,1,22,8,C03,120.73144,24.173125,2
2022,5,8,18,55,臺中市,南區,0,3,0,7,3,5,50,5,1,1,5,4,5,7,1,1,10,5,5,2,16,6,2,9,1,1,C03,7,15,1,10,2,12,,6,6,1,22,8,C03,120.661476,24.121735,2
2022,5,8,18,55,臺中市,東區,0,1,0,8,3,5,50,4,1,1,5,4,5,7,2,1,10,5,5,2,16,26,3,10,3,4,C03,7,5,1,10,2,15,,26,26,1,5,8,C03,120.683866,24.134923,2
2022,5,8,18,55,臺中市,太平區,0,1,0,8,3,5,50,14,9,1,5,4,5,7,4,4,9,4,5,1,17,22,2,1,1,1,C03,7,9,1,10,2,11,,22,22,1,4,8,C03,120.722087,24.155659,2
2022,5,8,18,57,臺中市,南屯區,0,1,0,8,3,5,50,4,1,1,5,4,5,7,3,1,5,5,5,2,15,6,3,10,1,1,B03,7,9,1,8,2,8,,6,6,1,22,8,B03,120.611961,24.145825,2
2022,5,8,19,15,臺中市,梧棲區,0,1,0,8,3,5,50,14,9,1,5,4,5,7,4,4,5,4,5,1,17,43,,,,,,,,,,,,,43,43,2,,,,120.527478,24.243021,2
2022,5,8,19,20,臺中市,南區,0,0,0,8,3,5,50,4,1,1,5,4,5,7,1,1,10,5,5,2,16,23,3,10,1,1,B03,7,6,1,8,2,2,,23,23,1,22,8,B03,120.666256,24.12295,3
2022,5,8,19,29,臺中市,龍井區,0,0,0,8,,,30,,,,,,,,,,,,,,,23,,,,,B03,,,1,,2,,,23,23,1,22,,B03,120.59604,24.189263,3
2022,5,8,19,41,臺中市,北區,0,0,0,,,,40,,,,,,,,,,,,,,,12,,,,,B03,,,1,,2,,,12,12,1,5,,B03,120.671711,24.170059,3
2022,5,8,19,55,臺中市,西屯區,0,1,0,8,1,5,50,8,9,1,5,4,5,7,4,4,1,4,5,2,18,42,2,9,3,4,C03,7,9,1,10,2,12,,42,42,1,22,8,C03,120.631471,24.170578,2
2022,5,8,20,0,臺中市,北屯區,0,0,0,8,,,50,,,,,,,,,,,,,,,18,,,,,B03,,,1,,1,,,18,18,1,22,,B03,120.710518,24.17719,3
2022,5,8,20,5,臺中市,外埔區,0,2,0,8,3,5,30,3,1,1,5,4,5,7,4,4,10,5,5,2,16,6,2,9,1,1,C03,7,9,1,10,2,14,,6,6,1,22,8,C03,120.635027,24.34411,2
2022,5,8,20,23,臺中市,太平區,0,0,0,8,,,50,,,,,,,,,,,,,,,9,,,,,B03,,,1,,2,,,9,9,1,22,,B03,120.709555,24.135283,3
2022,5,8,20,28,臺中市,北屯區,0,1,0,8,3,5,50,14,9,1,5,4,5,7,4,4,9,5,5,2,16,23,2,9,1,1,C03,7,9,1,10,2,11,,23,23,1,22,8,C03,120.729673,24.170385,2
2022,5,8,20,30,臺中市,清水區,0,0,0,8,,,70,,,,,,,,,,,,,,,7,,,,,B03,,,1,,2,,,7,7,1,22,,B03,120.595138,24.300632,3
2022,5,8,20,33,臺中市,豐原區,0,0,0,8,,,30,,,,,,,,,,,,,,,17,,,,,B03,,,1,,2,,,17,17,1,4,,B03,120.746147,24.264699,3
2022,5,8,20,41,臺中市,西屯區,0,2,0,8,1,5,40,14,8,1,5,4,5,7,4,4,9,4,4,2,13,23,2,9,1,1,C03,7,9,1,10,2,12,,23,23,1,22,8,C03,120.616004,24.188993,2
2022,5,8,20,49,臺中市,龍井區,0,1,0,8,3,5,50,4,1,1,5,4,5,7,2,1,10,5,5,2,12,23,2,7,1,1,C03,7,4,1,10,2,14,,23,23,1,22,8,C03,120.585631,24.185958,2
2022,5,8,20,51,臺中市,西屯區,0,3,0,8,3,5,50,14,9,1,5,4,5,7,4,4,5,5,5,2,13,23,2,9,1,1,C03,7,5,1,10,2,11,,23,23,1,22,8,C03,120.661216,24.172561,2
2022,5,8,21,11,臺中市,中區,0,1,0,8,1,5,50,4,1,1,5,4,5,7,2,1,10,5,5,2,2,15,3,10,1,1,B03,7,5,1,8,2,8,,15,15,1,5,5,B03,120.681454,24.139382,2
2022,5,8,21,17,臺中市,西屯區,0,1,0,8,3,5,50,3,9,1,5,4,5,7,4,4,1,4,5,2,12,19,3,10,3,4,B03,7,1,1,8,2,4,,19,19,1,22,8,B03,120.619983,24.184115,2
2022,5,8,21,30,臺中市,西屯區,0,0,0,,,,50,,,,,,,,,,,,,,,25,,,,,B01,,,1,,2,,,25,25,1,22,,B01,120.657563,24.167685,3
2022,5,8,21,44,臺中市,大甲區,0,2,0,8,3,5,40,5,1,1,5,4,5,7,4,4,10,5,5,2,15,6,2,1,1,1,B03,7,9,1,8,2,5,,6,6,1,4,8,B03,120.62513,24.413483,2
2022,5,8,23,30,臺中市,西區,0,0,0,8,,,50,,,,,,,,,,,,,,,23,,,,,B03,,,1,,1,,,23,23,1,4,,B03,120.671269,24.145496,3
2022,5,8,23,38,臺中市,西區,0,1,0,8,3,5,50,4,1,1,5,4,5,7,3,1,10,5,5,2,15,6,3,10,1,1,B03,7,9,1,8,1,7,,6,6,1,9,9,B03,120.67298,24.150039,2
2022,5,9,0,3,臺中市,北區,0,0,0,8,,,40,,,,,,,,,,,,,,,23,,,,,B03,,,7,,11,,,23,23,1,22,,B03,120.672717,24.169952,3