年,月,日,時,分,縣市,區,死,受傷,2-30,天候,光線,道路類別,速限,道路型態,事故位置,路面鋪裝,路面狀態,路面缺陷,障礙物,視距,號誌種類,號誌動作,分向設施,快車道或一般車道間,快慢車道間,路面邊線,事故類型及型態,主要肇因,受傷程度,主要傷處,保護裝備,行動電話,當事者區分,車輛用途,當事者行動狀態,駕駛資格情形,駕駛執照種類,飲酒情形,車輛撞擊部位最初,車輛撞擊部位其他,肇事因素個別,肇事因素主要,肇事逃逸,職業,旅次目的,車種,GPS緯度,GPS經度,事故類別
2022,5,9,6,37,臺中市,西屯區,0,1,0,8,1,5,50,3,1,1,5,4,5,7,1,1,1,4,4,2,16,42,2,9,3,4,C03,7,9,6,10,2,11,,42,42,1,22,8,C03,120.661113,24.171941,2
2022,5,9,7,0,臺中市,神岡區,0,0,0,8,,,30,,,,,,,,,,,,,,,5,,,,,C03,,,1,,1,,,5,5,1,21,,C03,120.69844,24.250253,3
2022,5,9,7,15,臺中市,東區,0,1,0,8,1,5,50,4,1,1,5,4,5,7,3,1,10,5,5,2,17,8,3,10,1,1,B03,7,5,1,8,2,8,,8,8,1,5,8,B03,120.699079,24.142117,2
2022,5,9,7,15,臺中市,西屯區,0,0,0,8,,,50,,,,,,,,,,,,,,,12,,,,,G03,,,1,,2,,,12,12,1,1,,G03,120.649555,24.17172,3
2022,5,9,7,22,臺中市,豐原區,0,1,0,8,1,5,50,4,1,1,5,4,5,7,1,1,10,5,5,2,17,43,3,10,1,1,B03,7,6,1,8,2,6,,43,43,1,22,8,B03,120.737155,24.25577,2
2022,5,9,7,25,臺中市,后里區,0,0,0,,,,60,,,,,,,,,,,,,,,16,,,,,C03,,,1,,2,,,16,16,1,22,,C03,120.721818,24.305843,3
2022,5,9,7,30,臺中市,大肚區,0,2,0,8,1,5,30,4,1,1,5,4,5,7,1,1,10,5,5,2,17,8,2,9,1,4,C03,7,5,1,10,2,13,,8,8,1,22,8,C03,120.574108,24.164398,2
2022,5,9,7,31,臺中市,西屯區,0,0,0,8,,,50,,,,,,,,,,,,,,,6,,,,,B03,,,1,,2,,,6,6,1,22,,B03,120.626068,24.1835,3
2022,5,9,7,33,臺中市,后里區,0,0,0,8,,,50,,,,,,,,,,,,,,,44,,,,,B03,,,1,,2,,,44,44,1,22,,B03,120.696451,24.313227,3
2022,5,9,7,34,臺中市,太平區,0,1,0,8,1,5,50,14,9,1,5,4,5,7,2,1,9,4,5,1,13,16,2,8,1,1,C03,7,15,1,10,2,14,,16,16,1,22,8,C03,120.722655,24.113036,2
2022,5,9,7,35,臺中市,西屯區,0,1,0,8,1,5,50,4,1,1,5,4,5,7,1,1,10,5,5,2,17,44,3,10,1,1,C03,7,9,1,10,2,12,,44,44,1,21,8,C03,120.608786,24.169873,2
2022,5,9,7,35,臺中市,西屯區,0,1,0,8,1,5,50,3,1,1,5,4,5,7,4,4,1,4,5,2,16,6,3,10,1,1,B03,7,6,3,18,2,5,,6,6,1,22,8,B03,120.626501,24.177673,2
2022,5,9,7,37,臺中市,西屯區,0,0,0,8,,,50,,,,,,,,,,,,,,,16,,,,,B03,,,1,,1,,,16,16,1,22,,B03,120.638348,24.154763,3
2022,5,9,7,41,臺中市,西屯區,0,0,0,,,,50,,,,,,,,,,,,,,,17,,,,,C03,,,1,,1,,,17,17,1,22,,C03,120.65263,24.166801,3
2022,5,9,7,43,臺中市,西屯區,0,0,0,8,,,50,,,,,,,,,,,,,,,16,,,,,C03,,,1,,1,,,16,16,1,1,,C03,120.635349,24.169426,3
2022,5,9,7,45,臺中市,烏日區,0,0,0,8,,,70,,,,,,,,,,,,,,,23,,,,,C03,,,1,,2,,,23,23,1,22,,C03,120.600173,24.110573,3
2022,5,9,7,47,臺中市,北屯區,0,0,0,8,,,50,,,,,,,,,,,,,,,12,,,,,B03,,,1,,2,,,12,12,1,21,,B03,120.694425,24.165912,3
2022,5,9,7,47,臺中市,西屯區,0,2,0,8,1,5,50,4,1,1,5,4,5,7,1,1,1,4,5,2,16,43,2,7,1,1,C03,7,9,1,10,2,11,,43,43,1,22,8,C03,120.617608,24.185547,2
2022,5,9,7,49,臺中市,大甲區,0,1,0,8,1,5,50,4,1,1,5,4,5,7,4,4,10,5,5,2,17,8,3,10,1,1,B03,7,5,1,3,2,8,,8,8,1,4,8,B03,120.618582,24.345986,2
2022,5,9,7,53,臺中市,北屯區,0,1,0,8,1,5,50,14,20,1,5,4,5,7,4,4,5,4,5,2,20,21,2,9,1,1,B03,7,9,1,8,8,5,,21,21,1,21,8,B03,120.774301,24.198057,2
2022,5,9,7,55,臺中市,后里區,0,1,0,8,1,5,30,5,1,1,5,4,5,7,1,1,4,3,5,2,16,6,2,9,1,1,C03,7,5,1,10,2,12,,6,6,1,22,8,C03,120.649698,24.314477,2
2022,5,9,7,56,臺中市,太平區,0,1,0,8,1,5,40,14,7,1,5,4,5,7,4,4,5,4,4,1,16,19,3,10,1,1,B03,7,1,1,8,2,8,,19,19,1,22,8,B03,120.728845,24.098371,2
2022,5,9,7,58,臺中市,西屯區,0,1,0,8,1,5,50,4,8,1,5,4,5,7,1,1,5,5,4,2,18,42,2,9,1,1,C03,7,9,1,9,2,14,,42,42,1,22,8,C03,120.59527,24.170018,2
2022,5,9,8,2,臺中市,梧棲區,0,0,0,8,,,30,,,,,,,,,,,,,,,42,,,,,G03,,,8,,2,,,42,42,1,9,,G03,120.523208,24.230635,3
2022,5,9,8,3,臺中市,潭子區,0,0,0,8,,,30,,,,,,,,,,,,,,,23,,,,,B03,,,1,,2,,,23,23,1,22,,B03,120.70713,24.200344,3
2022,5,9,8,10,臺中市,南屯區,0,0,0,8,,,30,,,,,,,,,,,,,,,19,,,,,B03,,,1,,2,,,19,19,1,22,,B03,120.62799,24.153941,3
2022,5,9,8,11,臺中市,西屯區,0,0,0,8,,,50,,,,,,,,,,,,,,,25,,,,,B03,,,1,,1,,,25,25,1,21,,B03,120.628711,24.162713,3
2022,5,9,8,13,臺中市,西區,0,0,0,8,,,50,,,,,,,,,,,,,,,23,,,,,C03,,,1,,1,,,23,23,1,21,,C03,120.665225,24.15239,3
2022,5,9,8,15,臺中市,西區,0,1,0,8,1,5,50,4,1,1,5,4,5,7,1,1,10,5,5,2,16,6,3,10,1,1,B03,7,6,1,8,2,5,,6,6,1,22,9,B03,120.651322,24.147729,2
2022,5,9,8,18,臺中市,西區,0,2,0,8,1,5,50,4,1,1,5,4,5,7,4,4,10,5,5,2,15,6,2,9,1,1,C03,7,9,1,10,2,12,,23,6,1,21,8,C03,120.668192,24.149007,2
2022,5,9,8,19,臺中市,潭子區,0,1,0,8,1,5,60,4,2,1,5,4,5,7,1,1,1,2,5,2,13,16,2,9,1,1,C03,7,9,1,10,2,11,,16,16,1,22,9,C03,120.70515,24.215575,2
2022,5,9,8,22,臺中市,西屯區,0,0,0,8,,,50,,,,,,,,,,,,,,,23,,,,,B03,,,1,,1,,,23,23,1,22,,B03,120.589135,24.176635,3
2022,5,9,8,33,臺中市,南屯區,0,0,0,8,,,50,,,,,,,,,,,,,,,12,,,,,A42,,,1,,2,,,12,12,1,10,,A42,120.628786,24.127741,3
2022,5,9,8,38,臺中市,東勢區,0,2,0,8,1,5,50,3,1,1,5,4,5,7,1,1,10,5,5,2,17,6,3,10,1,1,B03,7,5,1,8,5,2,,6,6,1,22,8,B03,120.822713,24.261318,2
2022,5,9,8,46,臺中市,北區,0,1,0,8,1,5,50,14,9,1,5,4,5,7,4,4,4,4,5,2,11,10,3,10,1,1,B12,7,11,1,8,2,4,,10,10,1,5,5,B12,120.676324,24.167137,2
2022,5,9,8,47,臺中市,豐原區,0,0,0,8,,,50,,,,,,,,,,,,,,,23,,,,,B03,,,1,,2,,,23,23,1,22,,B03,120.708511,24.247969,3
2022,5,9,8,50,臺中市,北屯區,0,2,0,7,1,5,50,4,1,1,5,4,5,7,2,1,10,5,5,2,16,44,2,9,1,1,C03,7,9,1,10,2,11,,16,44,1,21,8,C03,120.685372,24.168235,2
2022,5,9,9,0,臺中市,西屯區,0,1,0,8,1,5,50,14,7,1,5,4,5,7,4,4,1,4,1,2,23,23,2,7,1,1,B03,7,9,1,8,2,1,,23,23,1,22,8,B03,120.600301,24.182221,2
2022,5,9,9,8,臺中市,龍井區,0,2,0,8,1,5,50,4,1,1,5,4,5,7,2,1,10,5,5,2,17,8,2,9,1,4,C03,7,5,1,10,2,14,,8,8,1,22,8,C03,120.584011,24.181921,2
2022,5,9,9,10,臺中市,豐原區,0,1,0,8,1,5,50,11,7,1,5,4,5,7,4,4,5,1,4,2,16,42,3,10,1,1,C03,7,11,1,10,2,13,,42,42,1,2,5,C03,120.725621,24.25475,2
2022,5,9,9,13,臺中市,沙鹿區,0,2,0,8,1,5,50,3,1,1,5,4,5,7,1,1,10,5,5,2,17,42,2,9,1,1,C03,7,9,1,10,2,11,,42,42,1,21,8,C03,120.580431,24.21598,2
2022,5,9,9,15,臺中市,豐原區,0,0,0,8,,,50,,,,,,,,,,,,,,,7,,,,,B03,,,1,,2,,,7,7,1,22,,B03,120.726846,24.238773,3
2022,5,9,9,17,臺中市,豐原區,0,0,0,8,,,30,,,,,,,,,,,,,,,12,,,,,B03,,,1,,2,,,12,12,1,22,,B03,120.709182,24.254566,3
2022,5,9,9,22,臺中市,大甲區,0,1,0,7,1,5,50,5,1,1,5,4,5,7,1,1,10,5,5,2,17,6,3,10,1,1,B03,7,5,1,8,2,8,,6,6,1,21,8,B03,120.639068,24.362648,2
2022,5,9,9,30,臺中市,龍井區,0,0,0,8,,,50,,,,,,,,,,,,,,,42,,,,,G06,,,8,,2,,,42,42,1,22,,G06,120.58404,24.181923,4
2022,5,9,9,39,臺中市,東區,0,0,0,,,,50,,,,,,,,,,,,,,,23,,,,,C03,,,1,,2,,,23,23,1,22,,C03,120.699845,24.143823,3
2022,5,9,9,43,臺中市,西屯區,0,1,0,8,1,5,35,11,8,1,5,4,5,7,4,4,10,5,5,1,18,42,2,9,1,1,C03,7,9,1,10,2,15,,42,42,1,1,9,C03,120.628553,24.175677,2
2022,5,9,9,50,臺中市,東區,0,1,0,8,1,5,50,15,9,1,5,4,5,7,4,4,3,5,5,2,17,19,3,10,1,1,C03,7,1,1,10,2,11,,19,19,1,22,7,C03,120.697415,24.132922,2
2022,5,9,9,53,臺中市,西區,0,0,0,8,,,60,,,,,,,,,,,,,,,26,,,,,B03,,,1,,2,,,26,26,1,21,,B03,120.666907,24.153208,3
2022,5,9,9,56,臺中市,北區,0,1,0,8,1,5,50,4,1,1,5,4,5,7,4,4,10,5,5,2,12,6,3,10,1,1,C03,7,6,1,10,2,12,,6,6,1,5,5,C03,120.677576,24.168731,2
2022,5,9,9,58,臺中市,西屯區,0,0,0,8,,,40,,,,,,,,,,,,,,,6,,,,,B03,,,1,,1,,,6,6,1,22,,B03,120.614224,24.18385,3
2022,5,9,10,0,臺中市,霧峰區,0,1,0,8,1,5,30,3,9,1,5,4,5,7,4,4,10,5,5,1,11,17,2,9,1,1,C03,7,9,1,10,2,14,,17,17,1,22,8,C03,120.682948,24.052356,2
2022,5,9,10,1,臺中市,北區,0,0,0,,,,40,,,,,,,,,,,,,,,18,,,,,B11,,,1,,1,,,18,18,1,21,,B11,120.676242,24.150609,3
2022,5,9,10,2,臺中市,西區,0,0,0,8,1,5,50,14,9,1,5,4,5,7,1,1,5,2,5,2,12,17,,,,,C03,,,1,,1,,,17,17,1,19,,C03,120.658877,24.150976,3
2022,5,9,10,16,臺中市,西區,0,0,0,8,,,50,,,,,,,,,,,,,,,6,,,,,B03,,,1,,2,,,6,6,1,21,,B03,120.653538,24.15071,3
2022,5,9,10,17,臺中市,西屯區,0,1,0,8,1,5,50,14,9,1,5,4,5,7,4,4,1,4,5,2,13,7,3,10,1,1,B03,7,8,3,18,2,5,,7,7,1,22,8,B03,120.656946,24.197684,2
2022,5,9,10,18,臺中市,北屯區,0,3,0,8,1,5,50,5,4,1,5,4,5,7,2,1,1,2,5,2,13,23,2,9,1,1,A11,7,9,1,1,2,1,,23,23,1,21,8,A11,120.674365,24.174098,2
2022,5,9,10,19,臺中市,西屯區,0,0,0,8,,,50,,,,,,,,,,,,,,,12,,,,,B12,,,1,,1,,,12,12,1,21,,B12,120.630971,24.157854,3
2022,5,9,10,24,臺中市,沙鹿區,0,0,0,8,,,40,,,,,,,,,,,,,,,43,,,,,B03,,,1,,2,,,43,43,1,21,,B03,120.560836,24.241137,3
2022,5,9,10,35,臺中市,豐原區,0,0,0,8,,,50,,,,,,,,,,,,,,,12,,,,,B03,,,1,,2,,,12,12,1,22,,B03,120.733763,24.253191,3
2022,5,9,10,45,臺中市,中區,0,1,0,8,1,5,50,4,1,1,5,4,5,7,1,1,10,5,5,2,18,42,2,8,3,4,C03,7,9,1,10,2,15,,42,42,1,21,8,C03,120.684428,24.142309,2
2022,5,9,10,45,臺中市,西屯區,0,0,0,8,,,50,,,,,,,,,,,,,,,23,,,,,B03,,,1,,1,,,23,23,1,22,,B03,120.604707,24.187411,3
2022,5,9,10,49,臺中市,西屯區,0,1,0,8,1,5,50,4,1,1,5,4,5,7,4,4,10,5,5,2,15,6,2,7,1,1,C03,7,9,1,10,2,12,,6,6,1,22,8,C03,120.6419,24.16096,2
2022,5,9,10,52,臺中市,后里區,0,2,0,7,1,5,60,3,1,1,5,4,5,7,1,1,3,3,4,1,16,42,2,7,1,1,C03,7,5,1,10,2,13,,42,42,1,22,8,C03,120.722723,24.284129,2
2022,5,9,10,55,臺中市,潭子區,0,1,0,8,1,5,60,4,2,1,5,4,5,7,4,4,1,4,4,1,13,23,2,8,1,1,C03,7,9,6,10,2,12,,23,23,1,22,9,C03,120.702612,24.190624,2
2022,5,9,11,0,臺中市,北屯區,0,0,0,8,,,50,,,,,,,,,,,,,,,16,,,,,B12,,,1,,2,,,16,16,1,22,,B12,120.68762,24.171631,3
2022,5,9,11,1,臺中市,沙鹿區,0,1,0,8,1,5,50,4,1,1,5,4,5,7,2,1,1,4,4,2,3,15,3,10,1,1,B03,7,5,1,8,2,1,,15,15,1,4,8,B03,120.558825,24.234814,2
2022,5,9,11,7,臺中市,西區,0,0,0,,,,40,,,,,,,,,,,,,,,42,,,,,C03,,,1,,1,,,42,42,1,5,,C03,120.670347,24.143237,3
2022,5,9,11,19,臺中市,豐原區,0,2,0,8,1,5,50,3,2,1,5,4,5,7,4,4,5,5,4,2,17,10,2,9,1,1,C03,7,9,1,10,2,11,,23,10,1,22,8,C03,120.708172,24.246157,2
2022,5,9,11,20,臺中市,西屯區,0,0,0,8,,,40,,,,,,,,,,,,,,,23,,,,,C03,,,1,,1,,,23,23,1,22,,C03,120.609613,24.184594,3
2022,5,9,11,26,臺中市,西區,0,1,0,8,1,5,50,3,2,1,5,4,5,7,4,4,5,4,5,2,13,16,2,8,1,1,C03,7,9,2,18,2,11,,16,16,1,21,8,C03,120.677694,24.139711,2
2022,5,9,11,29,臺中市,西屯區,0,1,0,8,1,5,87,3,1,1,5,4,5,7,4,4,10,5,5,1,17,6,3,10,1,1,B03,7,5,1,8,1,1,,6,6,1,1,9,B03,120.616973,24.190463,2
2022,5,9,11,30,臺中市,北區,0,2,0,8,1,5,50,4,1,1,5,4,5,7,4,4,10,5,5,2,15,6,2,9,1,1,C03,7,9,1,10,2,11,,6,6,1,22,8,C03,120.677704,24.158258,2
2022,5,9,11,33,臺中市,東區,0,0,0,8,1,5,50,5,1,1,5,4,5,7,1,1,10,5,5,2,13,16,3,10,1,1,C03,7,9,1,10,2,11,,16,16,1,5,8,C03,120.705568,24.130358,3
2022,5,9,11,34,臺中市,西屯區,0,1,0,8,1,5,50,14,9,1,5,4,5,7,4,4,5,5,5,2,17,43,3,10,1,1,C03,7,9,1,10,2,15,,43,43,1,22,8,C03,120.644961,24.173046,2
2022,5,9,11,40,臺中市,西區,0,0,0,8,1,5,50,14,9,1,5,4,5,7,4,4,5,4,5,2,13,23,,,,,B03,,,1,,1,,,23,23,1,4,,B03,120.662207,24.146951,3
2022,5,9,11,45,臺中市,北屯區,0,2,0,7,1,5,50,3,2,1,5,4,5,7,4,4,10,5,5,2,16,6,2,9,1,1,C03,7,5,1,10,2,12,,6,6,1,21,8,C03,120.69947,24.163271,2
2022,5,9,11,48,臺中市,中區,0,2,0,8,1,5,50,4,1,1,5,4,5,7,2,1,10,5,5,2,16,6,2,9,1,1,C03,7,5,1,10,2,13,,6,6,1,21,8,C03,120.680272,24.143142,2
2022,5,9,11,55,臺中市,南屯區,0,0,0,8,,,50,,,,,,,,,,,,,,,23,,,,,B11,,,1,,2,,,23,23,1,22,,B11,120.640603,24.153694,3
2022,5,9,11,56,臺中市,東區,0,2,0,7,1,5,50,4,1,1,5,4,5,7,2,1,10,5,5,2,12,42,2,9,1,1,C03,7,9,4,8,2,13,,42,42,1,21,8,C03,120.687712,24.138828,2
2022,5,9,12,2,臺中市,西區,0,1,0,8,1,5,50,4,1,1,5,4,5,7,4,4,10,5,5,2,9,42,2,9,3,4,C03,7,6,1,10,2,12,,42,42,1,21,8,C03,120.65795,24.152532,2
2022,5,9,12,12,臺中市,西屯區,0,0,0,8,,,50,,,,,,,,,,,,,,,23,,,,,B12,,,1,,1,,,23,23,1,21,,B12,120.621419,24.185523,3
2022,5,9,12,15,臺中市,南屯區,0,0,0,8,,,50,,,,,,,,,,,,,,,12,,,,,B03,,,1,,1,,,12,12,1,22,,B03,120.649793,24.148261,3
2022,5,9,12,15,臺中市,太平區,0,0,0,8,,,80,,,,,,,,,,,,,,,7,,,,,B03,,,1,,2,,,7,7,1,22,,B03,120.707816,24.132769,3
2022,5,9,12,19,臺中市,豐原區,0,1,0,8,1,5,50,3,1,1,5,4,5,7,4,4,10,5,5,2,16,6,2,9,1,1,C03,7,5,1,10,2,15,,6,6,1,22,8,C03,120.716598,24.25196,2
2022,5,9,12,34,臺中市,梧棲區,0,1,0,8,1,5,50,4,1,1,5,4,5,7,1,1,10,5,5,2,16,6,3,10,1,1,A12,7,6,1,3,2,5,,6,6,1,10,1,A12,120.530076,24.25406,2
2022,5,9,12,43,臺中市,豐原區,0,0,0,,,,30,,,,,,,,,,,,,,,23,,,,,F03,,,1,,2,,,23,23,1,22,,F03,120.701124,24.251672,3
2022,5,9,12,45,臺中市,西區,0,0,0,8,,,50,,,,,,,,,,,,,,,23,,,,,B03,,,1,,1,,,23,23,1,21,,B03,120.672093,24.141924,3
2022,5,9,12,53,臺中市,南屯區,0,0,0,8,,,50,,,,,,,,,,,,,,,7,,,,,B03,,,1,,1,,,7,7,1,5,,B03,120.640731,24.146859,3
2022,5,9,13,1,臺中市,西屯區,0,0,0,8,,,50,,,,,,,,,,,,,,,17,,,,,B03,,,1,,1,,,17,17,1,22,,B03,120.641195,24.156523,3
2022,5,9,13,7,臺中市,神岡區,0,1,0,8,1,5,50,14,9,1,5,4,5,7,4,4,5,5,5,1,16,26,3,10,1,1,B12,7,11,1,8,2,4,,26,26,1,21,8,B12,120.647985,24.257915,2
2022,5,9,13,12,臺中市,外埔區,0,0,0,8,1,5,50,14,9,1,5,4,5,7,4,4,9,4,5,1,13,23,3,10,1,1,B12,7,9,1,8,8,1,,23,23,1,22,7,B12,120.653602,24.33182,3
2022,5,9,13,27,臺中市,龍井區,0,0,0,8,,,60,,,,,,,,,,,,,,,16,,,,,B12,,,1,,2,,,16,16,1,22,,B12,120.580374,24.188881,3
2022,5,9,13,29,臺中市,北屯區,0,0,0,8,,,50,,,,,,,,,,,,,,,12,,,,,B03,,,1,,1,,,12,12,1,21,,B03,120.685115,24.181708,3
2022,5,9,13,33,臺中市,北區,0,1,0,8,1,5,50,4,1,1,5,4,5,7,1,1,10,5,5,2,16,6,3,10,1,1,B03,7,6,1,8,2,6,,6,6,1,4,8,B03,120.675695,24.15914,2
2022,5,9,13,38,臺中市,太平區,0,1,0,8,1,5,50,3,1,1,5,4,5,7,4,4,10,5,5,2,16,6,3,10,1,1,B03,7,5,1,8,2,8,,6,6,1,22,8,B03,120.715401,24.136935,2
2022,5,9,14,3,臺中市,西屯區,0,0,0,8,,,30,,,,,,,,,,,,,,,23,,,,,G03,,,1,,1,,,23,23,1,1,,G03,120.642897,24.16925,3
2022,5,9,14,6,臺中市,神岡區,0,0,0,8,,,0,,,,,,,,,,,,,,,12,,,,,B12,,,1,,1,,,12,12,1,22,,B12,120.654,24.25868,3
2022,5,9,14,17,臺中市,西區,0,1,0,8,1,5,50,4,1,1,5,4,5,7,4,4,10,5,5,2,17,10,3,10,1,1,B03,7,11,1,8,1,4,,10,10,1,21,8,B03,120.669317,24.144368,2
2022,5,9,14,17,臺中市,西屯區,0,3,0,8,1,5,30,3,1,1,5,4,5,7,4,4,5,5,5,2,16,6,2,7,1,1,C03,7,5,1,10,2,14,,6,6,1,22,8,C03,120.648435,24.155704,2
2022,5,9,14,22,臺中市,豐原區,0,0,0,8,,,50,,,,,,,,,,,,,,,17,,,,,B03,,,1,,2,,,44,17,1,22,,B03,120.744255,24.26454,3
2022,5,9,14,25,臺中市,西區,0,0,0,8,,,50,,,,,,,,,,,,,,,42,,,,,A04,,,1,,2,,,42,42,1,10,,A04,120.678339,24.139285,3
2022,5,9,14,26,臺中市,東勢區,0,1,0,7,1,5,60,3,1,1,5,4,5,7,2,1,1,5,5,1,13,26,3,10,3,4,B03,7,9,1,8,2,5,,23,26,1,22,8,B03,120.834476,24.239088,2
2022,5,9,14,30,臺中市,南區,0,0,0,,,,50,,,,,,,,,,,,,,,17,,,,,B12,,,1,,2,,,17,17,1,22,,B12,120.670065,24.126623,3
2022,5,9,14,30,臺中市,西屯區,0,0,0,8,,,50,,,,,,,,,,,,,,,26,,,,,B03,,,1,,1,,,26,26,1,22,,B03,120.643584,24.165674,3
2022,5,9,14,31,臺中市,清水區,0,2,0,8,1,5,50,4,1,1,5,4,5,4,1,1,10,5,5,2,15,25,2,3,1,1,B03,7,9,1,7,2,4,,25,25,1,19,5,B03,120.560679,24.283973,2
2022,5,9,14,36,臺中市,北區,0,2,0,8,1,5,40,14,8,1,5,4,5,7,4,4,9,5,4,2,17,19,3,10,1,1,B03,7,1,1,8,2,8,,19,19,1,22,9,B03,120.686721,24.147994,2
2022,5,9,14,39,臺中市,中區,0,1,0,8,1,5,50,4,1,1,5,4,5,7,2,1,10,5,5,2,17,25,2,9,1,1,C03,7,6,4,8,2,11,,25,25,1,5,7,C03,120.677263,24.140206,2
2022,5,9,14,53,臺中市,西屯區,0,1,0,8,1,5,50,14,9,1,5,4,5,7,4,4,5,5,5,2,17,23,2,9,1,1,B12,7,9,1,8,2,2,,23,23,1,21,8,B12,120.596256,24.165323,2
2022,5,9,14,59,臺中市,南區,0,0,0,8,,,50,,,,,,,,,,,,,,,42,,,,,B12,,,1,,2,,,42,42,1,22,,B12,120.680972,24.130683,3
2022,5,9,15,1,臺中市,北屯區,0,0,0,8,,,50,,,,,,,,,,,,,,,6,,,,,B03,,,1,,1,,,6,6,1,21,,B03,120.690624,24.178816,3
2022,5,9,15,10,臺中市,東區,0,0,0,8,1,5,50,4,1,1,5,4,5,7,1,1,10,5,5,2,17,19,3,10,1,1,B03,7,1,1,8,2,8,,19,19,1,5,8,B03,120.690061,24.131856,3
2022,5,9,15,12,臺中市,北屯區,0,2,0,8,1,5,50,14,7,1,5,4,5,7,1,1,5,5,4,2,13,23,3,10,1,1,C04,7,9,1,11,2,11,,23,23,1,22,8,C04,120.681785,24.173756,2
2022,5,9,15,16,臺中市,西區,0,0,0,,,,30,,,,,,,,,,,,,,,23,,,,,A11,,,1,,1,,,23,23,1,5,,A11,120.661474,24.155082,3
2022,5,9,15,21,臺中市,北區,0,0,0,8,,,50,,,,,,,,,,,,,,,25,,,,,B03,,,1,,2,,,25,25,1,5,,B03,120.670529,24.162837,3
2022,5,9,15,23,臺中市,豐原區,0,1,0,7,1,5,50,14,7,1,5,4,5,7,4,4,5,5,4,2,17,42,3,10,1,1,B12,7,9,1,8,2,15,,42,42,1,5,3,B12,120.724218,24.253308,2
2022,5,9,15,24,臺中市,南屯區,0,3,0,8,1,5,50,4,1,1,5,4,5,7,3,1,5,5,5,2,15,6,2,9,1,1,C03,7,9,1,10,2,11,,6,6,1,22,8,C03,120.6512,24.142927,2
2022,5,9,15,35,臺中市,北屯區,0,1,0,7,1,5,50,4,1,1,5,4,5,7,4,4,10,5,5,2,3,23,3,10,1,1,C03,7,9,1,10,2,11,,23,23,1,22,8,C03,120.72527,24.157891,2
2022,5,9,15,45,臺中市,西區,0,2,0,8,1,5,50,15,9,1,5,4,5,7,4,4,5,4,5,2,17,11,2,8,1,1,C03,7,11,1,10,2,14,,11,11,1,19,8,C03,120.655606,24.150652,2
2022,5,9,15,46,臺中市,北屯區,0,0,0,8,,,30,,,,,,,,,,,,,,,23,,,,,C03,,,1,,9,,,23,23,2,21,,C03,120.668109,24.173424,3
2022,5,9,15,48,臺中市,西屯區,0,1,0,8,1,5,50,3,1,1,5,4,5,7,4,4,1,3,5,2,16,6,3,10,1,1,B03,7,6,1,8,1,6,,6,6,1,22,8,B03,120.646872,24.155761,2
2022,5,9,15,49,臺中市,東區,0,1,0,7,1,5,50,5,1,1,5,4,5,7,1,1,10,5,5,2,16,9,3,10,1,1,B03,7,6,1,8,2,6,,9,9,1,22,9,B03,120.669603,24.125735,2
2022,5,9,15,52,臺中市,西屯區,0,1,0,7,2,5,50,4,1,1,5,4,5,7,2,1,10,5,5,2,16,8,3,10,1,1,B03,7,9,1,8,2,1,,44,8,1,22,8,B03,120.662133,24.165395,2
2022,5,9,15,55,臺中市,神岡區,0,2,0,8,1,5,30,3,1,1,5,4,5,7,4,4,10,5,5,2,16,6,2,9,1,1,C03,7,5,1,10,2,11,,6,6,1,21,8,C03,120.708185,24.261585,2
2022,5,9,15,56,臺中市,西屯區,0,1,0,8,1,5,30,4,1,1,5,4,5,7,4,4,10,5,5,2,15,6,2,9,1,1,C03,7,9,1,10,2,11,,6,6,1,22,8,C03,120.643661,24.192041,2
2022,5,9,15,56,臺中市,沙鹿區,0,1,0,7,1,5,40,14,8,1,5,4,5,5,4,4,3,4,4,1,16,19,3,10,1,1,B03,7,1,1,8,2,4,,19,19,1,22,1,B03,120.570236,24.235516,2
2022,5,9,16,1,臺中市,西屯區,0,2,0,7,1,5,30,4,1,1,4,4,5,7,4,4,10,5,5,2,16,6,3,10,3,4,C03,7,13,1,10,11,14,,44,6,1,22,8,C03,120.644236,24.180175,2
2022,5,9,16,10,臺中市,西屯區,0,0,0,8,,,40,,,,,,,,,,,,,,,23,,,,,B02,,,1,,1,,,23,23,1,22,,B02,120.639925,24.161814,3
2022,5,9,16,20,臺中市,西屯區,0,1,0,7,1,5,60,14,7,1,5,4,5,7,4,4,1,3,1,2,12,23,3,10,1,1,B03,7,8,1,8,1,8,,23,23,1,22,8,B03,120.648771,24.163133,2
2022,5,9,16,24,臺中市,西區,0,1,0,7,1,5,50,4,1,1,5,4,5,7,4,4,10,5,5,2,16,6,3,10,1,1,B03,7,11,1,8,2,8,,6,6,1,22,9,B03,120.659813,24.155466,2
2022,5,9,16,27,臺中市,北區,0,0,0,8,,,50,,,,,,,,,,,,,,,26,,,,,F03,,,8,,2,,,26,26,1,20,,F03,120.676671,24.166837,3
2022,5,9,16,30,臺中市,烏日區,0,1,0,6,1,5,40,3,1,1,4,4,5,7,1,1,1,5,5,2,16,10,3,10,1,1,B12,7,11,1,8,2,4,,10,10,1,21,8,B12,120.648721,24.091794,2
2022,5,9,16,30,臺中市,烏日區,0,1,0,7,1,5,60,3,1,1,5,4,5,7,1,1,10,5,5,2,12,8,2,9,1,1,F03,7,5,8,20,2,16,,8,8,1,21,8,F03,120.637391,24.09675,2