年,月,日,時,分,縣市,區,死,受傷,2-30,天候,光線,道路類別,速限,道路型態,事故位置,路面鋪裝,路面狀態,路面缺陷,障礙物,視距,號誌種類,號誌動作,分向設施,快車道或一般車道間,快慢車道間,路面邊線,事故類型及型態,主要肇因,受傷程度,主要傷處,保護裝備,行動電話,當事者區分,車輛用途,當事者行動狀態,駕駛資格情形,駕駛執照種類,飲酒情形,車輛撞擊部位最初,車輛撞擊部位其他,肇事因素個別,肇事因素主要,肇事逃逸,職業,旅次目的,車種,GPS緯度,GPS經度,事故類別
2022,5,9,16,31,臺中市,北區,0,0,0,8,,,50,,,,,,,,,,,,,,,23,,,,,B03,,,1,,2,,,23,23,1,5,,B03,120.698214,24.154722,3
2022,5,9,16,35,臺中市,北區,0,1,0,8,1,5,50,3,7,1,5,4,5,7,4,4,1,4,4,2,17,6,3,10,1,1,B03,7,15,1,8,2,4,,6,6,1,22,9,B03,120.682848,24.14573,2
2022,5,9,16,37,臺中市,豐原區,0,0,0,8,,,50,,,,,,,,,,,,,,,23,,,,,B03,,,1,,1,,,23,23,1,22,,B03,120.710695,24.250578,3
2022,5,9,16,40,臺中市,西屯區,0,0,0,8,,,30,,,,,,,,,,,,,,,12,,,,,B02,,,1,,1,,,12,12,1,22,,B02,120.634979,24.191627,3
2022,5,9,16,42,臺中市,北區,0,0,0,8,,,50,,,,,,,,,,,,,,,6,,,,,B03,,,1,,1,,,6,6,1,22,,B03,120.683898,24.154626,3
2022,5,9,16,43,臺中市,北區,0,1,0,6,1,5,50,3,1,1,4,4,5,7,3,1,10,5,5,2,17,26,2,9,1,1,C03,7,5,1,9,2,11,,26,26,1,5,8,C03,120.676267,24.159178,2
2022,5,9,16,47,臺中市,西屯區,0,0,0,8,,,50,,,,,,,,,,,,,,,12,,,,,A11,,,1,,1,,,12,12,1,22,,A11,120.602052,24.156025,3
2022,5,9,16,48,臺中市,南屯區,0,1,0,6,1,5,40,4,1,1,4,4,5,7,1,1,3,4,3,2,17,17,2,9,1,1,C03,7,9,1,10,2,14,,17,17,1,22,8,C03,120.615171,24.147635,2
2022,5,9,16,49,臺中市,西區,0,1,0,6,1,5,50,4,2,1,4,4,5,7,1,1,5,2,5,2,17,7,3,10,1,1,B12,7,8,1,8,2,5,,7,7,1,4,7,B12,120.653014,24.152261,2
2022,5,9,16,50,臺中市,太平區,0,0,0,8,1,7,80,14,7,1,5,4,5,7,4,4,9,4,5,1,13,16,,,,,B12,,,1,,2,,,16,16,1,4,,B12,120.710725,24.141557,3
2022,5,9,16,51,臺中市,沙鹿區,0,0,0,6,,,50,,,,,,,,,,,,,,,25,,,,,B03,,,1,,2,,,25,25,1,22,,B03,120.568682,24.209057,3
2022,5,9,16,55,臺中市,中區,0,0,0,6,,,50,,,,,,,,,,,,,,,26,,,,,B03,,,1,,1,,,26,26,1,21,,B03,120.682212,24.135899,3
2022,5,9,16,58,臺中市,北屯區,0,1,0,7,1,5,50,14,9,1,4,4,5,7,4,4,5,4,5,2,12,7,3,10,1,1,B03,7,8,1,8,9,6,,7,7,1,4,8,B03,120.666325,24.18665,2
2022,5,9,17,0,臺中市,西屯區,0,0,0,6,,,50,,,,,,,,,,,,,,,23,,,,,B12,,,1,,1,,,23,23,1,22,,B12,120.655983,24.199783,3
2022,5,9,17,3,臺中市,太平區,0,1,0,6,1,5,50,15,5,1,4,4,5,7,4,4,10,5,5,2,16,7,2,9,1,1,C03,7,7,6,10,2,14,,7,7,1,5,8,C03,120.735466,24.133808,2
2022,5,9,17,4,臺中市,大甲區,0,3,0,6,1,5,50,4,1,1,4,4,5,7,4,4,10,5,5,2,15,6,2,9,1,1,C03,7,9,1,10,2,13,,6,6,1,4,8,C03,120.621808,24.345272,2
2022,5,9,17,8,臺中市,西屯區,0,0,0,6,,,50,,,,,,,,,,,,,,,23,,,,,C03,,,1,,2,,,23,23,1,22,,C03,120.641711,24.168643,3
2022,5,9,17,8,臺中市,大甲區,0,1,0,7,1,5,50,14,9,1,5,4,5,7,4,4,9,4,5,1,16,19,2,9,1,1,C03,7,1,3,18,2,14,,19,19,1,4,1,C03,120.654666,24.391628,2
2022,5,9,17,11,臺中市,南區,0,2,0,6,2,5,50,3,1,1,4,4,5,7,1,1,10,5,5,2,16,6,2,3,1,1,B01,7,5,1,4,2,5,,6,6,1,22,8,B01,120.668502,24.114636,2
2022,5,9,17,13,臺中市,外埔區,0,1,0,6,1,5,50,3,2,1,4,4,5,7,4,4,5,5,5,2,13,23,2,9,1,1,C03,7,9,1,10,2,11,,23,23,1,4,4,C03,120.625116,24.337113,2
2022,5,9,17,15,臺中市,梧棲區,0,1,0,6,1,5,60,3,1,1,4,4,5,7,4,4,1,5,5,2,17,4,2,9,1,1,F03,7,5,8,20,2,16,,4,4,1,22,8,F03,120.525501,24.225528,2
2022,5,9,17,18,臺中市,潭子區,0,0,0,7,1,5,60,4,2,1,4,4,5,7,1,1,1,4,4,1,13,23,3,10,1,1,B03,7,9,1,8,2,1,,23,23,1,22,8,B03,120.705022,24.207144,3
2022,5,9,17,23,臺中市,西區,0,0,0,8,,,50,,,,,,,,,,,,,,,43,,,,,B03,,,1,,10,,,43,43,1,22,,B03,120.66168,24.145543,3
2022,5,9,17,24,臺中市,潭子區,0,0,0,6,,,30,,,,,,,,,,,,,,,12,,,,,C03,,,1,,2,,,12,12,1,22,,C03,120.700723,24.207115,3
2022,5,9,17,24,臺中市,南屯區,0,0,0,,,,50,,,,,,,,,,,,,,,42,,,,,B03,,,1,,1,,,42,42,1,22,,B03,120.653105,24.135844,3
2022,5,9,17,30,臺中市,太平區,0,0,0,8,,,50,,,,,,,,,,,,,,,12,,,,,B11,,,1,,1,,,12,12,1,21,,B11,120.707531,24.152044,3
2022,5,9,17,32,臺中市,西屯區,0,1,0,8,1,5,50,4,1,1,5,4,5,7,4,4,4,3,4,2,16,6,2,9,1,1,C03,7,9,1,10,2,12,,6,6,1,22,8,C03,120.642037,24.16071,2
2022,5,9,17,33,臺中市,西屯區,0,1,0,6,2,5,50,14,9,1,4,4,5,7,4,4,10,4,5,2,13,23,2,9,1,1,C03,7,9,1,10,2,11,,23,23,1,22,8,C03,120.638887,24.168629,2
2022,5,9,17,33,臺中市,西屯區,0,2,0,8,1,5,50,14,9,1,5,4,5,7,4,4,1,4,5,2,12,17,2,8,3,4,B03,7,9,1,8,2,2,,17,17,1,22,8,B03,120.653091,24.16719,2
2022,5,9,17,40,臺中市,西區,0,1,0,6,1,5,50,4,1,1,4,4,5,7,1,1,10,5,5,2,17,26,3,10,1,1,C03,7,5,1,10,1,12,,26,26,1,5,1,C03,120.658839,24.140149,2
2022,5,9,17,40,臺中市,西屯區,0,1,0,6,2,5,30,3,1,1,4,4,5,7,4,4,9,4,5,2,13,23,2,9,1,1,C03,7,9,1,10,2,15,,23,23,1,22,8,C03,120.641835,24.189031,2
2022,5,9,17,40,臺中市,大里區,0,1,0,6,1,5,50,4,1,1,4,4,5,7,1,1,10,5,5,2,18,42,2,9,1,1,C03,7,9,1,10,2,12,,42,42,1,5,3,C03,120.698356,24.080595,2
2022,5,9,17,41,臺中市,龍井區,0,2,0,6,2,5,60,4,2,1,4,4,5,7,1,1,1,1,1,2,13,23,2,3,1,1,B03,7,9,1,8,2,1,,23,23,1,5,3,B03,120.532746,24.220467,2
2022,5,9,17,42,臺中市,南區,0,0,0,,,,50,,,,,,,,,,,,,,,12,,,,,B03,,,1,,2,,,12,12,1,22,,B03,120.676583,24.126408,3
2022,5,9,17,45,臺中市,西屯區,0,0,0,6,,,50,,,,,,,,,,,,,,,26,,,,,B03,,,1,,1,,,26,26,1,22,,B03,120.621609,24.184306,3
2022,5,9,17,51,臺中市,南屯區,0,0,0,6,,,1,,,,,,,,,,,,,,,42,,,,,C03,,,1,,1,,,42,42,1,4,,C03,120.639582,24.151127,3
2022,5,9,17,59,臺中市,北區,0,0,0,6,,,50,,,,,,,,,,,,,,,23,,,,,B03,,,1,,2,,,23,23,1,5,,B03,120.692403,24.161023,3
2022,5,9,18,9,臺中市,烏日區,0,1,0,6,3,5,50,4,1,1,4,4,5,7,4,4,5,5,5,1,12,10,3,10,1,1,B03,7,11,1,8,2,8,,10,10,1,22,8,B03,120.624401,24.1032,2
2022,5,9,18,10,臺中市,南區,0,0,0,8,1,5,50,4,1,1,5,4,5,7,1,1,10,5,5,2,29,23,3,10,1,1,C03,7,9,1,10,2,15,,23,23,1,22,8,C03,120.666731,24.114148,3
2022,5,9,18,12,臺中市,北屯區,0,1,0,8,1,5,50,14,7,1,5,4,5,7,4,4,5,5,4,2,16,17,2,9,1,1,C03,7,9,1,10,2,12,,17,17,1,22,8,C03,120.693099,24.165066,2
2022,5,9,18,19,臺中市,南屯區,0,0,0,,,,50,,,,,,,,,,,,,,,12,,,,,B03,,,6,,9,,,12,12,1,22,,B03,120.651297,24.148186,3
2022,5,9,18,20,臺中市,大雅區,0,1,0,6,3,5,50,14,8,1,4,4,5,7,4,4,1,4,4,1,16,6,3,10,1,1,B03,7,6,1,8,2,8,,6,6,1,22,9,B03,120.646818,24.222203,2
2022,5,9,18,22,臺中市,大甲區,0,1,0,8,1,5,50,14,9,1,5,4,5,7,4,4,9,5,5,1,16,19,3,10,1,1,B03,7,1,1,8,2,1,,19,19,1,4,1,B03,120.631563,24.355505,2
2022,5,9,18,22,臺中市,豐原區,0,1,0,6,1,5,50,3,1,1,4,4,5,7,4,4,10,4,5,2,16,6,3,10,3,4,B03,7,6,1,8,2,2,,6,6,1,22,8,B03,120.719363,24.23873,2
2022,5,9,18,24,臺中市,南區,0,1,0,6,3,5,50,4,1,1,4,4,5,7,4,4,9,4,4,2,18,43,2,8,1,1,C03,7,9,1,10,2,14,,43,43,1,5,1,C03,120.660428,24.124518,2
2022,5,9,18,24,臺中市,西屯區,0,0,0,8,,,50,,,,,,,,,,,,,,,23,,,,,B03,,,1,,2,,,23,23,1,22,,B03,120.618321,24.181225,3
2022,5,9,18,25,臺中市,霧峰區,0,2,0,6,3,5,50,3,1,1,4,4,5,7,4,4,10,5,5,2,13,23,2,9,1,1,C03,7,9,1,10,2,11,,23,23,1,18,8,C03,120.675691,24.063883,2
2022,5,9,18,25,臺中市,新社區,0,0,0,8,,,50,,,,,,,,,,,,,,,23,,,,,B03,,,1,,2,,,23,23,1,22,,B03,120.80484,24.236136,3
2022,5,9,18,26,臺中市,大甲區,0,0,0,8,,,60,,,,,,,,,,,,,,,16,,,,,B12,,,1,,2,,,16,16,1,4,,B12,120.622533,24.356688,3
2022,5,9,18,26,臺中市,神岡區,0,0,0,6,,,30,,,,,,,,,,,,,,,17,,,,,B12,,,1,,7,,,17,17,1,22,,B12,120.6882,24.239921,3
2022,5,9,18,27,臺中市,南屯區,0,0,0,8,,,50,,,,,,,,,,,,,,,43,,,,,B12,,,1,,2,,,43,43,1,22,,B12,120.616495,24.145797,3
2022,5,9,18,32,臺中市,外埔區,0,1,0,8,3,5,50,3,1,1,5,4,5,7,1,1,9,4,4,1,13,23,2,9,1,1,B03,7,9,1,8,2,1,,23,23,1,22,8,B03,120.637519,24.342722,2
2022,5,9,18,39,臺中市,北區,0,1,0,6,3,5,0,4,3,1,4,4,5,7,1,1,10,5,5,2,14,12,3,10,1,1,B03,7,2,1,8,2,4,,12,12,1,22,9,B03,120.66809,24.162756,2
2022,5,9,18,46,臺中市,東區,0,1,0,6,3,5,50,3,1,1,4,4,5,7,4,4,1,5,5,2,12,9,3,10,1,1,B01,7,6,1,4,2,2,,9,9,1,22,8,B01,120.711393,24.143475,2
2022,5,9,18,47,臺中市,北屯區,0,2,0,6,3,5,50,4,2,1,4,4,5,7,1,1,5,2,5,2,13,23,2,9,1,1,C03,7,9,1,10,2,11,,23,23,1,22,8,C03,120.720815,24.167925,2
2022,5,9,18,49,臺中市,大甲區,0,2,0,7,3,5,50,3,1,1,5,4,5,7,1,1,10,5,5,2,16,6,2,9,1,1,C03,7,5,1,10,2,14,,6,6,1,4,1,C03,120.632111,24.340425,2
2022,5,9,18,50,臺中市,北屯區,0,2,0,6,3,5,50,14,7,1,4,4,5,7,4,4,9,5,4,2,3,51,2,9,4,5,H01,8,16,8,20,10,16,,51,51,1,21,8,H01,120.687015,24.167445,2
2022,5,9,18,58,臺中市,西屯區,0,0,0,8,,,40,,,,,,,,,,,,,,,23,,,,,B03,,,,,2,,,23,23,1,22,,B03,120.637385,24.180055,3
2022,5,9,18,58,臺中市,大甲區,0,2,0,8,3,5,50,4,1,1,5,4,5,7,4,4,10,5,5,2,15,6,2,1,1,1,B12,7,9,1,8,2,8,,6,6,1,4,1,B12,120.650121,24.402038,2
2022,5,9,19,0,臺中市,西屯區,0,0,0,6,,,40,,,,,,,,,,,,,,,12,,,,,B03,,,1,,1,,,12,12,1,22,,B03,120.647949,24.172266,3
2022,5,9,19,5,臺中市,北區,0,1,0,6,3,5,50,4,2,1,4,4,5,7,1,1,1,2,4,2,18,23,2,9,1,1,C03,7,9,1,10,2,12,,23,23,1,21,8,C03,120.689705,24.157641,2
2022,5,9,19,5,臺中市,霧峰區,0,1,0,6,3,8,40,14,7,1,4,4,5,7,4,4,1,4,5,1,16,7,3,10,1,1,B03,7,7,1,8,2,7,,7,7,1,4,8,B03,120.662903,24.071868,2
2022,5,9,19,7,臺中市,南屯區,0,1,0,6,3,5,50,14,9,1,4,4,5,7,4,4,5,5,5,2,13,23,2,8,1,1,C03,7,9,1,10,2,11,,23,23,1,22,8,C03,120.651466,24.15187,2
2022,5,9,19,9,臺中市,西屯區,0,1,0,6,3,5,40,4,1,1,4,4,5,7,1,1,10,5,5,2,12,10,3,10,1,1,B03,7,11,1,8,2,4,,10,10,1,22,8,B03,120.630573,24.183407,2
2022,5,9,19,14,臺中市,豐原區,0,0,0,,,,50,,,,,,,,,,,,,,,6,,,,,B03,,,1,,2,,,6,6,1,22,,B03,120.715088,24.251391,3
2022,5,9,19,25,臺中市,西區,0,1,0,6,3,5,40,3,1,1,4,4,5,7,1,1,10,5,5,2,12,19,3,10,1,1,B03,7,1,1,7,2,7,,19,19,1,22,9,B03,120.658977,24.155921,2
2022,5,9,19,27,臺中市,北區,0,1,0,6,3,5,50,5,1,1,4,4,5,7,1,1,10,5,5,2,12,26,3,10,3,4,C03,7,8,1,10,2,12,,44,26,1,5,8,C03,120.682048,24.144864,2
2022,5,9,19,39,臺中市,后里區,0,0,0,,,,40,,,,,,,,,,,,,,,23,,,,,C03,,,1,,2,,,23,23,1,22,,C03,120.724587,24.308756,3
2022,5,9,19,41,臺中市,西屯區,0,2,0,6,3,5,50,3,1,1,3,4,5,7,4,4,5,5,4,2,16,6,3,10,3,4,B03,7,5,1,8,2,1,,6,6,1,22,8,B03,120.589095,24.169343,2
2022,5,9,19,45,臺中市,神岡區,0,0,0,8,,,40,,,,,,,,,,,,,,,42,,,,,,,17,,,,,,42,42,1,,,,120.672815,24.25462,3
2022,5,9,19,53,臺中市,豐原區,0,2,0,7,1,5,50,4,1,1,4,4,5,7,1,1,5,5,5,2,16,23,2,8,1,1,F02,7,9,8,20,9,16,,23,23,1,5,8,F02,120.714475,24.251025,2
2022,5,9,19,57,臺中市,西屯區,0,0,0,6,,,50,,,,,,,,,,,,,,,23,,,,,B03,,,1,,1,,,23,23,1,22,,B03,120.643958,24.171607,3
2022,5,9,20,0,臺中市,大肚區,0,0,0,6,,,60,,,,,,,,,,,,,,,6,,,,,B03,,,1,,2,,,6,6,1,22,,B03,120.582822,24.172454,3
2022,5,9,20,10,臺中市,大雅區,0,2,0,6,4,5,50,4,1,1,4,4,5,7,1,1,5,4,4,1,15,25,2,9,1,1,C03,7,9,1,10,2,11,,25,25,1,22,9,C03,120.644348,24.209371,2
2022,5,9,20,12,臺中市,南屯區,0,1,0,6,3,5,50,14,9,1,4,4,5,7,4,4,1,4,5,2,13,23,2,9,1,1,C03,7,9,1,10,6,11,,23,23,1,22,8,C03,120.646476,24.127572,2
2022,5,9,20,15,臺中市,南區,0,2,0,8,1,5,50,14,8,1,5,4,5,7,4,4,1,5,5,2,13,16,2,9,1,1,C03,7,9,1,10,2,11,,16,16,1,22,8,C03,120.671034,24.119158,2
2022,5,9,20,23,臺中市,外埔區,0,0,0,8,3,5,50,14,7,1,5,4,5,7,1,1,5,5,4,1,13,23,3,10,1,1,B03,7,9,1,8,2,1,,23,23,1,21,8,B03,120.666838,24.32065,3
2022,5,9,20,30,臺中市,清水區,0,1,0,6,3,5,50,11,7,1,4,4,5,1,4,4,10,5,5,2,17,19,3,10,1,1,B03,7,1,1,8,2,15,,19,19,1,21,8,B03,120.565265,24.279967,2
2022,5,9,20,35,臺中市,大里區,0,1,0,8,3,5,50,14,9,1,5,4,5,7,4,4,5,5,4,1,25,42,2,9,1,1,B03,7,9,6,18,2,1,,42,42,1,22,8,B03,120.692418,24.114705,2
2022,5,9,20,49,臺中市,西屯區,0,0,0,6,,,50,,,,,,,,,,,,,,,42,,,,,A02,,,1,,1,,,42,42,1,22,,A02,120.623356,24.182749,3
2022,5,9,21,16,臺中市,西屯區,0,1,0,7,3,5,50,4,1,1,4,4,5,7,1,1,10,5,5,2,12,9,3,10,1,1,B03,7,6,1,8,2,6,,9,9,1,22,8,B03,120.616444,24.185908,2
2022,5,9,21,38,臺中市,大甲區,0,0,0,8,,,50,,,,,,,,,,,,,,,23,,,,,F01,,,8,,2,,,23,23,1,22,,F01,120.62488,24.347565,4
2022,5,9,21,50,臺中市,后里區,0,1,0,8,3,5,50,14,8,1,5,4,5,7,4,4,9,5,4,2,26,23,2,9,1,1,C03,7,9,1,10,2,12,,23,23,1,21,8,C03,120.71266,24.286126,2
2022,5,9,22,14,臺中市,西屯區,0,0,0,8,,,50,,,,,,,,,,,,,,,23,,,,,B03,,,6,,1,,,23,23,1,22,,B03,120.653201,24.198371,3
2022,5,9,22,28,臺中市,北區,0,1,0,8,3,5,50,5,1,1,5,4,5,7,2,1,5,4,5,2,16,26,2,9,1,1,C03,7,9,1,10,2,11,,26,26,1,22,8,C03,120.682016,24.144756,2
2022,5,9,22,54,臺中市,南屯區,0,1,0,7,3,5,40,14,8,1,5,4,5,7,4,4,9,5,4,2,17,23,2,9,1,1,C03,7,9,4,8,11,12,,23,23,2,5,1,C03,120.63414,24.12957,2
2022,5,9,23,43,臺中市,大雅區,0,1,0,8,4,5,50,4,1,1,5,4,5,7,3,1,5,4,4,1,16,10,3,10,1,1,B03,7,11,1,8,2,4,,10,10,1,22,9,B03,120.644348,24.209371,2
2022,5,10,0,5,臺中市,北區,0,2,0,8,3,5,50,4,1,1,5,4,5,7,1,1,1,2,4,2,16,6,3,10,1,1,B03,7,6,6,18,2,6,,6,6,1,21,8,B03,120.691041,24.158738,2
2022,5,10,3,15,臺中市,中區,0,0,0,8,,,50,,,,,,,,,,,,,,,4,,,,,B12,,,1,,2,,,4,4,1,4,,B12,120.678815,24.147178,3
2022,5,10,6,22,臺中市,后里區,0,0,0,,,,30,,,,,,,,,,,,,,,23,,,,,B12,,,1,,2,,,23,23,1,22,,B12,120.722924,24.310406,3
2022,5,10,6,30,臺中市,西屯區,0,2,0,8,1,5,30,3,1,1,5,4,5,7,4,4,10,5,5,2,16,6,3,10,1,1,C03,7,5,1,10,2,11,,6,6,1,21,1,C03,120.618125,24.189273,2
2022,5,10,7,0,臺中市,梧棲區,0,1,0,8,1,5,50,4,1,1,5,4,5,7,4,4,10,5,5,2,15,6,3,10,1,1,B03,7,9,1,8,2,1,,6,6,1,3,1,B03,120.545735,24.256114,2
2022,5,10,7,12,臺中市,大雅區,0,0,0,8,,,50,,,,,,,,,,,,,,,6,,,,,B03,,,1,,2,,,6,6,1,22,,B03,120.669981,24.236274,3
2022,5,10,7,15,臺中市,北屯區,0,1,0,8,1,5,30,4,1,1,5,4,5,7,4,4,10,5,5,2,17,6,3,10,1,1,C03,7,9,1,10,2,12,,6,6,1,5,8,C03,120.670288,24.182391,2
2022,5,10,7,23,臺中市,北屯區,0,1,0,8,1,5,50,14,8,1,5,4,5,7,4,4,1,4,5,2,13,7,2,9,1,1,C03,7,8,1,10,2,11,,7,7,1,22,8,C03,120.672005,24.173951,2
2022,5,10,7,24,臺中市,西屯區,0,1,0,8,1,5,40,4,1,1,5,4,5,7,2,1,5,4,4,1,17,44,2,9,1,1,C03,7,9,1,10,2,15,,44,44,1,1,9,C03,120.608563,24.169594,2
2022,5,10,7,28,臺中市,神岡區,0,1,0,8,1,5,50,3,1,1,5,4,5,7,4,4,5,5,5,1,16,42,3,10,1,1,C03,7,6,1,10,2,12,,42,42,1,22,8,C03,120.689798,24.241826,2
2022,5,10,7,31,臺中市,龍井區,0,2,0,8,1,5,50,4,1,1,5,4,5,7,4,4,10,4,5,2,16,26,2,9,1,1,C03,7,9,1,10,2,11,,26,26,1,12,8,C03,120.518891,24.220764,2
2022,5,10,7,34,臺中市,北屯區,0,1,0,8,1,5,80,10,9,1,5,4,5,7,4,4,1,4,5,1,13,16,3,10,3,4,B03,7,9,1,8,1,1,,16,16,1,19,8,B03,120.678397,24.201136,2
2022,5,10,7,35,臺中市,南區,0,0,0,8,1,5,50,4,1,1,5,4,5,7,4,4,10,5,5,2,13,16,3,10,1,1,B03,7,5,1,8,2,8,,16,16,1,5,8,B03,120.664449,24.119093,3
2022,5,10,7,35,臺中市,西屯區,0,0,0,8,,,30,,,,,,,,,,,,,,,6,,,,,B03,,,1,,1,,,6,6,1,22,,B03,120.61299,24.174213,3
2022,5,10,7,38,臺中市,大雅區,0,1,0,8,1,5,50,3,1,1,5,4,5,7,4,4,9,4,4,1,17,6,3,10,1,1,B03,7,6,1,8,2,3,,6,6,1,22,9,B03,120.635872,24.215506,2
2022,5,10,7,39,臺中市,太平區,0,1,0,8,1,5,50,3,1,1,5,4,5,7,4,4,10,5,5,2,18,23,2,9,1,1,C03,7,9,1,10,1,14,,23,23,1,19,8,C03,120.716523,24.143457,2
2022,5,10,7,40,臺中市,南屯區,0,0,0,,,,50,,,,,,,,,,,,,,,17,,,,,B03,,,1,,1,,,17,17,1,4,,B03,120.648124,24.123176,3
2022,5,10,7,42,臺中市,南區,0,0,0,8,,,50,,,,,,,,,,,,,,,12,,,,,B03,,,1,,1,,,12,12,1,22,,B03,120.654167,24.116536,3
2022,5,10,7,43,臺中市,南屯區,0,2,0,8,2,5,50,3,1,1,5,4,5,7,4,4,10,5,5,2,16,6,2,9,1,1,C03,7,5,1,10,2,14,,6,6,1,2,1,C03,120.609824,24.139121,2
2022,5,10,7,50,臺中市,潭子區,0,0,0,8,1,5,50,14,8,1,5,4,5,7,4,4,1,4,4,1,13,16,,,,,C03,,,1,,2,,,16,16,1,22,,C03,120.680606,24.216029,3
2022,5,10,7,50,臺中市,神岡區,0,1,0,8,1,5,50,14,7,1,5,4,5,7,4,4,9,5,4,2,16,6,3,10,1,1,B02,7,5,1,8,2,8,,6,6,1,21,8,B02,120.706485,24.276905,2
2022,5,10,7,53,臺中市,西屯區,0,0,0,8,,,70,,,,,,,,,,,,,,,23,,,,,B01,,,1,,1,,,23,23,1,22,,B01,120.625769,24.177965,3
2022,5,10,7,57,臺中市,潭子區,0,2,0,8,1,5,50,4,1,1,5,4,5,7,4,4,10,5,5,2,16,10,2,7,1,1,B03,7,11,1,8,2,4,,10,10,1,22,8,B03,120.721921,24.195715,2
2022,5,10,7,58,臺中市,豐原區,0,0,0,8,,,50,,,,,,,,,,,,,,,42,,,,,B03,,,1,,2,,,42,42,1,22,,B03,120.737957,24.272428,3
2022,5,10,7,59,臺中市,中區,0,1,0,8,1,5,50,4,1,1,5,4,5,7,1,1,10,5,5,2,16,23,3,10,1,1,C03,7,9,1,10,2,12,,23,23,1,21,8,C03,120.678757,24.141681,2
2022,5,10,8,2,臺中市,西區,0,1,0,8,1,5,50,4,1,1,5,4,5,7,1,1,5,5,5,2,13,16,2,9,3,4,C03,7,9,1,10,2,11,,16,16,1,21,8,C03,120.666857,24.141072,2
2022,5,10,8,12,臺中市,東區,0,0,0,8,,,40,,,,,,,,,,,,,,,12,,,,,B12,,,1,8,2,,,12,12,1,5,,B12,120.704883,24.140353,3
2022,5,10,8,12,臺中市,大甲區,0,1,0,8,1,5,50,14,7,1,5,4,5,7,4,4,4,4,5,1,12,16,2,9,1,1,C03,7,9,1,10,2,12,,16,16,1,5,1,C03,120.65432,24.391212,2
2022,5,10,8,17,臺中市,東區,0,2,0,8,1,5,50,14,9,1,5,4,5,7,4,4,9,5,5,2,16,19,2,9,1,1,C03,7,1,1,10,2,11,,19,19,1,5,8,C03,120.69989,24.127351,2
2022,5,10,8,29,臺中市,西屯區,0,2,0,8,1,5,40,4,1,1,5,4,5,7,1,1,1,4,5,2,16,6,3,10,1,1,C03,7,8,1,10,2,12,,6,6,1,22,8,C03,120.646377,24.164694,2
2022,5,10,8,30,臺中市,北屯區,0,0,0,8,,,50,,,,,,,,,,,,,,,23,,,,,B11,,,1,,2,,,23,23,1,5,,B11,120.668456,24.195934,3
2022,5,10,8,34,臺中市,南屯區,0,0,0,8,1,5,50,14,9,1,5,4,5,7,4,4,1,4,5,2,12,23,3,10,1,1,A11,7,3,1,3,2,6,,23,23,1,10,4,A11,120.613934,24.153606,3
2022,5,10,8,34,臺中市,西屯區,0,1,0,8,1,5,50,14,9,1,5,4,5,7,4,4,5,4,5,1,17,23,2,9,1,1,C03,7,9,1,10,1,11,,23,23,1,1,9,C03,120.65428,24.163306,2
2022,5,10,8,37,臺中市,北區,0,0,0,8,,,50,,,,,,,,,,,,,,,23,,,,,B03,,,1,,1,,,23,23,1,5,,B03,120.672284,24.170095,3
2022,5,10,8,39,臺中市,北屯區,0,0,0,8,,,50,,,,,,,,,,,,,,,6,,,,,B12,,,1,8,2,,,6,6,1,21,,B12,120.684841,24.20086,3
2022,5,10,8,40,臺中市,清水區,0,2,0,8,1,5,50,5,1,1,5,4,5,7,1,1,10,5,5,1,16,23,2,9,3,4,C03,7,6,2,18,2,11,,23,23,1,22,8,C03,120.575119,24.278157,2
2022,5,10,8,45,臺中市,東勢區,0,1,0,8,1,5,50,4,1,1,5,4,5,7,4,4,10,5,5,2,15,6,2,9,1,1,C03,7,1,1,10,2,11,,6,6,1,19,8,C03,120.82764,24.25887,2
2022,5,10,8,45,臺中市,神岡區,0,0,0,8,,,50,,,,,,,,,,,,,,,7,,,,,B03,,,1,,1,,,7,7,1,21,,B03,120.686421,24.249938,3
2022,5,10,8,52,臺中市,西屯區,0,0,0,8,,,50,,,,,,,,,,,,,,,22,,,,,B03,,,1,,1,,,22,22,1,22,,B03,120.6481,24.168003,3
2022,5,10,8,52,臺中市,太平區,0,0,0,8,,,30,,,,,,,,,,,,,,,6,,,,,C03,,,1,,2,,,6,6,1,21,,C03,120.724209,24.14303,3
2022,5,10,8,53,臺中市,東區,0,1,0,8,1,5,50,4,1,1,5,4,5,7,1,1,10,5,5,2,16,42,2,9,1,1,C03,7,9,1,10,2,14,,23,42,1,5,8,C03,120.70151,24.125407,2
2022,5,10,8,54,臺中市,西屯區,0,1,0,8,1,5,50,14,7,1,5,4,5,7,4,4,5,5,4,2,16,26,2,9,1,1,C03,7,5,1,10,2,11,,26,26,1,22,8,C03,120.6389,24.155782,2
2022,5,10,8,56,臺中市,西屯區,0,1,0,8,1,5,50,11,9,1,5,4,5,7,4,4,10,5,5,2,18,42,2,8,3,4,C03,7,9,1,10,2,12,,42,42,1,22,8,C03,120.635473,24.199263,2