年,月,日,時,分,縣市,區,死,受傷,2-30,天候,光線,道路類別,速限,道路型態,事故位置,路面鋪裝,路面狀態,路面缺陷,障礙物,視距,號誌種類,號誌動作,分向設施,快車道或一般車道間,快慢車道間,路面邊線,事故類型及型態,主要肇因,受傷程度,主要傷處,保護裝備,行動電話,當事者區分,車輛用途,當事者行動狀態,駕駛資格情形,駕駛執照種類,飲酒情形,車輛撞擊部位最初,車輛撞擊部位其他,肇事因素個別,肇事因素主要,肇事逃逸,職業,旅次目的,車種,GPS緯度,GPS經度,事故類別
2022,5,11,9,26,臺中市,石岡區,0,0,0,6,,,70,,,,,,,,,,,,,,,23,,,,,B03,,,1,,2,,,23,23,1,21,,B03,120.778016,24.274866,3
2022,5,11,9,28,臺中市,豐原區,0,0,0,6,,,50,,,,,,,,,,,,,,,7,,,,,B03,,,1,,2,,,7,7,1,22,,B03,120.70015,24.249149,3
2022,5,11,9,29,臺中市,北區,0,0,0,6,,,50,,,,,,,,,,,,,,,19,,,,,B12,,,1,,1,,,19,19,1,22,,B12,120.677985,24.157435,3
2022,5,11,9,36,臺中市,西屯區,0,1,0,6,1,5,50,4,1,1,4,4,5,7,1,1,5,4,4,1,17,10,3,10,1,1,B02,7,11,1,8,1,1,,10,10,1,1,9,B02,120.639584,24.182228,2
2022,5,11,9,56,臺中市,大甲區,0,1,0,6,1,5,50,5,1,1,4,4,5,7,1,1,10,5,5,2,16,42,2,1,1,1,C03,7,9,3,18,2,12,,42,42,1,21,8,C03,120.61805,24.33884,2
2022,5,11,9,57,臺中市,東區,0,1,0,6,1,5,50,14,7,1,4,4,5,7,4,4,9,4,4,2,18,16,2,9,1,1,C03,7,4,1,10,1,12,,16,16,1,5,8,C03,120.703758,24.142613,2
2022,5,11,10,2,臺中市,大雅區,0,0,0,6,,,50,,,,,,,,,,,,,,,23,,,,,B03,,,1,,2,,,23,23,1,22,,B03,120.61533,24.22006,3
2022,5,11,10,3,臺中市,西區,0,0,0,6,1,5,50,4,1,1,4,4,5,7,4,4,5,5,5,2,16,6,,,,,B12,,,1,,2,,,6,6,1,21,,B12,120.664301,24.149044,3
2022,5,11,10,3,臺中市,北屯區,0,0,0,6,,,50,,,,,,,,,,,,,,,42,,,,,B03,,,1,,2,,,42,42,1,22,,B03,120.688216,24.171945,3
2022,5,11,10,9,臺中市,北區,0,0,0,6,1,5,50,15,4,1,4,4,5,7,2,1,6,1,5,2,13,42,,,,,B03,,,1,,1,,,42,42,1,22,,B03,120.684668,24.165037,3
2022,5,11,10,10,臺中市,西屯區,0,0,0,6,,,70,,,,,,,,,,,,,,,42,,,,,B12,,,1,,1,,,42,42,1,22,,B12,120.621996,24.179843,3
2022,5,11,10,15,臺中市,南屯區,0,1,0,6,1,5,30,4,1,1,4,4,5,7,4,4,10,5,5,2,17,13,2,9,1,1,C03,7,12,1,10,2,12,,13,13,1,6,1,C03,120.615004,24.151544,2
2022,5,11,10,16,臺中市,西屯區,0,0,0,8,,,50,,,,,,,,,,,,,,,19,,,,,B03,,,1,,2,,,19,19,1,4,,B03,120.63687,24.183031,3
2022,5,11,10,19,臺中市,西區,0,2,0,6,1,5,50,5,1,1,4,4,5,7,4,4,10,5,5,2,17,6,2,9,1,1,C03,7,9,1,10,2,14,,6,6,1,19,7,C03,120.671184,24.147952,2
2022,5,11,10,19,臺中市,東區,0,0,0,,,,50,,,,,,,,,,,,,,,23,,,,,B01,,,1,,2,,,23,23,1,5,,B01,120.687469,24.131879,3
2022,5,11,10,21,臺中市,東區,0,0,0,6,,,50,,,,,,,,,,,,,,,23,,,,,B03,,,1,,2,,,23,23,1,22,,B03,120.710421,24.141116,3
2022,5,11,10,23,臺中市,北區,0,0,0,6,,,50,,,,,,,,,,,,,,,16,,,,,B03,,,6,,2,,,16,16,1,22,,B03,120.685152,24.165997,3
2022,5,11,10,25,臺中市,大里區,0,2,0,8,1,5,50,3,2,1,5,4,5,7,4,4,5,4,4,1,13,16,2,9,3,4,C03,7,9,1,10,2,11,,16,16,1,22,8,C03,120.679477,24.106911,2
2022,5,11,10,28,臺中市,神岡區,0,0,0,6,,,60,,,,,,,,,,,,,,,23,,,,,B03,,,1,,1,,,23,23,1,22,,B03,120.698709,24.235171,3
2022,5,11,10,30,臺中市,西屯區,0,0,0,6,,,50,,,,,,,,,,,,,,,23,,,,,B12,,,1,,1,,,23,23,1,22,,B12,120.627855,24.20176,3
2022,5,11,10,30,臺中市,大里區,0,1,0,6,1,5,50,3,1,1,4,4,5,7,1,1,5,4,4,2,18,42,2,9,1,1,C03,7,5,1,10,2,14,,42,42,1,22,8,C03,120.677151,24.099254,2
2022,5,11,10,31,臺中市,龍井區,0,0,0,6,,,30,,,,,,,,,,,,,,,12,,,,,C03,,,1,,2,,,12,12,1,22,,C03,120.595523,24.188656,3
2022,5,11,10,32,臺中市,西屯區,0,0,0,6,,,40,,,,,,,,,,,,,,,43,,,,,B12,,,1,,2,,,43,43,1,22,,B12,120.634216,24.176741,3
2022,5,11,10,33,臺中市,南區,0,0,0,6,1,5,50,4,4,1,4,4,5,7,1,1,10,5,5,2,12,1,3,10,1,1,C03,7,4,1,10,2,14,,1,1,1,5,8,C03,120.670326,24.119265,3
2022,5,11,10,36,臺中市,西屯區,0,2,0,6,1,5,50,14,9,1,4,4,5,7,4,4,5,4,4,1,13,23,2,9,1,1,B12,7,9,1,8,1,5,,23,23,1,1,9,B12,120.608626,24.168883,2
2022,5,11,10,38,臺中市,太平區,0,1,0,6,1,5,50,14,9,1,4,4,5,7,4,4,5,4,5,1,18,23,2,9,1,1,C03,7,9,1,10,2,14,,23,23,1,5,8,C03,120.718181,24.13367,2
2022,5,11,10,50,臺中市,西屯區,0,1,0,7,1,5,50,14,9,1,4,4,5,7,4,4,10,4,5,2,21,43,2,7,1,1,B03,7,9,1,8,2,8,,43,43,1,22,8,B03,120.654608,24.197195,2
2022,5,11,10,52,臺中市,后里區,0,1,0,6,1,5,50,14,8,1,4,4,5,7,4,4,4,5,4,1,16,26,3,10,1,1,B12,7,5,1,8,2,5,,26,26,1,21,8,B12,120.709909,24.310809,2
2022,5,11,10,54,臺中市,東區,0,2,0,6,1,5,50,5,1,1,4,4,5,7,1,1,10,5,5,2,18,23,2,9,1,1,C03,7,5,1,10,2,12,,23,23,1,22,8,C03,120.693661,24.133043,2
2022,5,11,11,16,臺中市,西區,0,0,0,6,,,40,,,,,,,,,,,,,,,23,,,,,B12,,,1,,2,,,23,23,1,22,,B12,120.658839,24.140149,3
2022,5,11,11,20,臺中市,東區,0,1,0,6,1,5,40,4,2,1,4,4,5,7,1,1,1,2,4,2,18,23,2,9,1,1,C03,7,9,1,10,2,14,,23,23,1,5,8,C03,120.688292,24.13079,2
2022,5,11,11,30,臺中市,西屯區,0,1,0,8,1,5,50,4,1,1,5,4,5,7,1,1,8,4,5,1,13,16,3,10,1,4,A02,7,9,1,2,2,1,,16,16,1,4,8,A02,120.629053,24.205405,2
2022,5,11,11,37,臺中市,西區,0,0,0,8,,,50,,,,,,,,,,,,,,,23,,,,,B03,,,1,,1,,,23,23,1,21,,B03,120.670648,24.144675,3
2022,5,11,11,50,臺中市,北屯區,0,1,0,6,1,5,50,14,9,1,4,4,5,7,4,4,5,5,5,2,18,23,2,8,1,1,C03,7,9,1,10,2,12,,23,23,1,21,1,C03,120.664183,24.185732,2
2022,5,11,11,53,臺中市,烏日區,0,1,0,8,1,5,50,3,1,1,5,4,5,7,1,1,10,5,5,2,16,9,3,10,1,1,B03,7,6,1,8,2,2,,9,9,1,5,8,B03,120.644261,24.055925,2
2022,5,11,11,56,臺中市,梧棲區,0,1,0,6,1,5,50,3,1,1,4,4,5,7,4,4,10,5,5,2,16,6,3,10,1,1,B03,7,14,1,5,2,5,,6,6,1,10,8,B03,120.531291,24.259827,2
2022,5,11,12,10,臺中市,龍井區,0,1,0,6,1,5,50,3,2,1,4,4,5,7,4,4,5,4,5,1,18,14,2,9,1,1,C03,7,9,1,10,2,14,,14,14,1,18,8,C03,120.509733,24.20897,2
2022,5,11,12,15,臺中市,北區,0,0,0,8,,,40,,,,,,,,,,,,,,,19,,,,,B03,,,1,,1,,,19,19,1,22,,B03,120.664965,24.161178,3
2022,5,11,12,15,臺中市,北屯區,0,1,0,8,1,5,30,3,2,1,5,4,5,7,4,4,10,5,5,1,11,17,2,9,3,4,C03,7,9,1,10,2,14,,17,17,1,21,8,C03,120.675194,24.18021,2
2022,5,11,12,16,臺中市,太平區,0,1,0,8,1,5,50,14,9,1,5,4,5,7,4,4,5,5,5,2,3,23,3,10,1,1,B03,7,9,1,8,2,1,,23,23,1,21,8,B03,120.726215,24.149825,2
2022,5,11,12,18,臺中市,北屯區,0,2,0,8,1,5,50,4,4,1,5,4,5,7,2,1,1,4,5,2,13,16,2,9,1,1,C03,7,9,1,10,2,11,,16,16,1,22,8,C03,120.699731,24.164986,2
2022,5,11,12,25,臺中市,清水區,0,2,0,8,1,5,30,4,1,1,5,4,5,7,4,4,10,5,5,2,15,6,2,9,1,1,C03,7,9,1,10,2,11,,6,6,1,21,8,C03,120.569342,24.26002,2
2022,5,11,12,27,臺中市,西區,0,0,0,8,,,50,,,,,,,,,,,,,,,23,,,,,B03,,,1,,1,,,23,23,1,21,,B03,120.668831,24.139268,3
2022,5,11,12,35,臺中市,西屯區,0,1,0,8,1,5,50,4,1,1,5,4,5,7,2,1,10,5,5,2,12,26,2,9,1,1,C03,7,9,1,10,2,14,,26,26,1,22,8,C03,120.656501,24.19649,2
2022,5,11,12,41,臺中市,西屯區,0,1,0,8,1,5,50,4,1,1,5,4,5,7,1,1,10,5,5,2,13,23,2,8,3,4,C01,7,9,4,10,2,11,,23,23,1,22,8,C01,120.615654,24.189111,2
2022,5,11,12,45,臺中市,沙鹿區,0,1,0,8,1,5,40,3,1,1,5,4,5,7,1,1,10,5,5,2,16,25,2,9,1,1,C03,7,9,3,18,2,11,,25,25,1,21,8,C03,120.580809,24.217315,2
2022,5,11,13,3,臺中市,南屯區,0,0,0,8,,,40,,,,,,,,,,,,,,,25,,,,,B03,,,1,,2,,,25,25,1,22,,B03,120.623779,24.152257,3
2022,5,11,13,18,臺中市,大雅區,0,1,0,8,1,5,30,4,9,1,5,4,5,7,4,4,1,5,4,1,16,6,3,10,1,1,B03,7,9,1,5,2,4,,6,6,1,22,9,B03,120.638209,24.218426,2
2022,5,11,13,18,臺中市,西屯區,0,0,0,8,,,50,,,,,,,,,,,,,,,7,,,,,B03,,,1,,1,,,7,7,1,1,,B03,120.650722,24.164726,3
2022,5,11,13,25,臺中市,大里區,0,0,0,8,,,50,,,,,,,,,,,,,,,12,,,,,B03,,,1,,2,,,12,12,1,22,,B03,120.678227,24.099305,3
2022,5,11,13,34,臺中市,西區,0,0,0,8,,,50,,,,,,,,,,,,,,,12,,,,,B03,,,1,,1,,,12,12,1,22,,B03,120.660999,24.141569,3
2022,5,11,13,45,臺中市,西區,0,1,0,8,1,5,50,4,1,1,5,4,5,7,1,1,10,5,5,2,13,23,3,10,1,1,B03,7,9,1,8,2,1,,23,23,1,22,9,B03,120.65218,24.147741,2
2022,5,11,13,45,臺中市,北區,0,0,0,,,,50,,,,,,,,,,,,,,,7,,,,,C03,,,1,,2,,,7,7,1,22,,C03,120.670529,24.162837,3
2022,5,11,13,49,臺中市,西屯區,0,0,0,8,,,50,,,,,,,,,,,,,,,43,,,,,C03,,,1,,2,,,43,43,1,22,,C03,120.666705,24.174823,3
2022,5,11,13,51,臺中市,北區,0,1,0,8,1,5,50,14,9,1,5,4,5,7,4,4,1,4,5,2,17,23,3,10,1,1,B12,7,9,3,18,2,1,,23,23,1,22,9,B12,120.682695,24.146841,2
2022,5,11,13,56,臺中市,南屯區,0,0,0,8,,,50,,,,,,,,,,,,,,,17,,,,,B03,,,1,,1,,,17,17,1,22,,B03,120.626243,24.14686,3
2022,5,11,14,2,臺中市,北屯區,0,0,0,8,,,80,,,,,,,,,,,,,,,16,,,,,B03,,,1,,1,,,16,16,1,22,,B03,120.71884,24.163278,3
2022,5,11,14,2,臺中市,西屯區,0,0,0,8,,,50,,,,,,,,,,,,,,,16,,,,,B03,,,1,,1,,,16,16,1,22,,B03,120.608055,24.196851,3
2022,5,11,14,12,臺中市,北區,0,1,0,8,1,5,50,14,7,1,5,4,5,7,1,1,1,4,4,2,17,7,2,9,1,1,C03,7,7,1,10,2,14,,7,7,1,22,8,C03,120.688431,24.146814,2
2022,5,11,14,21,臺中市,西屯區,0,2,0,8,1,5,40,14,8,1,5,4,5,7,4,4,1,5,1,2,12,9,3,10,1,1,B12,7,6,1,7,2,6,,9,9,1,22,8,B12,120.611628,24.185121,2
2022,5,11,14,22,臺中市,北屯區,0,0,0,8,,,50,,,,,,,,,,,,,,,26,,,,,C03,,,1,10,2,,,26,26,1,21,,C03,120.660621,24.19141,3
2022,5,11,14,29,臺中市,西屯區,0,0,0,8,,,50,,,,,,,,,,,,,,,43,,,,,,,,,,,,,43,43,1,,,,120.641402,24.171221,3
2022,5,11,14,29,臺中市,清水區,0,1,0,8,1,5,50,14,9,1,5,4,5,7,4,4,1,4,4,1,12,23,2,8,1,1,C03,7,9,1,10,2,11,,23,23,1,5,5,C03,120.567128,24.270198,2
2022,5,11,14,50,臺中市,北屯區,0,1,0,8,1,5,50,14,9,1,5,4,5,7,4,4,1,4,5,2,13,16,2,9,1,1,B03,7,9,1,8,2,1,,16,16,1,22,8,B03,120.686586,24.171733,2
2022,5,11,14,51,臺中市,北區,0,0,0,8,,,50,,,,,,,,,,,,,,,23,,,,,B03,,,1,,2,,,23,23,1,22,,B03,120.68383,24.148143,3
2022,5,11,14,53,臺中市,南區,0,2,0,8,1,5,50,4,2,1,5,4,5,7,1,1,10,5,5,2,17,1,2,9,1,1,C03,7,5,1,10,2,12,,1,1,1,22,8,C03,120.681834,24.133933,2
2022,5,11,14,54,臺中市,大里區,0,0,0,8,,,50,,,,,,,,,,,,,,,6,,,,,B12,,,1,,2,,,6,6,1,22,,B12,120.699774,24.109092,3
2022,5,11,14,57,臺中市,北區,0,0,0,,,,50,,,,,,,,,,,,,,,23,,,,,B03,,,1,,11,,,23,23,1,22,,B03,120.67687,24.169919,3
2022,5,11,15,3,臺中市,北區,0,0,0,8,,,50,,,,,,,,,,,,,,,23,,,,,B03,,,1,,1,,,23,23,1,5,,B03,120.679239,24.163351,3
2022,5,11,15,13,臺中市,北區,0,1,0,8,1,5,50,4,1,1,5,4,5,7,1,1,10,5,5,2,16,6,3,10,1,1,B03,7,6,1,8,2,5,,6,6,1,22,8,B03,120.664752,24.164694,2
2022,5,11,15,14,臺中市,南屯區,0,0,0,8,,,40,,,,,,,,,,,,,,,19,,,,,B02,,,1,,1,,,19,19,1,22,,B02,120.637148,24.144543,3
2022,5,11,15,15,臺中市,南區,0,0,0,,,,50,,,,,,,,,,,,,,,16,,,,,B03,,,6,,2,,,16,16,1,5,,B03,120.680318,24.128894,3
2022,5,11,15,18,臺中市,豐原區,0,0,0,8,,,50,,,,,,,,,,,,,,,19,,,,,A12,,,1,,2,,,19,19,1,22,,A12,120.696776,24.241761,3
2022,5,11,15,32,臺中市,大肚區,0,0,0,8,,,50,,,,,,,,,,,,,,,23,,,,,B12,,,1,,2,,,23,23,1,22,,B12,120.579113,24.16881,3
2022,5,11,15,40,臺中市,南區,0,0,0,8,,,50,,,,,,,,,,,,,,,42,,,,,B03,,,1,,2,,,42,42,1,22,,B03,120.673668,24.130794,3
2022,5,11,15,42,臺中市,北區,0,1,0,8,1,5,50,4,4,1,5,4,5,7,2,1,5,5,5,2,11,26,3,10,1,1,C03,7,5,1,10,2,11,,26,26,1,22,9,C03,120.68557,24.153358,2
2022,5,11,15,42,臺中市,西屯區,0,1,0,8,1,5,50,14,9,1,5,4,5,7,4,4,1,4,5,2,16,7,2,9,1,1,C04,7,7,1,10,1,14,,7,7,1,4,8,C04,120.651247,24.166214,2
2022,5,11,15,45,臺中市,南屯區,0,0,0,,,,50,,,,,,,,,,,,,,,17,,,,,B11,,,1,,1,,,17,17,1,21,,B11,120.637842,24.139114,3
2022,5,11,15,49,臺中市,西屯區,0,0,0,8,,,50,,,,,,,,,,,,,,,16,,,,,B03,,,1,,1,,,16,16,1,22,,B03,120.611273,24.190583,3
2022,5,11,15,53,臺中市,東區,0,0,0,8,1,5,50,14,9,1,5,4,5,7,4,4,5,5,5,2,13,23,3,10,1,1,C03,7,9,1,10,11,11,,23,23,2,5,8,C03,120.707971,24.149031,3
2022,5,11,15,53,臺中市,梧棲區,0,1,0,8,1,5,50,4,1,1,5,4,5,7,1,1,10,5,5,2,16,6,3,10,1,1,B03,7,5,1,8,2,8,,6,6,1,2,8,B03,120.53515,24.263197,2
2022,5,11,15,58,臺中市,北區,0,1,0,8,1,5,50,5,2,1,5,4,5,7,1,1,1,2,5,2,13,16,2,9,1,1,C03,7,9,1,10,2,14,,16,16,1,5,8,C03,120.685981,24.154823,2
2022,5,11,15,58,臺中市,太平區,0,1,0,8,1,5,50,4,1,1,5,4,5,7,1,1,5,5,5,2,16,23,3,10,1,1,B03,7,6,1,8,2,6,,9,23,1,21,8,B03,120.715642,24.135951,2
2022,5,11,16,0,臺中市,西屯區,0,0,0,8,,,30,,,,,,,,,,,,,,,23,,,,,B02,,,1,,2,,,23,23,1,22,,B02,120.651754,24.165303,3
2022,5,11,16,3,臺中市,西屯區,0,2,0,8,1,5,30,3,1,1,5,4,5,7,4,4,10,5,5,2,16,6,3,10,1,1,B02,7,6,1,8,2,5,,6,6,1,22,8,B02,120.660988,24.201594,2
2022,5,11,16,7,臺中市,北屯區,0,0,0,8,,,50,,,,,,,,,,,,,,,12,,,,,B03,,,1,,1,,,12,12,1,21,,B03,120.715834,24.165091,3
2022,5,11,16,10,臺中市,豐原區,0,0,0,8,,,30,,,,,,,,,,,,,,,12,,,,,B03,,,1,,2,,,12,12,1,22,,B03,120.723462,24.269247,3
2022,5,11,16,15,臺中市,西屯區,0,0,0,8,,,50,,,,,,,,,,,,,,,12,,,,,B03,,,1,,1,,,12,12,1,22,,B03,120.653411,24.15947,3
2022,5,11,16,20,臺中市,潭子區,0,0,0,8,,,30,,,,,,,,,,,,,,,23,,,,,B12,,,1,,2,,,23,23,1,22,,B12,120.705178,24.211399,3
2022,5,11,16,28,臺中市,大里區,0,2,0,8,1,5,50,3,1,1,5,4,5,7,4,4,10,5,5,1,3,53,2,9,4,5,H01,8,20,8,20,11,16,,53,53,1,4,8,H01,120.708361,24.084861,2
2022,5,11,16,37,臺中市,北區,0,0,0,8,,,30,,,,,,,,,,,,,,,12,,,,,B01,,,1,,2,,,12,12,1,22,,B01,120.696601,24.154151,3
2022,5,11,16,43,臺中市,南區,0,1,0,8,1,5,50,4,1,1,5,4,5,7,4,4,10,5,5,2,16,26,2,8,1,1,C03,7,9,1,10,2,12,,26,26,1,22,8,C03,120.664342,24.118721,2
2022,5,11,16,43,臺中市,豐原區,0,0,0,8,,,50,,,,,,,,,,,,,,,16,,,,,C03,,,2,,2,,,16,16,1,21,,C03,120.707294,24.250187,3
2022,5,11,16,45,臺中市,北區,0,0,0,8,,,50,,,,,,,,,,,,,,,23,,,,,B03,,,1,,2,,,23,23,1,22,,B03,120.69113,24.161496,3
2022,5,11,16,46,臺中市,神岡區,0,1,0,7,1,5,50,4,1,1,5,4,5,7,1,1,4,4,4,2,16,6,3,10,1,1,C03,7,6,3,18,2,13,,6,6,1,22,8,C03,120.678405,24.249691,2
2022,5,11,16,51,臺中市,烏日區,0,3,0,8,1,5,50,14,7,1,5,4,5,7,4,4,4,4,5,1,12,8,2,9,1,1,C03,7,5,1,10,2,14,,8,8,1,19,8,C03,120.642969,24.073334,2
2022,5,11,16,52,臺中市,東區,0,2,0,8,1,5,50,14,7,1,5,4,5,7,4,4,3,4,4,2,12,43,2,9,1,1,C03,7,9,1,10,2,12,,43,43,1,5,8,C03,120.694491,24.147478,2
2022,5,11,16,53,臺中市,豐原區,0,0,0,8,,,50,,,,,,,,,,,,,,,18,,,,,B03,,,1,,2,,,18,18,1,22,,B03,120.728525,24.245573,3
2022,5,11,16,55,臺中市,北區,0,0,0,,,,50,,,,,,,,,,,,,,,7,,,,,B03,,,1,,2,,,23,23,1,22,,B03,120.675858,24.159215,3
2022,5,11,16,56,臺中市,北區,0,2,0,8,1,5,50,4,8,1,5,4,5,7,4,4,3,2,3,1,16,23,3,10,3,4,B03,7,9,1,8,2,3,,23,23,1,22,9,B03,120.675646,24.15875,2
2022,5,11,17,0,臺中市,北區,0,1,0,8,1,5,50,5,1,1,5,4,5,7,1,1,10,5,5,2,17,26,2,7,1,1,C03,7,15,4,8,11,14,,26,26,2,22,9,C03,120.682416,24.145861,2
2022,5,11,17,4,臺中市,烏日區,0,1,0,8,1,5,30,3,1,1,5,4,5,7,4,4,10,5,5,2,17,19,2,7,1,1,F03,7,1,8,20,9,16,,19,19,1,9,1,F03,120.652083,24.068123,2
2022,5,11,17,6,臺中市,西屯區,0,1,0,8,1,5,50,4,1,1,5,4,5,7,1,1,4,3,4,2,16,25,3,10,1,1,B03,7,9,1,8,2,7,,25,25,1,22,8,B03,120.646872,24.174744,2
2022,5,11,17,8,臺中市,北區,0,0,0,8,,,50,,,,,,,,,,,,,,,16,,,,,C03,,,1,,1,,,16,16,1,20,,C03,120.673555,24.16552,3
2022,5,11,17,8,臺中市,西屯區,0,1,0,8,2,5,50,5,1,1,5,4,5,7,2,1,1,2,5,2,16,26,3,10,3,4,B03,7,6,1,8,2,5,,26,26,1,22,8,B03,120.655353,24.19986,2
2022,5,11,17,9,臺中市,北屯區,0,1,0,8,1,5,30,14,9,1,5,4,5,7,4,4,10,5,5,2,18,13,2,9,1,1,C03,7,9,1,10,2,14,,13,13,1,21,8,C03,120.71476,24.188971,2
2022,5,11,17,10,臺中市,太平區,0,0,0,8,,,50,,,,,,,,,,,,,,,23,,,,,B12,,,6,,2,,,23,23,1,9,,B12,120.719981,24.148895,3
2022,5,11,17,13,臺中市,西屯區,0,0,0,,,,50,,,,,,,,,,,,,,,16,,,,,B03,,,1,,1,,,16,16,1,22,,B03,120.603578,24.175013,3
2022,5,11,17,18,臺中市,西屯區,0,1,0,8,1,5,50,4,1,1,5,4,5,7,1,1,10,5,5,2,16,6,3,10,3,4,B03,7,6,1,8,2,2,,6,6,1,22,8,B03,120.635218,24.17947,2
2022,5,11,17,19,臺中市,潭子區,0,0,0,8,,,50,,,,,,,,,,,,,,,12,,,,,B03,,,1,,2,,,12,12,1,22,,B03,120.682051,24.209568,3
2022,5,11,17,23,臺中市,豐原區,0,0,0,8,,,50,,,,,,,,,,,,,,,17,,,,,B12,,,1,,2,,,17,17,1,22,,B12,120.738158,24.261643,3
2022,5,11,17,25,臺中市,潭子區,0,1,0,8,1,5,30,14,9,1,5,4,5,7,4,4,10,4,5,1,17,23,2,8,1,1,C03,7,9,1,10,2,11,,23,23,1,22,8,C03,120.710676,24.19314,2
2022,5,11,17,25,臺中市,北區,0,1,0,8,1,5,50,3,1,1,5,4,5,7,2,1,10,5,5,2,12,43,3,10,1,1,B03,7,6,1,7,2,2,,43,43,1,22,9,B03,120.668245,24.173073,2
2022,5,11,17,30,臺中市,大雅區,0,1,0,8,1,5,50,5,1,1,5,4,5,7,1,1,1,3,4,1,17,23,2,9,1,1,C03,7,9,1,10,2,12,,23,23,1,22,9,C03,120.648923,24.21804,2
2022,5,11,17,34,臺中市,西屯區,0,1,0,8,1,5,50,4,1,1,5,4,5,7,1,1,4,3,4,2,16,42,2,9,1,1,C03,7,5,1,10,2,13,,42,42,1,22,8,C03,120.655684,24.196064,2
2022,5,11,17,41,臺中市,北區,0,0,0,,,,50,,,,,,,,,,,,,,,23,,,,,B03,,,1,,11,,,23,23,1,22,,B03,120.672481,24.169825,3
2022,5,11,17,41,臺中市,大肚區,0,1,0,8,1,5,50,4,1,1,5,4,5,7,1,1,10,5,5,2,16,9,3,10,1,1,C03,7,6,2,18,2,12,,9,9,1,16,8,C03,120.545949,24.148597,2
2022,5,11,17,45,臺中市,北屯區,0,3,0,8,1,5,50,4,1,1,5,4,5,7,4,4,10,5,5,2,15,6,2,9,1,1,C03,7,9,6,10,2,11,,6,6,1,21,8,C03,120.694109,24.178729,2
2022,5,11,17,46,臺中市,東區,0,1,0,8,1,5,50,4,9,1,5,4,5,7,4,4,5,5,5,2,18,23,2,9,1,1,C03,7,9,1,10,2,15,,23,23,1,22,8,C03,120.700168,24.140371,2
2022,5,11,17,53,臺中市,北屯區,0,2,0,7,3,5,50,3,1,1,4,4,5,7,4,4,10,5,5,2,16,6,3,10,1,1,B03,7,5,1,8,2,1,,6,6,1,22,8,B03,120.704724,24.166545,2
2022,5,11,17,53,臺中市,大甲區,0,1,0,8,1,5,50,3,2,1,5,4,5,7,4,4,5,5,5,1,17,17,2,8,1,1,C03,7,6,1,10,2,15,,17,17,1,22,9,C03,120.617804,24.347944,2
2022,5,11,17,55,臺中市,西區,0,1,0,8,2,5,50,4,2,1,5,4,5,7,2,1,10,5,5,2,12,7,2,8,1,1,C03,7,7,1,10,2,14,,7,7,1,19,9,C03,120.655092,24.146688,2
2022,5,11,17,58,臺中市,北屯區,0,2,0,8,1,5,50,4,1,1,5,4,5,7,4,4,10,5,5,2,17,6,2,9,1,1,C02,7,5,1,9,2,12,,6,6,1,21,8,C02,120.703698,24.186398,2
2022,5,11,17,58,臺中市,大肚區,0,0,0,8,,,50,,,,,,,,,,,,,,,19,,,,,C03,,,1,,2,,,44,19,1,22,,C03,120.579277,24.169299,3
2022,5,11,18,4,臺中市,石岡區,0,0,0,8,,,70,,,,,,,,,,,,,,,12,,,,,A12,,,1,,2,,,12,12,1,22,,A12,120.763351,24.277083,3
2022,5,11,18,5,臺中市,南屯區,0,0,0,8,,,50,,,,,,,,,,,,,,,17,,,,,C03,,,1,,1,,,17,17,1,9,,C03,120.615289,24.14719,3
2022,5,11,18,11,臺中市,豐原區,0,0,0,8,,,50,,,,,,,,,,,,,,,23,,,,,B12,,,1,,2,,,23,23,1,22,,B12,120.720584,24.266936,3
2022,5,11,18,14,臺中市,豐原區,0,0,0,8,,,50,,,,,,,,,,,,,,,7,,,,,B03,,,1,,2,,,7,7,1,21,,B03,120.700749,24.249062,3
2022,5,11,18,16,臺中市,北屯區,0,0,0,6,,,50,,,,,,,,,,,,,,,16,,,,,B03,,9,1,8,1,1,,16,16,1,21,8,B03,120.691025,24.162908,3
2022,5,11,18,17,臺中市,后里區,0,2,0,8,2,5,30,3,9,2,5,4,5,7,4,4,10,5,5,2,17,10,2,9,1,1,C03,7,11,1,10,2,12,,10,10,1,21,8,C03,120.722261,24.31263,2
2022,5,11,18,21,臺中市,豐原區,0,1,0,8,3,5,60,5,1,1,5,4,5,7,1,1,1,2,5,2,16,26,2,9,1,1,C03,7,5,1,10,2,13,,26,26,1,22,8,C03,120.704666,24.25483,2
2022,5,11,18,22,臺中市,西屯區,0,1,0,8,3,5,50,14,9,1,5,4,5,7,4,4,1,5,5,2,13,23,3,10,1,1,B03,7,9,1,8,1,1,,23,23,1,22,8,B03,120.647405,24.15994,2
2022,5,11,18,22,臺中市,西屯區,0,0,0,8,,,50,,,,,,,,,,,,,,,23,,,,,C04,,,1,,1,,,23,23,1,22,,C04,120.642206,24.171838,3