年,月,日,時,分,縣市,區,死,受傷,2-30,天候,光線,道路類別,速限,道路型態,事故位置,路面鋪裝,路面狀態,路面缺陷,障礙物,視距,號誌種類,號誌動作,分向設施,快車道或一般車道間,快慢車道間,路面邊線,事故類型及型態,主要肇因,受傷程度,主要傷處,保護裝備,行動電話,當事者區分,車輛用途,當事者行動狀態,駕駛資格情形,駕駛執照種類,飲酒情形,車輛撞擊部位最初,車輛撞擊部位其他,肇事因素個別,肇事因素主要,肇事逃逸,職業,旅次目的,車種,GPS緯度,GPS經度,事故類別
2022,5,14,20,50,臺中市,北區,0,0,0,6,3,5,50,3,1,1,4,4,5,7,2,1,10,5,5,2,12,26,3,10,1,1,C03,7,8,1,10,9,13,,26,26,1,22,8,C03,120.681814,24.144626,3
2022,5,14,20,53,臺中市,霧峰區,0,0,0,8,,,40,,,,,,,,,,,,,,,42,,,,,B03,,,1,,2,,,42,42,1,21,,B03,120.664524,24.047386,3
2022,5,14,21,5,臺中市,北屯區,0,1,0,6,3,5,50,4,1,1,4,4,5,7,4,4,10,5,5,2,15,6,3,10,1,1,B03,7,9,1,8,2,4,,6,6,1,21,7,B03,120.687273,24.180156,2
2022,5,14,21,8,臺中市,南區,0,0,0,,,,50,,,,,,,,,,,,,,,19,,,,,B03,,,1,,2,,,19,19,1,21,,B03,120.644817,24.110035,3
2022,5,14,21,8,臺中市,西屯區,0,2,0,6,3,5,30,4,1,1,4,4,5,7,4,4,10,5,5,2,15,6,2,9,3,4,C03,7,9,1,10,2,12,,6,6,1,22,8,C03,120.643541,24.179763,2
2022,5,14,21,20,臺中市,后里區,0,0,0,6,,,50,,,,,,,,,,,,,,,23,,,,,B03,,,1,,1,,,23,23,1,22,,B03,120.717931,24.307014,3
2022,5,14,21,36,臺中市,豐原區,0,1,0,6,3,5,40,4,9,1,4,4,5,7,1,1,1,4,5,2,18,23,2,9,1,1,C03,7,9,1,10,2,12,,23,23,1,21,8,C03,120.703361,24.238383,2
2022,5,14,21,37,臺中市,北區,0,2,0,6,3,5,50,5,1,1,4,4,5,7,1,1,1,4,5,2,13,23,2,8,1,1,C03,7,9,1,10,2,11,,23,23,1,21,8,C03,120.686252,24.15482,2
2022,5,14,21,40,臺中市,大雅區,0,1,0,6,3,5,50,4,1,1,4,4,5,7,1,1,10,5,5,2,12,6,3,10,1,1,B03,7,6,1,1,2,6,,6,6,1,22,9,B03,120.66238,24.21949,2
2022,5,14,21,42,臺中市,西屯區,0,1,0,6,3,5,50,4,1,1,4,4,5,7,1,1,5,5,4,2,17,43,2,9,3,4,C03,7,9,1,10,2,12,,43,43,1,22,8,C03,120.660436,24.164106,2
2022,5,14,21,44,臺中市,西屯區,0,0,0,6,,,30,,,,,,,,,,,,,,,12,,,,,B03,,,1,,1,,,12,12,1,22,,B03,120.640201,24.181287,3
2022,5,14,21,46,臺中市,中區,0,0,0,8,,,50,,,,,,,,,,,,,,,12,,,,,B03,,,1,,1,,,12,12,1,21,,B03,120.676415,24.143601,3
2022,5,14,22,24,臺中市,太平區,0,1,0,6,3,5,50,14,9,1,4,4,5,7,4,4,9,5,5,1,18,43,2,8,1,1,C03,7,9,1,10,2,12,,43,43,1,22,8,C03,120.725563,24.112991,2
2022,5,14,22,26,臺中市,霧峰區,0,2,0,6,3,5,30,11,9,1,4,4,5,7,4,4,5,5,5,1,17,26,2,9,1,1,C03,7,9,1,10,2,11,,26,26,1,22,8,C03,120.689445,24.070373,2
2022,5,14,22,27,臺中市,豐原區,0,1,0,6,3,5,50,4,18,1,4,4,5,7,1,1,1,2,4,2,1,26,3,10,1,1,B03,7,5,1,8,2,8,,26,26,1,4,5,B03,120.728897,24.250997,2
2022,5,14,22,30,臺中市,大甲區,0,0,0,6,,,50,,,,,,,,,,,,,,,10,,,,,B12,,,1,,1,,,10,10,1,22,,B12,120.654151,24.395054,3
2022,5,14,22,42,臺中市,神岡區,0,1,0,6,4,5,50,14,8,1,4,4,5,7,4,4,9,5,4,2,17,14,3,10,1,1,B03,7,9,1,8,2,1,,14,14,1,21,8,B03,120.648836,24.258151,2
2022,5,14,23,8,臺中市,梧棲區,0,2,0,6,3,5,70,3,1,1,4,4,5,7,3,1,10,5,5,2,16,6,3,10,1,1,B03,7,5,1,8,2,1,,6,6,1,22,8,B03,120.544331,24.247096,2
2022,5,14,23,14,臺中市,西屯區,0,0,0,6,,,50,,,,,,,,,,,,,,,23,,,,,B02,,,1,,2,,,23,23,1,22,,B02,120.60101,24.182462,3
2022,5,14,23,27,臺中市,北區,0,0,0,6,,,50,,,,,,,,,,,,,,,7,,,,,B03,,,1,,2,,,7,7,1,22,,B03,120.683074,24.14606,3
2022,5,14,23,51,臺中市,太平區,0,0,0,,,,30,,,,,,,,,,,,,,,6,,,,,B03,,,1,,2,5,,6,6,1,22,,B03,120.73514,24.14463,3
2022,5,15,0,11,臺中市,西區,0,2,0,6,3,5,50,4,2,1,4,4,5,7,1,1,10,5,5,2,13,23,2,9,3,4,C03,7,9,1,10,2,11,,23,23,1,21,8,C03,120.665273,24.149048,2
2022,5,15,0,34,臺中市,豐原區,0,0,0,,,,30,,,,,,,,,,,,,,,23,,,,,B03,,,1,,2,,,23,23,1,22,,B03,120.723105,24.258802,3
2022,5,15,0,45,臺中市,西屯區,0,0,0,,,,50,,,,,,,,,,,,,,,23,,,,,B03,,,1,,1,,,23,23,1,22,,B03,120.641086,24.168007,3
2022,5,15,0,53,臺中市,西區,0,2,0,7,3,5,50,4,2,1,4,4,5,7,1,1,10,5,5,2,18,42,2,9,3,4,C03,7,9,1,10,1,12,,42,42,1,21,8,C03,120.665258,24.144361,2
2022,5,15,1,0,臺中市,龍井區,0,1,0,6,3,5,50,14,9,1,4,4,5,7,4,4,10,5,5,2,26,21,2,9,3,4,B12,7,9,1,3,8,1,,21,21,1,9,9,B12,120.520233,24.204581,2
2022,5,15,1,33,臺中市,烏日區,0,1,0,6,3,5,60,3,1,1,4,4,5,7,4,4,1,4,4,1,18,23,2,6,1,1,C03,7,9,1,10,9,12,,23,23,1,22,8,C03,120.617216,24.105701,2
2022,5,15,1,40,臺中市,北區,0,0,0,6,,,50,,,,,,,,,,,,,,,12,,,,,C03,,,6,,2,,,12,12,1,22,,C03,120.685395,24.162831,3
2022,5,15,3,34,臺中市,大肚區,0,1,0,6,3,5,50,11,9,1,4,4,5,7,4,4,5,5,5,2,18,23,2,9,1,1,C03,7,6,3,18,2,12,,23,23,1,12,8,C03,120.575138,24.111425,2
2022,5,15,4,18,臺中市,北區,0,1,0,6,4,5,50,3,8,1,4,4,5,7,1,1,8,3,4,2,12,40,3,10,1,1,B03,7,14,1,8,2,8,,40,40,1,4,8,B03,120.67751,24.168768,2
2022,5,15,4,55,臺中市,西屯區,0,0,0,6,,,50,,,,,,,,,,,,,,,16,,,,,B11,,,1,,2,,,16,16,1,22,,B11,120.657794,24.200719,3
2022,5,15,6,38,臺中市,龍井區,0,1,0,6,1,5,70,4,1,1,4,4,5,7,1,1,10,5,5,2,17,25,2,9,1,1,C03,7,9,1,10,2,15,,44,25,1,5,1,C03,120.510635,24.199656,2
2022,5,15,7,20,臺中市,南區,0,0,0,6,,,40,,,,,,,,,,,,,,,42,,,,,B03,,,1,8,2,,,42,42,1,5,,B03,120.674105,24.13098,3
2022,5,15,7,35,臺中市,豐原區,0,1,0,7,1,5,60,14,13,1,5,4,5,7,4,4,1,4,4,1,13,17,2,7,1,1,C03,7,9,1,10,2,11,12,17,17,1,23,1,C03,120.702017,24.237648,2
2022,5,15,8,0,臺中市,西屯區,0,1,0,8,1,5,30,3,1,1,5,4,5,7,4,4,10,5,5,2,16,6,3,10,1,1,B03,7,5,1,8,2,4,,6,6,1,22,8,B03,120.638385,24.181126,2
2022,5,15,8,0,臺中市,豐原區,0,0,0,8,,,50,,,,,,,,,,,,,,,16,,,,,B03,,,1,,2,,,16,16,1,12,,B03,120.736632,24.260795,3
2022,5,15,8,16,臺中市,潭子區,0,0,0,8,,,30,,,,,,,,,,,,,,,12,,,,,B03,,,1,,2,,,12,12,1,22,,B03,120.70657,24.209143,3
2022,5,15,8,21,臺中市,大雅區,0,0,0,8,,,30,,,,,,,,,,,,,,,43,,,,,B12,,,1,,2,,,43,43,1,22,,B12,120.634734,24.228407,3
2022,5,15,8,25,臺中市,梧棲區,0,0,0,8,,,50,,,,,,,,,,,,,,,8,,,,,B12,,,1,,2,,,8,8,1,9,,B12,120.53458,24.252448,3
2022,5,15,8,41,臺中市,西區,0,0,0,8,,,60,,,,,,,,,,,,,,,23,,,,,B03,,,1,,1,,,23,23,1,22,,B03,120.661587,24.155869,3
2022,5,15,8,48,臺中市,外埔區,0,1,0,7,1,5,50,11,9,1,4,4,5,1,4,4,9,5,5,1,11,42,2,7,1,1,C03,7,9,1,10,2,12,,42,42,1,21,4,C03,120.654669,24.336938,2
2022,5,15,9,5,臺中市,北屯區,0,2,0,7,1,5,50,4,1,1,5,4,5,7,1,1,10,5,5,2,15,25,2,9,1,1,C03,7,9,1,10,2,11,,25,25,1,22,8,C03,120.686938,24.167996,2
2022,5,15,9,8,臺中市,西區,0,2,0,8,1,5,40,14,8,1,5,4,5,7,4,4,5,4,4,2,17,23,2,7,1,1,C03,7,9,1,10,2,14,,23,23,1,5,7,C03,120.663626,24.157548,2
2022,5,15,9,14,臺中市,北區,0,1,0,7,1,5,50,3,1,1,4,4,5,7,1,1,10,5,5,2,17,21,2,7,3,4,B03,7,5,1,8,4,1,,21,21,1,21,9,B03,120.682261,24.152422,2
2022,5,15,9,14,臺中市,梧棲區,0,0,0,8,,,50,,,,,,,,,,,,,,,19,,,,,B03,,,1,,2,,,19,19,1,20,,B03,120.533502,24.255643,3
2022,5,15,9,16,臺中市,南區,0,2,0,8,1,5,50,4,1,1,5,4,3,7,4,4,10,5,5,2,15,6,2,9,1,1,C03,7,9,1,10,2,11,,6,6,1,21,8,C03,120.669252,24.122957,2
2022,5,15,9,23,臺中市,大里區,0,1,0,8,1,5,50,14,9,1,5,4,5,7,1,1,5,2,5,1,12,27,3,10,1,1,B03,7,6,1,8,2,6,,27,27,1,22,8,B03,120.693245,24.111832,2
2022,5,15,9,35,臺中市,大肚區,0,1,0,8,1,5,30,3,1,1,5,4,5,7,4,4,10,5,5,2,17,6,3,10,1,1,B03,7,5,1,8,2,5,,6,6,1,23,8,B03,120.573163,24.167175,2
2022,5,15,9,40,臺中市,東區,0,1,0,8,1,5,50,3,1,1,5,4,5,7,4,4,5,5,5,2,16,6,2,9,1,1,C03,7,5,1,10,2,11,,6,6,1,22,8,C03,120.689296,24.1415,2
2022,5,15,10,17,臺中市,西區,0,0,0,,,,50,,,,,,,,,,,,,,,26,,,,,B03,,,1,,1,,,26,26,1,5,,B03,120.6574,24.146746,3
2022,5,15,10,20,臺中市,烏日區,0,1,0,8,1,5,50,14,9,1,5,4,5,7,4,4,5,4,5,1,16,26,3,10,1,1,C03,7,11,1,10,2,12,,26,26,1,21,8,C03,120.643998,24.084629,2
2022,5,15,10,30,臺中市,清水區,0,0,0,8,,,40,,,,,,,,,,,,,,,12,,,,,B03,,,1,,2,,,12,12,1,22,,B03,120.575352,24.268319,3
2022,5,15,10,43,臺中市,大雅區,0,0,0,8,,,50,,,,,,,,,,,,,,,23,,,,,B03,,,1,,2,,,23,23,1,22,,B03,120.64774,24.223888,3
2022,5,15,10,43,臺中市,北區,0,0,0,8,,,50,,,,,,,,,,,,,,,19,,,,,B03,,,1,,1,,,19,19,1,22,,B03,120.684657,24.152906,3
2022,5,15,11,2,臺中市,北屯區,0,0,0,8,,,50,,,,,,,,,,,,,,,6,,,,,B03,,,1,,1,,,6,6,1,5,,B03,120.681925,24.178281,3
2022,5,15,11,5,臺中市,豐原區,0,0,0,8,,,60,,,,,,,,,,,,,,,19,,,,,B03,,,1,,2,,,19,19,1,21,,B03,120.710059,24.237034,3
2022,5,15,11,12,臺中市,大里區,0,0,0,8,,,40,,,,,,,,,,,,,,,19,,,,,B03,,,1,,2,,,19,19,1,22,,B03,120.702913,24.10643,3
2022,5,15,11,30,臺中市,西區,0,0,0,,,,50,,,,,,,,,,,,,,,23,,,,,B03,,,1,,1,,,23,23,1,21,,B03,120.659062,24.146602,3
2022,5,15,11,50,臺中市,南屯區,0,0,0,8,,,40,,,,,,,,,,,,,,,12,,,,,B12,,,1,,1,,,12,12,1,22,,B12,120.637222,24.137222,3
2022,5,15,11,55,臺中市,東區,0,0,0,8,,,50,,,,,,,,,,,,,,,23,,,,,B03,,,6,8,2,,,23,23,1,5,,B03,120.701453,24.139911,3
2022,5,15,12,18,臺中市,北屯區,0,1,0,7,1,5,25,11,7,1,5,4,5,7,4,4,1,2,5,1,18,23,2,9,1,1,C03,7,9,1,10,2,12,,23,23,1,22,8,C03,120.786533,24.206213,2
2022,5,15,12,18,臺中市,龍井區,0,1,0,7,1,5,50,4,1,1,5,4,5,7,4,4,10,5,5,2,15,6,2,5,1,1,C03,7,9,1,10,2,11,,6,6,1,5,1,C03,120.547696,24.193686,2
2022,5,15,12,19,臺中市,北屯區,0,0,0,8,,,50,,,,,,,,,,,,,,,23,,,,,B03,,,1,,2,,,23,23,1,22,,B03,120.682228,24.172391,3
2022,5,15,12,39,臺中市,西屯區,0,1,0,8,1,5,50,3,2,1,5,4,5,7,4,4,10,5,5,2,29,42,2,9,1,1,C03,7,9,1,10,2,14,,42,42,1,21,8,C03,120.619848,24.184436,2
2022,5,15,12,45,臺中市,豐原區,0,0,0,8,,,50,,,,,,,,,,,,,,,7,,,,,B03,,,1,,2,,,7,7,1,12,,B03,120.706596,24.25025,3
2022,5,15,12,58,臺中市,太平區,0,1,0,6,1,5,50,4,1,1,4,4,5,7,4,4,10,5,5,2,15,6,2,9,1,1,C03,7,9,1,10,2,14,,6,6,1,22,8,C03,120.703611,24.155833,2
2022,5,15,13,25,臺中市,大里區,0,2,0,6,1,5,50,4,1,1,4,4,5,7,1,1,10,5,5,2,16,23,2,9,1,1,C03,7,9,1,10,2,12,,23,23,1,18,8,C03,120.708812,24.086731,2
2022,5,15,13,29,臺中市,北屯區,0,2,0,8,1,5,50,4,1,1,5,4,5,7,1,2,10,5,5,2,16,8,2,9,2,1,F01,7,5,8,20,2,16,,8,8,1,22,8,F01,120.687838,24.173097,2
2022,5,15,13,44,臺中市,北屯區,0,2,0,6,1,5,50,4,1,1,4,4,5,7,1,1,10,5,5,2,17,19,2,9,1,1,C03,7,1,1,10,2,14,,19,19,1,22,8,C03,120.719245,24.175898,2
2022,5,15,13,46,臺中市,太平區,0,1,0,6,1,5,50,3,1,1,4,4,5,7,3,1,5,5,4,1,16,26,3,10,1,1,B12,7,5,1,8,2,8,,26,26,1,4,5,B12,120.733415,24.118904,2
2022,5,15,14,0,臺中市,龍井區,0,0,0,,,,15,,,,,,,,,,,,,,,6,,,,,C03,,,1,,2,,,6,6,1,22,,C03,120.545481,24.209527,3
2022,5,15,14,1,臺中市,南屯區,0,1,0,6,1,5,50,4,2,1,4,4,5,7,2,1,2,5,5,2,16,23,2,9,1,4,C03,7,15,4,11,6,15,,23,23,1,22,8,C03,120.649817,24.150845,2
2022,5,15,14,3,臺中市,大里區,0,0,0,8,,,50,,,,,,,,,,,,,,,6,,,,,C03,,,1,,9,,,6,6,1,22,,C03,120.663371,24.091096,3
2022,5,15,14,3,臺中市,神岡區,0,1,0,6,1,5,50,15,9,1,4,4,5,7,1,1,1,4,5,2,17,25,2,7,1,1,C03,7,9,1,10,2,11,,25,25,1,22,8,C03,120.6986,24.248902,2
2022,5,15,14,7,臺中市,東區,0,1,0,6,1,5,50,4,1,1,4,4,5,7,1,1,5,4,4,2,16,6,3,10,1,1,B03,7,5,1,8,2,5,,6,6,1,22,8,B03,120.702338,24.139031,2
2022,5,15,14,11,臺中市,西屯區,0,1,0,8,1,5,40,3,1,1,5,4,5,7,2,1,10,5,5,2,16,9,3,10,1,1,B03,7,6,1,8,11,6,,9,9,1,22,8,B03,120.647847,24.196114,2
2022,5,15,14,20,臺中市,中區,0,1,0,6,1,5,50,4,1,1,4,4,5,7,1,1,10,5,5,2,17,25,3,10,1,1,B03,7,9,1,8,2,1,,25,25,1,22,9,B03,120.68214,24.141525,2
2022,5,15,14,30,臺中市,霧峰區,0,1,0,6,1,5,50,4,1,1,4,4,5,7,1,1,9,5,4,1,18,23,2,9,1,1,C03,7,9,1,10,2,14,,23,23,1,22,8,C03,120.707491,24.076595,2
2022,5,15,14,48,臺中市,豐原區,0,1,0,6,1,5,50,14,7,1,4,4,5,7,4,4,5,4,4,2,16,7,2,9,1,1,C03,7,7,1,10,2,13,,7,7,1,21,8,C03,120.728,24.244421,2
2022,5,15,14,52,臺中市,豐原區,0,1,0,7,1,5,30,4,1,1,5,4,5,7,1,1,10,5,5,2,17,6,3,10,1,1,C03,7,5,1,10,2,13,,6,6,1,12,8,C03,120.723665,24.269413,2
2022,5,15,15,2,臺中市,烏日區,0,1,0,6,1,5,30,4,1,1,4,4,5,7,2,1,10,5,5,2,18,42,2,9,1,1,C03,7,5,1,10,2,14,,42,42,1,21,8,C03,120.616675,24.113876,2
2022,5,15,15,12,臺中市,東區,0,1,0,6,1,5,40,3,1,1,4,4,5,7,2,1,10,5,5,2,17,42,2,9,3,4,C03,7,9,1,10,2,14,,42,42,1,5,8,C03,120.70264,24.139945,2
2022,5,15,15,16,臺中市,東區,0,1,0,6,1,5,50,4,2,1,4,4,5,7,1,1,10,5,5,2,17,23,2,8,1,1,C03,7,6,1,10,2,11,,23,23,1,22,8,C03,120.697782,24.13316,2
2022,5,15,15,17,臺中市,豐原區,0,0,0,6,,,50,,,,,,,,,,,,,,,25,,,,,B03,,,1,,2,,,25,25,1,21,,B03,120.701216,24.249163,3
2022,5,15,15,25,臺中市,北區,0,1,0,6,1,5,50,4,2,1,4,4,5,7,1,1,5,5,5,2,18,23,2,9,1,1,C03,7,9,1,10,2,12,,23,23,1,21,8,C03,120.68668,24.160377,2
2022,5,15,15,46,臺中市,西屯區,0,0,0,6,,,30,,,,,,,,,,,,,,,6,,,,,B03,,,1,,2,,,6,6,1,22,,B03,120.613808,24.177289,3
2022,5,15,15,50,臺中市,東區,0,1,0,8,1,5,50,4,1,1,4,4,5,7,1,1,10,5,5,2,17,26,2,7,1,1,C03,7,5,1,10,2,14,,26,26,1,22,8,C03,120.684917,24.129052,2
2022,5,15,15,50,臺中市,太平區,0,0,0,6,,,50,,,,,,,,,,,,,,,23,,,,,B03,,,1,,2,,,23,23,1,22,,B03,120.714102,24.149632,3
2022,5,15,15,55,臺中市,北屯區,0,0,0,6,,,50,,,,,,,,,,,,,,,23,,,,,B03,,,1,,2,,,23,23,1,21,,B03,120.687508,24.189929,3
2022,5,15,15,57,臺中市,南區,0,2,0,6,1,5,50,4,1,1,4,4,5,7,1,1,10,5,5,2,16,42,3,10,1,1,B02,7,5,1,8,2,8,,42,42,1,22,8,B02,120.665713,24.113921,2
2022,5,15,16,1,臺中市,潭子區,0,0,0,6,,,60,,,,,,,,,,,,,,,16,,,,,B03,,,1,,2,,,16,16,1,22,,B03,120.707525,24.219579,3
2022,5,15,16,6,臺中市,神岡區,0,0,0,6,,,40,,,,,,,,,,,,,,,38,,,,,B03,,,1,,11,,,38,38,1,22,,B03,120.69375,24.23273,3
2022,5,15,16,13,臺中市,西區,0,1,0,6,1,5,50,3,1,1,4,4,5,7,4,4,1,5,5,2,16,6,3,10,1,1,B03,7,6,1,8,2,2,,6,6,1,5,8,B03,120.65759,24.153495,2
2022,5,15,16,14,臺中市,東勢區,0,0,0,8,,,50,,,,,,,,,,,,,,,23,,,,,B03,,,1,,2,,,23,23,1,21,,B03,120.830805,24.252009,3
2022,5,15,16,28,臺中市,南區,0,1,0,6,1,5,50,14,8,1,4,4,5,7,4,4,5,4,4,2,12,19,3,10,1,1,B03,7,1,1,8,2,8,,19,19,1,22,8,B03,120.673446,24.129836,2
2022,5,15,16,31,臺中市,南區,0,1,0,6,1,5,40,4,1,1,4,4,5,7,2,1,10,5,5,2,16,6,3,10,3,4,B03,7,6,1,8,2,2,,6,6,1,5,8,B03,120.678061,24.129361,2
2022,5,15,16,43,臺中市,北屯區,0,1,0,6,1,5,50,4,1,1,4,4,5,7,2,1,10,5,5,2,15,25,2,9,1,1,C03,7,9,1,10,2,11,12,25,25,1,5,8,C03,120.721638,24.163416,2
2022,5,15,16,54,臺中市,西屯區,0,0,0,6,,,50,,,,,,,,,,,,,,,23,,,,,B03,,,1,,2,,,23,23,2,22,,B03,120.621555,24.185267,3
2022,5,15,17,7,臺中市,東區,0,1,0,6,1,5,50,4,1,1,4,4,3,5,4,4,10,5,5,2,15,6,3,10,1,1,B03,7,9,1,8,2,2,,6,6,1,22,8,B03,120.697178,24.141514,2
2022,5,15,17,8,臺中市,潭子區,0,1,0,6,1,5,50,3,1,1,4,4,5,7,1,1,4,2,5,1,16,9,3,10,1,1,C03,7,6,1,10,6,12,,9,9,1,22,9,C03,120.722673,24.205902,2
2022,5,15,17,18,臺中市,大雅區,0,0,0,6,,,30,,,,,,,,,,,,,,,5,,,,,B02,,,1,,2,,,5,5,1,22,,B02,120.60618,24.22266,3
2022,5,15,17,26,臺中市,大雅區,0,0,0,6,,,50,,,,,,,,,,,,,,,6,,,,,B03,,,1,,2,,,6,6,1,22,,B03,120.649555,24.224113,3
2022,5,15,17,26,臺中市,西區,0,0,0,6,,,50,,,,,,,,,,,,,,,17,,,,,B03,,,1,,9,,,17,17,1,5,,B03,120.658978,24.152084,3
2022,5,15,17,28,臺中市,豐原區,0,0,0,6,,,50,,,,,,,,,,,,,,,23,,,,,B03,,,1,,2,,,23,23,1,21,,B03,120.749904,24.269093,3
2022,5,15,17,41,臺中市,豐原區,0,0,0,,,,60,,,,,,,,,,,,,,,23,,,,,B03,,,1,,1,,,23,23,1,22,,B03,120.721214,24.236393,3
2022,5,15,17,44,臺中市,新社區,0,1,0,6,1,5,30,5,1,1,4,4,5,7,4,4,10,5,5,2,16,6,3,10,1,1,B03,7,6,1,8,2,2,,6,6,1,5,8,B03,120.807298,24.20279,2
2022,5,15,17,48,臺中市,北區,0,1,0,6,1,5,50,4,1,1,4,4,5,6,1,1,5,5,5,2,16,25,2,9,1,1,C03,7,9,3,18,7,11,,25,25,1,22,8,C03,120.680745,24.154067,2
2022,5,15,17,53,臺中市,北屯區,0,0,0,6,,,50,,,,,,,,,,,,,,,26,,,,,B03,,,1,,1,,,26,26,1,5,,B03,120.721571,24.182266,3
2022,5,15,17,55,臺中市,西屯區,0,0,0,6,,,40,,,,,,,,,,,,,,,23,,,,,B03,,,1,,1,,,23,23,1,21,,B03,120.650272,24.162553,3
2022,5,15,18,0,臺中市,北區,0,0,0,,,,50,,,,,,,,,,,,,,,26,,,,,B03,,,1,,2,,,26,26,1,5,,B03,120.671307,24.173663,3
2022,5,15,18,0,臺中市,太平區,0,1,0,6,3,5,50,14,9,1,4,4,5,7,4,4,5,4,5,1,18,43,2,9,1,1,C03,7,9,1,10,2,14,,43,43,1,21,8,C03,120.717064,24.127874,2
2022,5,15,18,2,臺中市,大雅區,0,1,0,6,3,5,30,4,18,1,4,4,5,7,1,1,10,5,5,2,3,15,3,10,1,1,B03,7,5,1,8,2,1,,15,15,1,22,9,B03,120.64791,24.22293,2
2022,5,15,18,10,臺中市,西區,0,1,0,6,2,5,50,4,1,1,4,4,5,7,4,4,10,5,5,2,15,6,3,10,1,1,B03,7,9,1,8,2,4,,6,6,1,21,8,B03,120.663032,24.149039,2
2022,5,15,18,14,臺中市,西屯區,0,1,0,6,3,5,30,4,1,1,4,4,5,7,4,4,10,5,5,2,15,6,2,9,1,1,F01,7,9,8,20,2,16,,6,6,1,22,8,F01,120.642778,24.175246,2
2022,5,15,18,16,臺中市,北區,0,2,0,6,3,5,50,4,2,1,4,4,5,7,1,1,5,5,4,2,16,7,2,9,1,1,C03,7,10,1,10,2,14,,7,7,1,21,8,C03,120.678273,24.171302,2
2022,5,15,18,21,臺中市,東勢區,0,1,0,6,2,5,60,3,9,1,4,4,5,7,4,4,10,5,5,2,17,9,3,10,1,1,B03,7,6,1,8,2,2,,9,9,1,21,8,B03,120.809761,24.303264,2
2022,5,15,18,29,臺中市,西區,0,0,0,6,,,50,,,,,,,,,,,,,,,23,,,,,B03,,,1,,1,,,23,23,1,21,,B03,120.662609,24.155678,3
2022,5,15,18,36,臺中市,大里區,0,0,0,6,,,50,,,,,,,,,,,,,,,12,,,,,B12,,,1,,2,,,12,12,1,22,,B12,120.701818,24.099145,3
2022,5,15,19,0,臺中市,大雅區,0,0,0,6,,,50,,,,,,,,,,,,,,,16,,,,,B03,,,1,,2,,,16,16,1,22,,B03,120.64918,24.2163,3
2022,5,15,19,5,臺中市,大雅區,0,0,0,6,,,50,,,,,,,,,,,,,,,23,,,,,A12,,,1,,9,,,23,23,1,22,,A12,120.65055,24.2193,3
2022,5,15,19,7,臺中市,西屯區,0,1,0,6,2,5,50,14,9,1,4,4,5,7,4,4,5,4,5,2,18,23,2,9,1,1,C03,7,8,1,10,2,12,,23,23,1,21,1,C03,120.617891,24.188063,2
2022,5,15,19,11,臺中市,北區,0,2,0,6,3,5,40,14,8,1,4,4,5,7,4,4,1,4,5,2,9,23,2,9,1,1,C03,7,9,1,10,2,11,,23,23,1,22,8,C03,120.666151,24.153933,2
2022,5,15,19,12,臺中市,北屯區,0,0,0,6,,,30,,,,,,,,,,,,,,,23,,,,,C03,,,1,,11,,,23,23,1,21,,C03,120.67186,24.184076,3
2022,5,15,19,17,臺中市,大雅區,0,2,0,6,3,5,50,4,2,1,4,4,5,7,4,4,5,5,5,1,1,23,2,9,1,1,C03,7,9,1,10,2,11,,23,23,1,22,9,C03,120.64861,24.229279,2
2022,5,15,19,20,臺中市,東區,0,1,0,6,3,5,50,4,1,1,4,4,5,7,1,1,10,5,5,2,13,23,2,9,1,1,C03,7,9,1,10,2,11,,23,23,1,21,8,C03,120.699357,24.14797,2
2022,5,15,19,33,臺中市,豐原區,0,1,0,6,3,5,50,14,8,1,4,4,5,7,4,4,5,5,4,2,17,38,3,10,2,1,B03,7,13,1,8,2,4,,38,38,1,21,8,B03,120.698868,24.246423,2
2022,5,15,19,51,臺中市,大里區,0,1,0,6,1,8,50,3,1,1,4,4,5,7,3,1,10,5,5,2,17,42,2,8,1,1,C04,7,9,1,10,2,14,,42,42,1,22,8,C04,120.70212,24.068303,2
2022,5,15,19,53,臺中市,后里區,0,1,0,6,3,5,50,3,1,1,4,4,5,7,2,1,10,5,5,2,15,43,3,10,1,1,C03,7,9,1,10,2,12,,43,43,1,22,8,C03,120.722428,24.303018,2
2022,5,15,19,54,臺中市,北區,0,1,0,6,3,5,50,4,18,1,4,4,5,7,1,1,5,5,5,2,2,15,3,10,1,1,B03,7,5,1,8,2,8,,15,15,1,21,8,B03,120.67502,24.149051,2
2022,5,15,19,55,臺中市,清水區,0,0,0,6,,,70,,,,,,,,,,,,,,,6,,,,,B03,,,1,,2,,,6,6,1,5,,B03,120.561916,24.262926,3
2022,5,15,20,7,臺中市,西區,0,0,0,6,3,5,50,4,1,1,4,4,5,7,1,1,10,5,4,2,12,6,,,,,B03,,,1,,2,,,6,6,1,22,,B03,120.649891,24.146771,3
2022,5,15,20,12,臺中市,西屯區,0,2,0,6,3,5,30,3,1,1,4,4,5,7,4,4,10,5,5,2,16,6,2,7,1,1,C03,7,5,1,10,2,14,,6,6,1,22,8,C03,120.645816,24.175066,2