年,月,日,時,分,縣市,區,死,受傷,2-30,天候,光線,道路類別,速限,道路型態,事故位置,路面鋪裝,路面狀態,路面缺陷,障礙物,視距,號誌種類,號誌動作,分向設施,快車道或一般車道間,快慢車道間,路面邊線,事故類型及型態,主要肇因,受傷程度,主要傷處,保護裝備,行動電話,當事者區分,車輛用途,當事者行動狀態,駕駛資格情形,駕駛執照種類,飲酒情形,車輛撞擊部位最初,車輛撞擊部位其他,肇事因素個別,肇事因素主要,肇事逃逸,職業,旅次目的,車種,GPS緯度,GPS經度,事故類別
2022,5,15,20,16,臺中市,北區,0,2,0,6,3,5,50,4,1,1,4,4,5,7,4,4,10,5,5,2,15,6,2,9,1,1,C03,7,9,1,10,2,11,,6,6,1,22,8,C03,120.68665,24.155881,2
2022,5,15,20,20,臺中市,大甲區,0,2,0,6,3,5,50,4,1,1,4,4,5,7,4,4,10,5,5,2,15,6,2,9,1,1,C03,7,9,1,10,2,11,,6,6,1,22,8,C03,120.621453,24.351404,2
2022,5,15,20,31,臺中市,潭子區,0,1,0,6,3,5,60,3,1,1,4,4,5,7,1,1,1,2,5,1,17,25,2,9,1,1,F01,7,5,8,20,2,16,,25,25,1,22,9,F01,120.705749,24.218166,2
2022,5,15,20,47,臺中市,太平區,0,1,0,6,3,5,50,3,1,1,4,4,5,6,4,4,10,5,5,2,13,23,2,9,1,1,C03,7,9,1,10,2,11,11,23,23,1,21,8,C03,120.722566,24.13314,2
2022,5,15,20,54,臺中市,豐原區,0,0,0,,,,30,,,,,,,,,,,,,,,12,,,,,B03,,,1,,2,,,12,12,1,22,,B03,120.723983,24.240097,3
2022,5,15,20,58,臺中市,神岡區,0,1,0,6,3,5,50,4,1,1,4,4,5,7,3,1,5,5,5,1,17,6,2,4,1,1,C03,7,9,1,10,2,11,,6,6,1,22,8,C03,120.653363,24.278577,2
2022,5,15,21,0,臺中市,大雅區,0,0,0,6,,,30,,,,,,,,,,,,,,,12,,,,,B03,,,1,,2,,,12,12,1,22,,B03,120.66588,24.232361,3
2022,5,15,21,14,臺中市,大肚區,0,0,0,6,,,50,,,,,,,,,,,,,,,43,,,,,B03,,,7,,11,,,43,43,1,19,,B03,120.557059,24.160641,4
2022,5,15,21,15,臺中市,西區,0,0,0,6,3,5,50,4,2,1,5,4,5,7,1,1,5,2,5,2,13,23,,,,,B03,,,1,,1,,,23,23,1,4,,B03,120.661652,24.147889,3
2022,5,15,21,24,臺中市,北區,0,1,0,6,3,5,50,4,2,1,4,4,5,7,1,1,5,4,4,2,13,23,3,10,1,1,B03,7,9,1,8,2,1,,23,23,1,22,8,B03,120.678279,24.14853,2
2022,5,15,21,38,臺中市,潭子區,0,2,0,6,3,5,60,14,8,1,4,4,5,7,4,4,1,4,4,1,13,23,2,9,1,1,C03,7,9,1,10,2,11,,23,23,1,22,9,C03,120.702929,24.197696,2
2022,5,15,21,43,臺中市,西屯區,0,1,0,6,3,5,50,14,9,1,4,4,5,7,4,4,5,5,5,2,12,19,3,10,3,4,B02,7,1,1,8,2,7,,19,19,1,22,8,B02,120.644301,24.175071,2
2022,5,15,21,49,臺中市,大安區,0,1,0,6,3,5,60,4,1,1,4,4,1,7,1,1,10,5,5,1,18,43,2,9,1,1,C03,7,9,1,10,2,14,,43,43,1,22,6,C03,120.574374,24.345786,2
2022,5,15,21,52,臺中市,豐原區,0,0,0,6,,,50,,,,,,,,,,,,,,,26,,,,,B03,,,1,,2,,,26,26,1,21,,B03,120.718763,24.253419,3
2022,5,15,22,14,臺中市,大肚區,0,2,0,6,3,5,70,14,8,1,4,4,5,7,4,4,1,4,4,1,13,23,2,9,1,1,C03,7,9,2,18,2,11,,23,23,1,12,8,C03,120.558291,24.127248,2
2022,5,15,22,59,臺中市,北屯區,0,1,0,6,3,5,50,14,7,1,4,4,1,7,4,4,5,4,4,2,28,23,3,10,3,4,C03,7,9,1,10,2,11,,23,23,1,21,8,C03,120.697299,24.165061,2
2022,5,15,23,17,臺中市,西區,0,0,0,6,,,50,,,,,,,,,,,,,,,23,,,,,B03,,,1,,1,,,23,23,1,21,,B03,120.661587,24.155869,4
2022,5,15,23,25,臺中市,西屯區,0,2,0,6,3,5,50,4,1,1,4,4,5,7,4,4,9,5,5,1,2,23,2,9,3,4,C03,7,9,1,10,2,11,,23,23,1,22,8,C03,120.667083,24.17644,2
2022,5,16,0,29,臺中市,大雅區,0,0,0,6,,,50,,,,,,,,,,,,,,,23,,,,,C03,,,1,,2,,,23,23,1,22,,C03,120.65376,24.231066,3
2022,5,16,1,35,臺中市,南區,1,0,0,6,3,5,50,4,2,1,4,4,5,7,1,1,10,5,5,2,9,51,1,1,4,5,H01,8,16,8,20,10,16,,51,51,1,21,8,H01,120.67004,24.112788,1
2022,5,16,1,44,臺中市,潭子區,0,1,0,6,3,5,50,14,9,1,4,4,5,7,4,4,9,4,5,1,21,23,2,1,1,1,C03,7,9,1,10,8,11,,23,23,1,22,8,C03,120.70409,24.22029,2
2022,5,16,2,17,臺中市,西屯區,0,0,0,6,,,60,,,,,,,,,,,,,,,23,,,,,B03,,,1,,1,,,23,23,1,22,,B03,120.629001,24.205949,3
2022,5,16,3,4,臺中市,北區,0,1,0,6,3,5,50,4,2,1,4,4,5,7,2,1,8,3,5,2,12,23,2,9,1,1,B12,7,9,1,8,2,1,,23,23,1,5,8,B12,120.674451,24.163049,2
2022,5,16,6,50,臺中市,西屯區,0,1,0,6,1,5,50,4,1,1,4,4,5,7,2,1,5,4,5,2,12,16,3,10,3,4,B12,7,5,1,8,2,4,,16,16,1,22,8,B12,120.605623,24.161694,2
2022,5,16,6,50,臺中市,大安區,0,1,0,8,1,5,30,11,9,1,4,4,5,7,4,4,10,5,5,2,11,13,2,9,1,1,C03,7,9,1,10,2,14,,13,13,1,10,8,C03,120.595233,24.356719,2
2022,5,16,7,0,臺中市,龍井區,0,0,0,6,,,30,,,,,,,,,,,,,,,42,,,,,B03,,,1,,1,,,42,42,1,22,,B03,120.590615,24.180278,4
2022,5,16,7,3,臺中市,北屯區,0,0,0,6,,,50,,,,,,,,,,,,,,,17,,,,,B03,,,1,,1,,,17,17,1,22,,B03,120.7011,24.185333,3
2022,5,16,7,5,臺中市,潭子區,0,1,0,6,1,5,60,3,2,1,4,4,5,7,1,1,1,3,4,1,17,10,3,10,1,1,B03,7,11,1,8,2,2,,10,10,1,22,8,B03,120.701762,24.189546,2
2022,5,16,7,12,臺中市,烏日區,0,0,0,6,,,60,,,,,,,,,,,,,,,19,,,,,B02,,,1,,2,,,19,19,1,4,,B02,120.636293,24.107216,3
2022,5,16,7,25,臺中市,梧棲區,0,1,0,6,1,5,50,4,1,1,4,4,5,7,4,4,10,5,5,2,16,10,3,10,1,1,B03,7,11,1,8,2,8,,10,10,1,4,1,B03,120.528304,24.254617,2
2022,5,16,7,26,臺中市,北屯區,0,0,0,6,,,50,,,,,,,,,,,,,,,42,,,,,C03,,,1,,2,,,42,42,1,22,,C03,120.682806,24.173931,3
2022,5,16,7,30,臺中市,潭子區,0,1,0,6,1,5,50,4,1,1,4,4,5,7,4,4,10,5,5,2,18,23,,,,,,,,,,,,,67,23,1,,,,120.696419,24.1955,2
2022,5,16,7,30,臺中市,北區,0,1,0,6,1,5,30,3,1,1,4,4,5,6,4,4,10,5,5,2,16,6,3,10,1,1,B03,7,6,1,8,2,1,,6,6,1,22,8,B03,120.681368,24.163178,2
2022,5,16,7,30,臺中市,烏日區,0,0,0,6,,,40,,,,,,,,,,,,,,,25,,,,,B03,,,1,,2,,,25,25,1,21,,B03,120.644024,24.092944,3
2022,5,16,7,30,臺中市,烏日區,0,1,0,6,1,5,30,4,1,1,4,4,5,7,4,4,10,5,5,2,15,6,3,10,1,1,B12,7,9,1,8,2,5,,6,6,1,5,8,B12,120.639785,24.111551,2
2022,5,16,7,30,臺中市,清水區,0,1,0,6,1,5,30,4,1,1,4,4,5,7,4,4,10,5,5,2,15,6,3,10,1,1,B03,7,9,1,8,2,5,,6,6,1,5,5,B03,120.561383,24.274314,2
2022,5,16,7,32,臺中市,大甲區,0,1,0,6,1,5,70,14,9,1,4,4,5,7,4,4,1,4,5,1,13,23,2,9,1,1,C03,7,9,1,10,2,11,,23,23,1,4,1,C03,120.617281,24.343304,2
2022,5,16,7,33,臺中市,霧峰區,0,0,0,8,,,50,,,,,,,,,,,,,,,18,,,,,B12,,,1,,2,,,18,18,1,4,,B12,120.696848,24.026943,3
2022,5,16,7,35,臺中市,大里區,0,1,0,6,1,5,50,3,1,1,4,4,5,7,4,4,9,5,5,1,16,9,3,10,1,1,C03,7,6,1,10,2,12,,9,9,1,22,8,C03,120.728005,24.090698,2
2022,5,16,7,40,臺中市,大里區,0,1,0,6,1,5,50,3,1,1,4,4,5,7,4,4,10,5,5,2,16,23,2,9,1,1,C03,7,9,1,10,2,11,,23,23,1,9,1,C03,120.714705,24.096648,2
2022,5,16,7,40,臺中市,烏日區,0,2,0,6,1,5,50,14,8,1,4,4,5,7,4,4,5,4,4,1,13,23,2,9,1,1,C03,7,9,1,10,2,11,,23,23,1,21,8,C03,120.651477,24.094091,2
2022,5,16,7,42,臺中市,西屯區,0,0,0,6,,,60,,,,,,,,,,,,,,,23,,,,,B03,,,1,,1,,,23,23,1,22,,B03,120.645637,24.164466,3
2022,5,16,7,45,臺中市,西屯區,0,0,0,6,,,40,,,,,,,,,,,,,,,42,,,,,B03,,,1,,11,,,42,42,1,22,,B03,120.658224,24.159206,3
2022,5,16,7,45,臺中市,霧峰區,0,2,0,6,1,8,30,14,9,1,4,4,5,7,4,4,5,5,5,1,16,26,2,9,1,1,C03,7,5,1,10,2,12,,26,26,1,9,1,C03,120.679024,24.072067,2
2022,5,16,7,45,臺中市,大甲區,0,1,0,6,1,5,60,3,1,1,4,4,5,7,1,1,3,5,5,2,12,7,3,10,1,1,B03,7,8,3,18,2,2,,7,7,1,4,8,B03,120.640178,24.363734,2
2022,5,16,7,46,臺中市,大里區,0,1,0,8,1,5,50,3,1,1,5,4,5,7,4,4,9,5,5,1,11,8,3,10,1,1,B03,7,5,1,8,2,8,,8,8,1,22,8,B03,120.712428,24.086118,2
2022,5,16,7,48,臺中市,神岡區,0,1,0,6,1,5,50,14,9,1,4,4,5,7,4,4,7,5,5,1,17,6,2,9,1,1,C03,7,11,1,10,2,13,,6,6,1,22,8,C03,120.706674,24.260676,2
2022,5,16,7,50,臺中市,豐原區,0,1,0,6,1,5,50,14,9,1,4,4,5,7,4,4,1,3,5,2,13,16,3,10,1,1,B03,7,9,1,8,2,1,,16,16,1,4,5,B03,120.700438,24.249005,2
2022,5,16,7,51,臺中市,后里區,0,1,0,6,1,5,50,4,1,1,4,4,5,7,4,4,10,5,5,2,11,23,3,10,1,1,B03,7,5,1,8,2,1,,23,23,1,4,1,B03,120.719985,24.306436,2
2022,5,16,7,52,臺中市,烏日區,0,1,0,6,1,5,60,14,7,1,4,4,5,7,4,4,1,4,4,1,17,7,2,9,1,1,C03,7,7,1,10,2,14,,7,7,1,5,1,C03,120.635275,24.107052,2
2022,5,16,7,52,臺中市,清水區,0,1,0,6,1,5,50,4,1,1,4,4,5,7,1,1,10,5,5,2,16,6,3,10,1,1,B03,7,5,1,8,2,2,,6,6,1,5,5,B03,120.575586,24.272361,2
2022,5,16,7,55,臺中市,東區,0,0,0,6,,,50,,,,,,,,,,,,,,,23,,,,,B03,,,1,,2,,,23,23,1,22,,B03,120.705301,24.130214,3
2022,5,16,7,55,臺中市,北屯區,0,0,0,6,,,50,,,,,,,,,,,,,,,12,,,,,B12,,,1,,1,,,12,12,1,22,,B12,120.713679,24.173421,3
2022,5,16,7,55,臺中市,北屯區,0,1,0,6,1,5,50,4,1,1,4,4,5,7,2,1,10,5,5,2,12,26,3,10,1,1,C03,7,9,1,10,2,15,,26,26,1,5,8,C03,120.671433,24.173841,2
2022,5,16,8,0,臺中市,西屯區,0,0,0,6,,,40,,,,,,,,,,,,,,,16,,,,,B03,,,1,,1,,,16,16,1,22,,B03,120.606438,24.161626,3
2022,5,16,8,0,臺中市,大甲區,0,0,0,,,,40,,,,,,,,,,,,,,,44,,,,,C03,,,1,,1,,,44,44,1,22,,C03,120.626001,24.347697,3
2022,5,16,8,1,臺中市,烏日區,0,0,0,,,,50,,,,,,,,,,,,,,,23,,,,,B03,,,1,,2,,,23,23,1,22,,B03,120.624022,24.102675,3
2022,5,16,8,2,臺中市,大雅區,0,0,0,6,,,50,,,,,,,,,,,,,,,16,,,,,C03,,,1,,2,,,16,16,1,22,,C03,120.647375,24.226304,3
2022,5,16,8,4,臺中市,南區,0,0,0,6,,,50,,,,,,,,,,,,,,,42,,,,,B03,,,1,,2,,,42,42,1,22,,B03,120.659194,24.111126,3
2022,5,16,8,4,臺中市,南區,0,1,0,6,1,5,50,14,7,1,4,4,5,7,4,4,5,5,4,2,13,23,3,10,3,4,B03,7,14,1,8,2,3,,44,23,1,5,8,B03,120.707961,24.135953,2
2022,5,16,8,5,臺中市,西屯區,0,0,0,6,,,40,,,,,,,,,,,,,,,23,,,,,A11,,,1,,2,,,23,23,1,22,,A11,120.644568,24.165661,3
2022,5,16,8,8,臺中市,西屯區,0,3,0,6,1,5,40,14,8,1,4,4,5,7,4,4,1,1,1,2,17,6,3,10,1,1,B03,7,15,1,8,2,2,,6,6,1,22,8,B03,120.637561,24.159119,2
2022,5,16,8,8,臺中市,烏日區,0,0,0,6,,,50,,,,,,,,,,,,,,,7,,,,,B03,,,1,,2,,,7,7,1,19,,B03,120.637641,24.096555,3
2022,5,16,8,14,臺中市,西屯區,0,0,0,6,,,50,,,,,,,,,,,,,,,12,,,,,A41,,,1,,2,,,12,12,1,1,,A41,120.605235,24.159033,3
2022,5,16,8,19,臺中市,西屯區,0,0,0,6,,,50,,,,,,,,,,,,,,,42,,,,,C03,,,1,,2,,,42,42,2,22,,C03,120.589561,24.176051,3
2022,5,16,8,26,臺中市,南區,0,1,0,6,1,5,30,3,9,1,4,4,5,7,4,4,1,5,5,2,17,19,3,10,1,1,B03,7,1,1,8,2,8,,19,19,1,21,8,B03,120.671991,24.126955,2
2022,5,16,8,30,臺中市,潭子區,0,1,0,6,1,5,50,4,2,1,4,4,5,7,1,1,8,5,5,1,17,23,3,10,1,1,B03,7,6,1,8,9,15,,44,23,2,22,8,B03,120.692011,24.218325,2
2022,5,16,8,30,臺中市,東區,0,1,0,8,1,5,50,5,1,1,4,4,5,7,1,1,10,5,5,2,18,23,2,9,1,1,C03,7,9,1,10,2,14,,23,23,1,22,8,C03,120.689187,24.136986,2
2022,5,16,8,35,臺中市,南屯區,0,1,0,6,1,5,50,4,1,1,4,4,5,7,2,1,10,5,5,2,16,26,3,10,1,1,B03,7,6,1,8,2,6,,26,26,1,22,9,B03,120.631111,24.145277,2
2022,5,16,8,35,臺中市,豐原區,0,2,0,6,1,5,30,3,2,1,4,4,5,7,4,4,10,5,5,2,17,5,2,9,1,1,C03,7,9,1,10,2,11,,44,5,1,4,1,C03,120.696929,24.229425,2
2022,5,16,8,36,臺中市,西屯區,0,2,0,6,1,5,50,4,4,1,4,4,5,7,1,1,10,5,5,2,16,4,3,10,1,1,B03,7,9,1,8,2,15,,4,4,1,22,8,B03,120.663102,24.167623,2
2022,5,16,8,37,臺中市,東勢區,0,1,0,6,1,5,50,3,9,1,4,4,5,7,1,1,5,4,1,1,17,6,2,9,1,1,C03,7,9,1,10,2,14,,14,6,1,22,9,C03,120.824063,24.258375,2
2022,5,16,8,40,臺中市,清水區,0,0,0,8,,,30,,,,,,,,,,,,,,,6,,,,,B03,,,1,,2,,,6,6,1,22,,B03,120.577788,24.276691,3
2022,5,16,8,46,臺中市,潭子區,0,1,0,6,1,5,60,14,9,1,4,4,5,7,4,4,9,4,4,1,17,23,2,9,1,1,C02,7,9,4,10,2,11,,23,23,1,22,8,C02,120.704992,24.214949,2
2022,5,16,8,48,臺中市,北區,0,1,0,6,1,5,50,3,9,1,4,4,5,7,4,4,5,5,5,2,17,6,2,9,1,1,C03,7,5,1,10,2,12,,6,6,1,22,9,C03,120.663479,24.160522,2
2022,5,16,8,55,臺中市,西屯區,0,2,0,6,1,5,40,14,8,1,4,4,5,7,4,4,1,3,1,1,17,19,2,9,1,1,C03,7,1,1,10,11,13,,19,19,1,22,8,C03,120.587624,24.185457,2
2022,5,16,8,55,臺中市,烏日區,0,1,0,6,1,5,30,3,1,1,4,4,5,7,4,4,1,4,5,2,17,6,3,10,1,1,B03,7,6,1,8,2,15,,6,6,1,21,8,B03,120.617411,24.105009,2
2022,5,16,8,56,臺中市,南區,0,1,0,6,1,5,50,4,1,1,4,4,5,7,2,1,10,5,5,2,16,6,3,10,1,1,B03,7,6,1,8,4,2,,6,6,1,21,8,B03,120.658741,24.1172,2
2022,5,16,8,59,臺中市,西屯區,0,0,0,6,,,50,,,,,,,,,,,,,,,23,,,,,B12,,,1,,1,,,23,23,1,1,,B12,120.617577,24.18833,3
2022,5,16,9,5,臺中市,大雅區,0,0,0,6,,,30,,,,,,,,,,,,,,,12,,,,,B12,,,1,,2,,,12,12,1,22,,B12,120.652355,24.2131,3
2022,5,16,9,7,臺中市,北屯區,0,1,0,6,1,5,40,3,2,1,4,4,5,7,4,4,10,5,5,2,17,19,2,9,1,1,C03,7,1,1,9,2,11,,19,19,1,22,1,C03,120.687398,24.175911,2
2022,5,16,9,7,臺中市,大里區,0,1,0,6,1,5,60,14,9,1,4,4,5,7,4,4,3,4,4,2,16,9,3,10,1,1,B03,7,6,1,8,2,6,,9,9,1,22,8,B03,120.690188,24.074941,2
2022,5,16,9,12,臺中市,北區,0,0,0,6,,,50,,,,,,,,,,,,,,,7,,,,,B03,,,1,,1,,,7,7,1,22,,B03,120.681103,24.162928,3
2022,5,16,9,26,臺中市,北屯區,0,1,0,6,1,5,50,4,4,1,4,4,5,7,2,1,1,4,5,2,13,23,3,10,1,1,B03,7,9,1,8,2,1,,23,23,1,22,8,B03,120.70027,24.164967,2
2022,5,16,9,30,臺中市,西屯區,0,1,0,6,1,5,50,14,9,1,4,4,5,7,4,4,1,5,5,2,17,43,2,9,1,1,C03,7,9,3,18,2,13,,43,43,1,22,8,C03,120.653492,24.167042,2
2022,5,16,9,38,臺中市,北屯區,0,1,0,6,1,5,50,14,9,1,4,4,5,7,4,4,1,4,5,2,17,7,2,9,3,4,C03,7,8,1,10,2,12,,7,7,1,21,8,C03,120.693188,24.163315,2
2022,5,16,9,45,臺中市,太平區,0,0,0,6,,,50,,,,,,,,,,,,,,,6,,,,,B12,,,1,,2,,,6,6,1,22,,B12,120.7275,24.115277,3
2022,5,16,9,48,臺中市,北屯區,0,0,0,6,,,50,,,,,,,,,,,,,,,16,,,,,B03,,,1,,1,,,16,16,1,5,,B03,120.6736,24.199641,3
2022,5,16,9,50,臺中市,西屯區,0,1,0,6,1,5,40,3,2,1,4,4,5,7,4,4,8,3,5,1,17,6,3,10,1,1,B11,7,9,1,8,2,6,,6,6,1,20,8,B11,120.620613,24.187611,2
2022,5,16,9,51,臺中市,北屯區,0,0,0,6,,,50,,,,,,,,,,,,,,,12,,,,,B12,,,1,,1,,,12,12,1,22,,B12,120.730649,24.171703,3
2022,5,16,10,0,臺中市,清水區,0,0,0,6,,,30,,,,,,,,,,,,,,,23,,,,,A11,,,1,,2,,,23,23,1,5,,A11,120.56452,24.266633,3
2022,5,16,10,2,臺中市,北區,0,1,0,6,1,5,50,3,1,1,4,4,5,7,3,1,10,5,5,2,17,6,3,10,1,1,B03,7,5,1,8,2,5,,6,6,1,22,9,B03,120.691325,24.156248,2
2022,5,16,10,10,臺中市,北區,0,1,0,6,1,5,50,3,1,1,4,4,5,6,4,4,2,4,5,2,16,9,3,10,1,1,B01,7,6,1,4,2,5,,9,9,1,22,8,B01,120.686321,24.155556,2
2022,5,16,10,12,臺中市,東勢區,0,1,0,6,1,5,50,4,9,1,4,4,5,7,1,1,5,4,5,1,3,15,3,10,1,1,B12,7,5,1,8,2,8,,15,15,1,22,9,B12,120.829709,24.253375,2
2022,5,16,10,13,臺中市,烏日區,0,1,0,6,1,5,30,3,1,1,4,4,5,7,4,4,10,5,5,2,17,6,2,8,1,1,C03,7,5,1,10,2,12,,6,6,1,20,1,C03,120.637828,24.103153,2
2022,5,16,10,15,臺中市,烏日區,0,1,0,6,1,5,60,4,1,1,4,4,5,7,2,1,1,4,5,1,16,25,3,10,1,1,B03,7,5,1,2,2,6,,25,25,1,21,8,B03,120.62734,24.10404,2
2022,5,16,10,28,臺中市,大雅區,0,0,0,6,,,60,,,,,,,,,,,,,,,23,,,,,B03,,,1,,1,,,23,23,1,22,,B03,120.64689,24.222073,3
2022,5,16,10,28,臺中市,太平區,0,2,0,6,1,5,40,14,9,1,4,4,5,7,4,4,9,5,5,1,18,42,2,9,1,1,C03,7,9,1,10,2,12,,42,42,1,18,8,C03,120.73298,24.125595,2
2022,5,16,10,31,臺中市,北屯區,0,0,0,6,,,50,,,,,,,,,,,,,,,19,,,,,B03,,,1,,1,,,19,19,1,22,,B03,120.681995,24.16871,3
2022,5,16,10,40,臺中市,大里區,0,0,0,6,,,50,,,,,,,,,,,,,,,23,,,,,B03,,,1,,2,,,23,23,1,2,,B03,120.687554,24.086311,3
2022,5,16,10,40,臺中市,清水區,0,0,0,6,,,50,,,,,,,,,,,,,,,23,,,,,A41,,,1,,2,,,23,23,1,22,,A41,120.61461,24.28803,3
2022,5,16,10,41,臺中市,西屯區,0,1,0,6,1,5,50,4,1,1,4,4,5,7,2,1,10,5,5,2,13,25,3,10,3,4,B03,7,6,1,8,1,8,,25,25,1,22,8,B03,120.635565,24.172685,2
2022,5,16,10,49,臺中市,中區,0,1,0,6,1,5,50,4,1,1,4,4,5,7,2,1,10,5,5,2,3,51,3,10,1,1,B03,7,5,1,8,2,1,,23,51,1,19,7,B03,120.684456,24.142287,2
2022,5,16,10,50,臺中市,東區,0,0,0,6,1,5,30,14,9,1,4,4,5,7,4,4,10,5,5,2,17,17,3,10,1,1,A11,7,9,1,1,2,6,,17,17,1,10,4,A11,120.695863,24.124786,3
2022,5,16,10,55,臺中市,潭子區,0,2,0,6,1,5,50,4,2,1,4,4,5,7,4,4,8,5,5,1,17,26,2,9,1,1,C03,7,11,1,10,2,11,,26,26,1,22,8,C03,120.703454,24.212425,2
2022,5,16,10,55,臺中市,清水區,0,1,0,6,1,5,50,14,9,1,4,4,5,7,4,4,5,5,5,2,16,26,3,10,1,1,C03,7,5,1,10,2,12,,26,26,1,5,5,C03,120.574487,24.271064,2
2022,5,16,11,1,臺中市,西屯區,0,1,0,6,1,5,50,14,9,1,4,4,5,7,4,4,10,5,5,2,16,10,3,10,1,1,B03,7,11,1,8,2,8,,10,10,1,22,8,B03,120.637915,24.181023,2
2022,5,16,11,5,臺中市,大雅區,0,0,0,6,,,50,,,,,,,,,,,,,,,16,,,,,B03,,,1,,2,,,16,16,1,22,,B03,120.66664,24.21662,3
2022,5,16,11,7,臺中市,西區,0,0,0,6,,,50,,,,,,,,,,,,,,,23,,,,,B12,,,1,,1,,,23,23,1,5,,B12,120.662275,24.150368,3
2022,5,16,11,18,臺中市,大肚區,0,0,0,,,,30,,,,,,,,,,,,,,,9,,,,,B12,,,6,,2,,,9,9,1,22,,B12,120.572964,24.163201,3
2022,5,16,11,25,臺中市,南屯區,0,0,0,,,,50,,,,,,,,,,,,,,,23,,,,,A41,,,1,,2,,,23,23,1,22,,A41,120.65293,24.152916,3
2022,5,16,11,32,臺中市,北屯區,0,1,0,6,1,5,50,14,9,1,4,4,5,7,4,4,9,5,5,2,17,40,2,9,3,4,F01,7,9,8,20,2,16,,44,40,1,21,8,F01,120.689946,24.16736,2
2022,5,16,11,40,臺中市,大雅區,0,0,0,6,,,30,,,,,,,,,,,,,,,12,,,,,B03,,,1,,2,,,12,12,1,22,,B03,120.654824,24.215473,3
2022,5,16,11,42,臺中市,西區,0,0,0,6,,,50,,,,,,,,,,,,,,,42,,,,,B02,,,1,,2,,,42,42,1,20,,B02,120.679913,24.137942,3
2022,5,16,11,47,臺中市,北屯區,0,0,0,6,,,50,,,,,,,,,,,,,,,23,,,,,B03,,,1,,1,,,23,23,1,5,,B03,120.707773,24.185338,3
2022,5,16,11,47,臺中市,沙鹿區,0,1,0,6,1,5,50,4,1,1,4,4,5,7,4,4,10,5,5,2,15,6,3,10,1,1,B03,7,9,1,8,2,1,,6,6,1,20,9,B03,120.561156,24.238817,2
2022,5,16,11,50,臺中市,東區,0,0,0,6,,,40,,,,,,,,,,,,,,,12,,,,,B12,,,1,,2,,,12,12,1,22,,B12,120.694288,24.149519,3
2022,5,16,11,50,臺中市,北屯區,0,1,0,6,1,5,50,3,1,1,4,4,5,7,4,4,10,5,5,2,16,6,3,10,1,1,B03,7,6,1,8,2,15,,6,6,1,22,8,B03,120.666994,24.181571,2
2022,5,16,11,51,臺中市,西屯區,0,1,0,6,1,5,50,14,7,1,4,4,5,7,4,4,5,5,4,2,16,19,3,10,3,4,B03,7,1,1,8,2,1,,19,19,1,22,8,B03,120.633435,24.165821,2
2022,5,16,12,9,臺中市,北屯區,0,1,0,6,1,5,50,5,1,1,4,4,5,7,2,1,10,5,5,2,18,43,2,9,1,1,C03,7,9,1,10,2,12,,43,43,1,22,1,C03,120.697241,24.170575,2
2022,5,16,12,16,臺中市,北屯區,0,0,0,6,,,40,,,,,,,,,,,,,,,19,,,,,A11,,,1,,1,,,19,19,1,22,,A11,120.727328,24.161095,3
2022,5,16,12,20,臺中市,西屯區,0,1,0,6,1,5,50,14,9,1,4,4,5,7,4,4,1,5,5,2,18,42,2,9,1,1,C03,7,9,1,10,2,14,,42,42,1,22,8,C03,120.659017,24.171035,2
2022,5,16,12,23,臺中市,南區,0,0,0,6,,,50,,,,,,,,,,,,,,,23,,,,,B03,,,1,8,2,,,23,23,1,5,,B03,120.679103,24.119,3
2022,5,16,12,39,臺中市,豐原區,0,1,0,6,1,5,50,4,1,1,4,4,5,7,1,1,1,3,1,1,11,6,3,10,1,1,B03,7,5,1,8,2,8,,6,6,1,4,5,B03,120.7299,24.255059,2
2022,5,16,12,40,臺中市,西屯區,0,1,0,8,1,5,40,4,2,1,4,4,5,7,4,4,8,3,5,1,13,23,2,9,1,1,C03,7,9,1,10,2,11,,23,23,1,22,8,C03,120.645748,24.178883,2
2022,5,16,12,40,臺中市,霧峰區,0,0,0,6,,,50,,,,,,,,,,,,,,,18,,,,,B03,,,1,,2,,,18,18,1,22,,B03,120.69839,24.062503,3
2022,5,16,12,50,臺中市,西屯區,0,1,0,6,1,5,50,5,1,1,4,4,5,7,4,4,5,4,5,2,17,6,2,9,1,1,C03,7,9,1,10,2,11,,6,6,1,1,9,C03,120.66064,24.197879,2
2022,5,16,12,52,臺中市,中區,0,0,0,6,,,50,,,,,,,,,,,,,,,23,,,,,B03,,,1,,2,,,23,23,1,22,,B03,120.684084,24.142618,3
2022,5,16,13,0,臺中市,南屯區,0,1,0,6,1,5,50,3,1,1,4,4,5,7,2,1,10,5,5,2,17,9,3,10,1,1,B03,7,6,1,8,2,15,,9,9,1,22,9,B03,120.646944,24.144444,2
2022,5,16,13,0,臺中市,大甲區,0,1,0,6,1,5,50,4,1,1,4,4,5,7,4,4,10,5,5,2,18,42,2,9,1,1,C03,7,9,1,10,2,12,,42,42,1,4,8,C03,120.621761,24.351285,2