年,月,日,時,分,縣市,區,死,受傷,2-30,天候,光線,道路類別,速限,道路型態,事故位置,路面鋪裝,路面狀態,路面缺陷,障礙物,視距,號誌種類,號誌動作,分向設施,快車道或一般車道間,快慢車道間,路面邊線,事故類型及型態,主要肇因,受傷程度,主要傷處,保護裝備,行動電話,當事者區分,車輛用途,當事者行動狀態,駕駛資格情形,駕駛執照種類,飲酒情形,車輛撞擊部位最初,車輛撞擊部位其他,肇事因素個別,肇事因素主要,肇事逃逸,職業,旅次目的,車種,GPS緯度,GPS經度,事故類別
2022,5,16,13,9,臺中市,豐原區,0,0,0,6,,,30,,,,,,,,,,,,,,,42,,,,,B03,,,1,,11,,,42,42,1,19,,B03,120.732597,24.247762,3
2022,5,16,13,14,臺中市,西屯區,0,0,0,8,,,50,,,,,,,,,,,,,,,6,,,,,B03,,,1,,1,,,6,6,1,22,,B03,120.62491,24.179844,3
2022,5,16,13,14,臺中市,龍井區,0,0,0,6,,,50,,,,,,,,,,,,,,,6,,,,,B03,,,1,,2,,,6,6,1,5,,B03,120.550652,24.216741,3
2022,5,16,13,15,臺中市,大肚區,0,0,0,,,,50,,,,,,,,,,,,,,,16,,,,,B03,,,1,,2,,,16,16,1,22,,B03,120.582126,24.168315,3
2022,5,16,13,17,臺中市,太平區,0,0,0,6,,,50,,,,,,,,,,,,,,,19,,,,,B03,,,1,,1,,,19,19,1,3,,B03,120.717767,24.122956,3
2022,5,16,13,20,臺中市,霧峰區,0,0,0,6,,,50,,,,,,,,,,,,,,,6,,,,,B03,,,1,,2,,,6,6,1,5,,B03,120.702958,24.070521,3
2022,5,16,13,27,臺中市,大里區,0,0,0,6,,,50,,,,,,,,,,,,,,,12,,,,,B03,,,1,,2,,,12,12,1,22,,B03,120.6959,24.087736,3
2022,5,16,13,32,臺中市,外埔區,0,0,0,,,,50,,,,,,,,,,,,,,,9,,,,,B03,,,1,,1,,,9,9,1,22,,B03,120.654474,24.33118,4
2022,5,16,13,40,臺中市,大雅區,0,1,0,6,1,5,50,4,1,1,4,4,5,7,3,1,10,5,5,2,17,10,3,10,1,1,B02,7,11,1,8,2,6,,10,10,1,22,9,B02,120.66127,24.21958,2
2022,5,16,13,42,臺中市,北區,0,2,0,6,1,5,50,14,7,1,4,4,5,7,4,4,5,5,4,2,16,43,2,9,1,1,C04,7,9,1,10,2,11,,43,43,1,22,8,C04,120.664786,24.161275,2
2022,5,16,13,50,臺中市,潭子區,0,0,0,6,1,5,50,14,9,1,4,4,5,7,4,4,10,5,5,1,17,5,3,10,1,1,C03,7,9,1,8,2,4,,5,5,1,22,8,C03,120.696317,24.204504,3
2022,5,16,13,50,臺中市,大甲區,0,0,0,,,,50,,,,,,,,,,,,,,,23,,,,,B03,,,1,,2,,,23,23,1,21,,B03,120.646581,24.409263,3
2022,5,16,13,51,臺中市,北屯區,0,1,0,6,1,5,50,3,1,1,4,4,5,7,4,4,10,5,5,2,16,8,3,10,1,1,B03,7,5,1,8,2,1,,8,8,1,22,8,B03,120.694581,24.1703,2
2022,5,16,13,52,臺中市,北屯區,0,1,0,6,1,5,50,4,2,1,4,4,5,7,4,4,5,5,5,2,17,26,3,10,3,4,B03,7,11,1,8,2,4,,26,26,1,21,8,B03,120.703908,24.18011,2
2022,5,16,13,58,臺中市,西屯區,0,0,0,6,,,50,,,,,,,,,,,,,,,12,,,,,B11,,,1,,1,,,12,12,1,22,,B11,120.606968,24.155261,3
2022,5,16,14,2,臺中市,西屯區,0,0,0,6,,,50,,,,,,,,,,,,,,,6,,,,,B02,,,1,,1,,,6,6,1,22,,B02,120.634595,24.164894,3
2022,5,16,14,17,臺中市,北屯區,0,0,0,6,,,50,,,,,,,,,,,,,,,12,,,,,B03,,,1,,2,,,12,12,1,21,,B03,120.721963,24.172575,3
2022,5,16,14,20,臺中市,龍井區,0,1,0,6,1,5,50,4,1,1,4,4,5,7,4,4,10,5,5,2,15,6,3,10,1,1,B12,7,9,1,4,2,5,,6,6,1,10,4,B12,120.516902,24.221403,2
2022,5,16,14,48,臺中市,北屯區,0,1,0,6,1,5,50,3,2,1,4,4,5,7,2,1,10,5,5,2,13,23,3,10,1,1,B12,7,9,1,8,2,8,,23,23,1,22,8,B12,120.696928,24.169045,2
2022,5,16,14,50,臺中市,豐原區,0,1,0,6,1,5,30,3,1,1,4,4,5,7,4,4,10,5,5,1,11,6,2,8,1,1,C03,7,5,1,10,2,14,,6,6,1,4,1,C03,120.727601,24.264851,2
2022,5,16,15,2,臺中市,太平區,0,0,0,6,,,50,,,,,,,,,,,,,,,16,,,,,B03,,,1,,1,,,16,16,1,4,,B03,120.722388,24.146557,3
2022,5,16,15,13,臺中市,南屯區,0,1,0,6,1,5,50,3,1,1,4,4,5,7,4,4,5,4,4,2,17,6,3,10,3,4,B03,7,5,1,8,2,15,,6,6,1,22,9,B03,120.612308,24.137933,2
2022,5,16,15,15,臺中市,西屯區,0,1,0,6,1,5,50,3,1,1,4,4,5,7,4,4,10,5,5,2,12,7,3,10,1,1,B03,7,8,1,8,2,2,,7,7,1,22,8,B03,120.633501,24.162509,2
2022,5,16,15,34,臺中市,西屯區,0,0,0,6,,,50,,,,,,,,,,,,,,,12,,,,,B12,,,1,,1,,,12,12,1,22,,B12,120.611316,24.185775,3
2022,5,16,15,34,臺中市,豐原區,0,0,0,6,,,30,,,,,,,,,,,,,,,12,,,,,B12,,,1,,2,,,12,12,1,4,,B12,120.737396,24.234317,3
2022,5,16,15,37,臺中市,北區,0,0,0,,,,40,,,,,,,,,,,,,,,12,,,,,B02,,,1,,1,,,12,12,1,5,,B02,120.684276,24.149538,3
2022,5,16,15,38,臺中市,太平區,0,0,0,6,,,40,,,,,,,,,,,,,,,5,,,,,B02,,,1,,2,,,5,5,1,22,,B02,120.757777,24.159444,3
2022,5,16,15,42,臺中市,北屯區,0,0,0,6,,,50,,,,,,,,,,,,,,,43,,,,,,,,,,,,,43,43,1,,,,120.696166,24.168646,3
2022,5,16,16,7,臺中市,后里區,0,0,0,8,,,50,,,,,,,,,,,,,,,16,,,,,B03,,,1,,2,,,16,16,1,4,,B03,120.68979,24.3134,3
2022,5,16,16,24,臺中市,太平區,0,0,0,6,,,50,,,,,,,,,,,,,,,40,,,,,B11,,,1,,1,,,40,40,1,4,,B11,120.712672,24.125769,3
2022,5,16,16,33,臺中市,北屯區,0,1,0,6,1,5,50,4,1,1,4,4,5,7,4,4,10,5,5,2,15,6,2,9,1,1,C03,7,9,1,10,2,11,,6,6,1,22,8,C03,120.70119,24.185867,2
2022,5,16,16,36,臺中市,西屯區,0,1,0,6,1,5,70,14,7,1,4,4,5,7,4,4,1,4,1,2,13,23,3,10,1,1,B03,7,9,1,8,1,1,,23,23,1,21,8,B03,120.621879,24.179815,2
2022,5,16,16,38,臺中市,北區,0,1,0,6,1,5,50,14,9,1,4,4,5,7,4,4,1,4,5,2,13,19,3,10,1,1,C03,7,1,1,10,2,14,,19,19,1,21,8,C03,120.665049,24.16466,2
2022,5,16,16,42,臺中市,北屯區,0,1,0,6,1,5,50,4,1,1,4,4,5,7,4,4,10,5,5,2,29,43,2,9,1,1,C03,7,9,1,9,2,12,,43,43,1,5,8,C03,120.663438,24.198286,2
2022,5,16,16,42,臺中市,北屯區,0,2,0,6,1,5,50,14,9,1,4,4,5,7,4,4,1,4,5,2,13,16,2,9,1,1,B03,7,9,1,8,2,1,,16,16,1,21,8,B03,120.687711,24.170248,2
2022,5,16,16,44,臺中市,南區,0,0,0,6,1,5,50,14,7,1,4,4,5,7,2,1,5,4,4,2,14,12,3,10,1,1,B03,7,2,1,6,2,8,,12,12,1,21,7,B03,120.682579,24.134454,3
2022,5,16,16,45,臺中市,南區,0,0,0,6,,,40,,,,,,,,,,,,,,,12,,,,,B03,,,1,,2,,,12,12,1,22,,B03,120.658302,24.12596,3
2022,5,16,16,55,臺中市,大雅區,0,2,0,6,2,5,30,4,1,1,4,4,5,7,3,1,10,5,5,2,15,6,2,1,1,1,B03,7,9,1,8,2,2,,6,6,1,22,9,B03,120.64035,24.20704,2
2022,5,16,17,0,臺中市,北屯區,0,1,0,6,2,5,50,14,9,1,4,4,5,7,4,4,5,4,5,2,16,19,3,10,1,1,B12,7,1,1,8,2,4,,19,19,1,9,8,B12,120.7187,24.1859,2
2022,5,16,17,8,臺中市,霧峰區,0,1,0,6,1,5,30,4,1,1,4,4,5,7,4,4,10,5,5,2,15,6,3,10,3,4,B12,7,9,1,8,2,2,,6,6,1,22,8,B12,120.687381,24.051686,2
2022,5,16,17,11,臺中市,沙鹿區,0,1,0,6,1,5,50,5,1,1,4,4,5,7,1,1,10,5,5,2,13,23,3,10,1,1,B03,7,12,1,8,2,7,,42,23,1,22,9,B03,120.568201,24.238308,2
2022,5,16,17,12,臺中市,豐原區,0,2,0,7,1,5,30,3,1,1,4,4,5,7,4,4,10,5,5,2,18,42,2,8,1,1,C03,7,12,1,10,2,12,,42,42,1,21,5,C03,120.739352,24.25811,2
2022,5,16,17,13,臺中市,梧棲區,0,0,0,6,,,50,,,,,,,,,,,,,,,18,,,,,B03,,,1,,2,,,18,18,1,4,,B03,120.556172,24.239995,3
2022,5,16,17,15,臺中市,清水區,0,0,0,8,,,50,,,,,,,,,,,,,,,43,,,,,B11,,,1,,2,,,43,43,1,21,,B11,120.574288,24.266641,3
2022,5,16,17,20,臺中市,南屯區,0,1,0,6,1,5,50,4,1,1,4,4,5,7,1,1,5,4,4,2,16,27,3,10,1,1,B03,7,8,1,8,2,15,,27,27,1,22,9,B03,120.634977,24.152593,2
2022,5,16,17,20,臺中市,后里區,0,1,0,6,2,5,60,3,1,1,4,4,5,7,2,1,10,5,5,2,13,23,2,7,1,1,C03,7,9,1,10,2,11,,23,23,1,22,8,C03,120.723063,24.287885,2
2022,5,16,17,23,臺中市,大肚區,0,0,0,6,,,50,,,,,,,,,,,,,,,42,,,,,B03,,,1,,2,,,42,42,1,22,,B03,120.572345,24.155706,3
2022,5,16,17,26,臺中市,西屯區,0,0,0,6,,,30,,,,,,,,,,,,,,,6,,,,,B03,,,1,,1,,,6,6,1,22,,B03,120.623468,24.17219,3
2022,5,16,17,30,臺中市,南區,0,0,0,,,,50,,,,,,,,,,,,,,,23,,,,,B03,,,1,,2,,,23,23,1,22,,B03,120.662513,24.120852,3
2022,5,16,17,30,臺中市,沙鹿區,0,1,0,6,1,5,30,4,1,1,4,4,5,7,4,4,10,5,5,2,15,6,3,10,1,1,C03,7,9,1,10,1,11,,6,6,1,18,5,C03,120.563422,24.25127,2
2022,5,16,17,31,臺中市,東區,0,1,0,6,3,5,50,3,1,1,4,4,5,7,4,4,10,5,5,2,18,23,2,9,1,1,C03,7,9,1,10,2,14,,23,23,1,21,8,C03,120.690488,24.133079,2
2022,5,16,17,33,臺中市,霧峰區,0,1,0,6,1,5,40,3,1,1,4,4,5,7,4,4,10,5,5,2,16,9,3,10,1,1,B03,7,6,1,8,2,5,,9,9,1,22,8,B03,120.687488,24.046595,2
2022,5,16,17,35,臺中市,后里區,0,0,0,,,,40,,,,,,,,,,,,,,,44,,,,,B03,,,1,,9,,,44,44,1,22,,B03,120.713867,24.303433,3
2022,5,16,17,35,臺中市,豐原區,0,1,0,6,1,5,30,4,1,1,4,4,5,7,4,4,4,5,4,2,15,6,3,10,1,1,B03,7,9,1,8,2,1,,6,6,1,4,1,B03,120.711105,24.248247,2
2022,5,16,17,37,臺中市,西屯區,0,1,0,6,1,5,50,4,1,1,4,4,5,7,1,1,4,5,4,2,16,6,3,10,1,1,C03,7,6,1,10,2,11,,6,6,1,22,8,C03,120.651174,24.166889,2
2022,5,16,17,39,臺中市,西區,0,0,0,6,,,50,,,,,,,,,,,,,,,23,,,,,B02,,,1,8,2,,,23,23,1,5,,B02,120.658984,24.155986,3
2022,5,16,17,45,臺中市,烏日區,0,1,0,6,2,5,50,5,2,1,4,4,5,7,1,1,10,5,5,2,13,23,3,10,1,1,B03,7,9,1,8,9,1,,23,23,1,9,1,B03,120.646858,24.092544,2
2022,5,16,17,53,臺中市,太平區,0,0,0,6,,,50,,,,,,,,,,,,,,,18,,,,,B12,,,1,,1,,,18,18,1,4,,B12,120.721276,24.130662,3
2022,5,16,17,59,臺中市,西屯區,0,1,0,6,1,5,40,14,8,1,4,4,5,7,2,1,1,2,1,2,17,25,3,10,1,1,B12,7,11,1,8,2,15,,25,25,1,22,8,B12,120.628395,24.162926,2
2022,5,16,18,9,臺中市,大里區,0,1,0,8,1,5,50,14,9,1,5,4,5,7,1,1,5,5,4,1,16,6,3,10,1,1,B03,7,5,1,8,2,6,,6,6,1,22,8,B03,120.679541,24.099744,2
2022,5,16,18,10,臺中市,西區,0,0,0,,,,30,,,,,,,,,,,,,,,23,,,,,B03,,,1,,1,,,23,23,1,21,,B03,120.655502,24.149467,3
2022,5,16,18,10,臺中市,西屯區,0,1,0,6,2,5,30,14,9,1,4,4,5,7,4,4,10,5,5,2,29,23,2,9,1,1,B03,7,9,1,8,2,5,,23,23,1,19,9,B03,120.651261,24.160842,2
2022,5,16,18,10,臺中市,烏日區,0,0,0,6,,,60,,,,,,,,,,,,,,,23,,,,,B03,,,1,,2,,,23,23,1,21,,B03,120.643801,24.113428,3
2022,5,16,18,13,臺中市,南區,0,0,0,,,,50,,,,,,,,,,,,,,,16,,,,,B03,,,1,,2,,,16,16,1,22,,B03,120.6699,24.126899,3
2022,5,16,18,13,臺中市,東區,0,0,0,,,,40,,,,,,,,,,,,,,,12,,,,,B03,,,1,,2,,,12,12,1,21,,B03,120.709348,24.144296,3
2022,5,16,18,14,臺中市,潭子區,0,0,0,6,,,50,,,,,,,,,,,,,,,23,,,,,B03,,,1,,2,,,23,23,1,22,,B03,120.673929,24.208656,3
2022,5,16,18,15,臺中市,潭子區,0,1,0,6,3,5,60,14,7,1,4,4,5,7,4,4,1,4,4,1,16,23,3,10,1,1,B03,7,4,1,8,2,5,,23,23,1,22,9,B03,120.702653,24.192502,2
2022,5,16,18,15,臺中市,烏日區,0,1,0,6,3,5,60,14,13,1,4,4,5,6,4,4,5,5,5,1,13,23,2,9,1,1,C03,7,9,1,10,2,11,,23,23,1,21,8,C03,120.627118,24.110404,2
2022,5,16,18,20,臺中市,西區,0,0,0,6,,,50,,,,,,,,,,,,,,,23,,,,,B03,,,1,,1,,,23,23,1,21,,B03,120.653534,24.146694,3
2022,5,16,18,20,臺中市,西屯區,0,1,0,6,3,5,50,4,2,1,4,4,5,7,4,4,5,5,5,2,17,6,3,10,1,1,B03,7,5,1,8,2,4,,6,6,1,21,8,B03,120.6355,24.186695,2
2022,5,16,18,21,臺中市,北屯區,0,1,0,6,3,5,50,4,1,1,4,4,5,7,4,4,10,5,5,2,15,6,2,9,1,1,C03,7,9,1,10,2,12,,6,6,1,21,8,C03,120.703361,24.180046,2
2022,5,16,18,22,臺中市,大肚區,0,0,0,,,,70,,,,,,,,,,,,,,,7,,,,,B03,,,1,,1,,,7,7,1,22,,B03,120.582653,24.168368,3
2022,5,16,18,23,臺中市,南區,0,1,0,6,3,5,30,4,1,1,4,4,5,7,4,4,10,5,5,2,15,6,3,10,1,1,B03,7,9,1,8,2,2,,6,6,1,3,8,B03,120.668991,24.12303,2
2022,5,16,18,23,臺中市,北屯區,0,2,0,6,3,5,50,3,2,1,4,4,5,7,4,4,10,5,5,2,3,53,2,9,4,1,H01,8,16,8,20,10,16,,53,53,1,21,8,H01,120.696465,24.176908,2
2022,5,16,18,26,臺中市,太平區,0,1,0,6,3,5,50,14,9,1,4,4,5,7,4,4,5,5,4,1,12,19,3,10,1,1,B03,7,1,1,8,2,8,,19,19,1,21,8,B03,120.719944,24.156904,2
2022,5,16,18,26,臺中市,太平區,0,1,0,6,3,5,50,3,9,1,4,4,5,7,4,4,5,4,4,1,17,26,3,10,1,1,B03,7,15,6,8,9,4,,26,26,1,21,8,B03,120.726802,24.14992,2
2022,5,16,18,27,臺中市,潭子區,0,0,0,6,,,50,,,,,,,,,,,,,,,23,,,,,B03,,,1,,2,,,23,23,1,22,,B03,120.710059,24.20793,3
2022,5,16,18,28,臺中市,西區,0,0,0,6,,,50,,,,,,,,,,,,,,,23,,,,,B03,,,1,,1,,,23,23,1,21,,B03,120.655219,24.15314,3
2022,5,16,18,30,臺中市,南區,0,0,0,8,,,50,,,,,,,,,,,,,,,12,,,,,B03,,,1,8,2,,,44,12,1,5,,B03,120.683403,24.13339,3
2022,5,16,18,40,臺中市,豐原區,0,1,0,6,3,5,30,14,9,1,4,4,5,7,4,4,10,5,5,2,13,16,3,10,1,1,B03,7,9,1,8,2,1,,16,16,1,4,1,B03,120.707763,24.243655,2
2022,5,16,18,48,臺中市,太平區,0,0,0,6,,,80,,,,,,,,,,,,,,,16,,,,,B03,,,1,,1,,,16,16,1,5,,B03,120.710725,24.141557,3
2022,5,16,18,53,臺中市,北屯區,0,1,0,6,3,5,50,4,1,1,4,4,5,7,4,4,10,5,5,2,16,8,3,10,1,1,B03,7,5,1,8,2,8,,8,8,1,5,8,B03,120.67611,24.197728,2
2022,5,16,18,54,臺中市,大里區,0,0,0,6,,,50,,,,,,,,,,,,,,,23,,,,,C02,,,1,,2,,,23,23,1,22,,C02,120.665735,24.096766,3
2022,5,16,18,54,臺中市,烏日區,0,1,0,6,3,5,50,4,1,1,3,4,5,7,1,1,10,5,5,2,17,25,3,10,1,1,B03,7,9,1,8,2,5,,25,25,1,20,8,B03,120.60945,24.112971,2
2022,5,16,18,55,臺中市,潭子區,0,1,0,6,3,5,50,14,7,1,4,4,5,7,4,4,4,4,4,2,10,26,3,10,1,1,B03,7,9,1,8,2,1,,26,26,1,22,8,B03,120.682051,24.209568,2
2022,5,16,18,55,臺中市,西屯區,0,1,0,6,3,5,50,4,1,1,4,4,5,7,1,1,10,5,5,2,18,42,2,7,3,4,C03,7,9,1,10,2,14,,42,42,1,22,8,C03,120.646395,24.164651,2
2022,5,16,18,56,臺中市,北屯區,0,1,0,6,3,5,50,5,1,1,4,4,5,7,2,1,10,5,5,2,16,25,3,10,1,1,B03,7,5,1,8,2,4,,25,25,1,21,8,B03,120.697513,24.170095,2
2022,5,16,18,58,臺中市,西屯區,0,0,0,6,,,50,,,,,,,,,,,,,,,23,,,,,B03,,,1,,1,,,23,23,1,22,,B03,120.620286,24.184127,3
2022,5,16,19,4,臺中市,北屯區,0,0,0,6,,,50,,,,,,,,,,,,,,,3,,,,,B03,,,1,,1,,,3,3,1,2,,B03,120.6903,24.1702,3
2022,5,16,19,5,臺中市,西屯區,0,1,0,6,3,5,50,3,18,1,4,4,5,7,1,1,10,5,5,2,3,6,2,9,4,1,H01,8,16,8,20,9,16,,67,6,1,22,8,H01,120.657894,24.17047,2
2022,5,16,19,11,臺中市,北屯區,0,1,0,6,3,5,50,4,1,1,4,4,5,7,1,1,10,5,5,2,16,6,2,5,1,1,C03,7,5,1,10,2,12,,6,6,1,21,8,C03,120.696129,24.183292,2
2022,5,16,19,11,臺中市,大里區,0,0,0,6,,,50,,,,,,,,,,,,,,,23,,,,,B03,,,1,,2,,,23,23,1,22,,B03,120.701875,24.088703,3
2022,5,16,19,13,臺中市,豐原區,0,0,0,,,,60,,,,,,,,,,,,,,,50,,,,,B03,,,1,,2,,,50,50,1,22,,B03,120.757652,24.275978,3
2022,5,16,19,15,臺中市,北區,0,1,0,6,3,5,40,4,1,1,4,4,5,7,1,1,10,5,5,2,18,23,2,9,1,1,C04,7,9,1,10,9,14,,23,23,1,22,8,C04,120.666318,24.159226,2
2022,5,16,19,19,臺中市,北區,0,2,0,6,3,5,50,14,9,1,4,4,5,7,4,4,9,5,5,2,2,23,2,9,1,1,C03,7,9,1,10,2,11,,23,23,1,21,8,C03,120.683046,24.160387,2
2022,5,16,19,39,臺中市,西屯區,0,1,0,6,3,5,50,14,9,1,4,4,5,7,4,4,5,4,5,2,12,7,3,10,1,1,B03,7,7,1,8,2,8,,7,7,1,22,8,B03,120.62143,24.186901,2
2022,5,16,20,3,臺中市,北區,0,0,0,6,,,50,,,,,,,,,,,,,,,7,,,,,C03,,,1,,1,,,7,7,1,22,,C03,120.678117,24.148996,3
2022,5,16,20,5,臺中市,東區,0,2,0,6,3,5,50,5,1,1,4,4,5,7,2,1,10,5,5,2,16,25,3,10,1,1,B01,7,5,1,4,2,5,,25,25,1,22,8,B01,120.696524,24.140219,2
2022,5,16,20,6,臺中市,南屯區,0,0,0,6,3,5,50,14,7,1,4,4,5,7,1,1,5,4,4,2,13,23,,,,,B03,,,1,,9,,,23,23,1,22,,B03,120.649817,24.150845,3
2022,5,16,20,12,臺中市,北屯區,0,0,0,6,,,50,,,,,,,,,,,,,,,26,,,,,B03,,,1,,1,,,26,26,1,5,,B03,120.721983,24.181821,3
2022,5,16,20,16,臺中市,太平區,0,0,0,6,,,30,,,,,,,,,,,,,,,19,,,,,B12,,,1,,2,,,19,19,1,4,,B12,120.721632,24.132137,3
2022,5,16,20,18,臺中市,烏日區,0,1,0,6,3,5,60,4,1,1,4,4,5,7,2,1,1,4,4,1,3,52,3,10,1,1,B03,7,9,1,7,2,5,,23,52,2,21,8,B03,120.600442,24.110652,2
2022,5,16,20,33,臺中市,豐原區,0,2,0,6,3,5,40,4,8,1,4,4,5,7,1,1,5,4,4,2,13,23,2,7,1,1,C03,7,9,1,10,2,11,,23,23,1,22,8,C03,120.723818,24.247365,2
2022,5,16,20,35,臺中市,西屯區,0,0,0,6,,,30,,,,,,,,,,,,,,,12,,,,,B03,,,1,,2,,,12,12,1,21,,B03,120.661923,24.16743,3
2022,5,16,20,35,臺中市,清水區,0,1,0,6,3,5,1,14,9,1,4,4,5,7,4,4,4,5,5,1,17,7,2,9,1,1,C03,7,8,1,10,2,13,,7,7,1,21,8,C03,120.596348,24.301166,2
2022,5,16,20,39,臺中市,北屯區,0,2,0,6,3,5,50,4,18,1,4,4,5,7,2,1,10,5,5,2,3,15,3,10,1,1,B03,7,5,1,8,2,8,,15,15,1,21,8,B03,120.68507,24.1672,2
2022,5,16,20,40,臺中市,西區,0,1,0,6,3,5,50,4,1,1,4,4,5,7,1,1,10,5,5,2,9,15,3,10,1,1,B03,7,5,1,8,2,1,,15,15,1,21,8,B03,120.657245,24.136592,2
2022,5,16,20,52,臺中市,大肚區,0,0,0,6,,,30,,,,,,,,,,,,,,,12,,,,,B03,,,1,,2,,,12,12,1,22,,B03,120.575853,24.159188,3
2022,5,16,20,54,臺中市,西屯區,0,1,0,6,1,5,80,14,7,1,4,4,5,7,4,4,1,4,5,2,29,42,2,9,1,1,B03,7,9,3,18,2,1,,42,42,1,21,8,B03,120.661105,24.201181,2
2022,5,16,21,0,臺中市,北屯區,0,0,0,,,,50,,,,,,,,,,,,,,,23,,,,,B03,,9,1,8,1,5,,23,23,1,21,8,B03,120.731213,24.165902,3
2022,5,16,21,37,臺中市,大安區,0,0,0,6,3,6,10,14,9,1,4,4,5,7,4,4,8,3,4,1,26,42,3,10,1,1,B03,7,9,1,8,7,2,,42,42,1,22,8,B03,120.573413,24.345875,3
2022,5,16,21,46,臺中市,大甲區,0,1,0,6,3,5,30,14,9,1,4,4,5,7,4,4,10,5,5,2,19,43,2,3,1,1,C03,7,9,1,10,2,11,14,43,43,1,4,1,C03,120.622014,24.358216,2
2022,5,16,21,54,臺中市,神岡區,0,2,0,6,3,5,50,3,2,1,4,4,5,7,3,1,5,5,4,2,17,6,2,1,1,4,C03,7,5,1,10,2,14,,6,6,1,22,9,C03,120.685172,24.24431,2
2022,5,16,22,10,臺中市,西區,0,0,0,6,3,5,50,13,9,1,4,4,5,7,4,4,10,5,5,2,12,23,,,,,B01,,,1,,1,,,23,23,1,10,,B01,120.655361,24.152897,3
2022,5,16,22,16,臺中市,北區,0,0,0,,,,50,,,,,,,,,,,,,,,23,,,,,B03,,,1,,2,,,23,23,1,21,,B03,120.669716,24.173737,3
2022,5,16,22,23,臺中市,龍井區,0,3,0,6,3,5,40,14,8,1,4,4,5,7,4,4,1,4,1,1,13,16,2,9,1,1,C03,7,9,1,10,2,11,,16,16,1,22,8,C03,120.580472,24.19431,2
2022,5,16,22,53,臺中市,西屯區,0,1,0,6,3,5,50,4,1,1,4,4,5,7,2,1,10,5,5,2,3,15,3,10,1,1,B03,7,5,1,8,2,8,,15,15,1,21,1,B03,120.646454,24.164454,2
2022,5,16,23,5,臺中市,西屯區,0,0,0,6,,,50,,,,,,,,,,,,,,,43,,,,,B03,,,1,,2,,,43,43,1,22,,B03,120.639414,24.188611,3
2022,5,16,23,15,臺中市,西區,0,0,0,6,,,1,,,,,,,,,,,,,,,23,,,,,C03,,,1,,11,,,23,23,1,22,,C03,120.665753,24.147518,3
2022,5,16,23,39,臺中市,北屯區,0,1,0,6,3,5,50,5,1,1,4,4,5,7,4,4,5,5,5,2,12,6,3,10,1,1,B03,7,6,1,8,2,8,,14,6,1,21,8,B03,120.692219,24.166104,2
2022,5,16,23,57,臺中市,沙鹿區,0,2,0,6,3,5,50,3,1,1,4,4,5,7,1,1,10,5,5,2,17,25,2,9,1,1,C03,7,9,1,10,2,11,,25,25,1,21,8,C03,120.56977,24.219634,2
2022,5,17,0,30,臺中市,北屯區,0,0,0,6,,,50,,,,,,,,,,,,,,,13,,,,,B03,,,1,,2,,,13,13,1,22,,B03,120.709578,24.178901,3
2022,5,17,0,51,臺中市,西屯區,0,0,0,6,,,50,,,,,,,,,,,,,,,23,,,,,B03,,,1,,1,,,23,23,1,22,,B03,120.646256,24.180455,3
2022,5,17,1,16,臺中市,東區,0,0,0,,,,50,,,,,,,,,,,,,,,23,,,,,C04,,,6,,9,,,23,23,1,5,,C04,120.698972,24.133377,3
2022,5,17,1,37,臺中市,西屯區,0,1,0,6,3,5,50,4,9,1,4,4,5,7,2,1,1,2,5,2,13,23,2,8,3,4,C03,7,9,1,10,2,11,,23,23,1,22,8,C03,120.650373,24.166491,2
2022,5,17,3,34,臺中市,北區,0,1,0,6,3,5,50,14,7,1,4,4,5,7,4,4,5,5,4,2,16,10,3,10,1,1,B01,7,11,1,4,2,8,,10,10,1,22,8,B01,120.677864,24.149663,2
2022,5,17,3,38,臺中市,南區,0,1,0,6,3,5,40,14,8,1,4,4,5,7,4,4,1,4,4,2,17,23,2,9,1,1,C03,7,9,1,10,2,11,,23,23,1,18,8,C03,120.66679,24.118633,2
2022,5,17,4,49,臺中市,西屯區,0,0,0,8,,,50,,,,,,,,,,,,,,,23,,,,,A32,,,1,,2,,,23,23,1,22,,A32,120.587614,24.171149,3
2022,5,17,5,11,臺中市,南屯區,0,1,0,6,2,5,40,11,8,1,4,2,5,7,4,4,1,5,3,2,18,43,2,9,1,1,C03,7,9,1,10,2,14,11,43,43,1,18,9,C03,120.584107,24.167661,2
2022,5,17,5,31,臺中市,豐原區,0,1,0,6,1,5,50,4,1,1,4,4,5,7,1,1,10,5,5,2,18,42,2,9,1,1,C03,7,9,1,10,2,11,,42,42,1,22,8,C03,120.72901,24.256935,2
2022,5,17,6,25,臺中市,潭子區,0,1,0,6,1,5,60,3,1,1,4,4,5,7,1,1,1,3,4,1,16,26,2,9,1,1,C03,7,5,3,18,2,11,14,26,26,1,22,8,C03,120.706722,24.223061,2
2022,5,17,6,40,臺中市,大雅區,0,0,0,8,,,60,,,,,,,,,,,,,,,23,,,,,B03,,,1,,2,,,23,23,1,21,,B03,120.642262,24.229471,3