年,月,日,時,分,縣市,區,死,受傷,2-30,天候,光線,道路類別,速限,道路型態,事故位置,路面鋪裝,路面狀態,路面缺陷,障礙物,視距,號誌種類,號誌動作,分向設施,快車道或一般車道間,快慢車道間,路面邊線,事故類型及型態,主要肇因,受傷程度,主要傷處,保護裝備,行動電話,當事者區分,車輛用途,當事者行動狀態,駕駛資格情形,駕駛執照種類,飲酒情形,車輛撞擊部位最初,車輛撞擊部位其他,肇事因素個別,肇事因素主要,肇事逃逸,職業,旅次目的,車種,GPS緯度,GPS經度,事故類別
2022,5,17,7,2,臺中市,大里區,0,1,0,6,1,5,50,14,9,1,4,4,5,7,1,1,5,5,5,1,16,25,2,9,1,1,C03,7,5,1,10,2,11,,25,25,1,22,8,C03,120.692323,24.11583,2
2022,5,17,7,5,臺中市,西屯區,1,0,0,7,1,5,60,4,1,1,4,4,5,7,2,1,10,5,5,2,16,25,3,10,3,4,B12,7,5,1,8,3,2,,25,25,1,22,8,B12,120.630876,24.205448,1
2022,5,17,7,7,臺中市,北屯區,0,0,0,8,,,30,,,,,,,,,,,,,,,19,,,,,B03,,,1,,11,,,19,19,1,21,,B03,120.693487,24.176972,3
2022,5,17,7,13,臺中市,東區,0,1,0,6,1,5,50,4,9,1,4,4,5,7,1,1,9,4,5,2,18,43,2,9,1,1,C03,7,9,1,8,2,11,14,43,43,1,5,1,C03,120.709504,24.145572,2
2022,5,17,7,14,臺中市,清水區,0,0,0,8,1,5,40,14,9,1,5,4,5,7,1,1,1,2,5,1,13,23,3,10,1,1,C03,7,9,1,10,2,11,,23,23,1,5,1,C03,120.572435,24.264136,3
2022,5,17,7,17,臺中市,北屯區,0,1,0,6,1,5,50,14,9,1,4,4,5,7,4,4,5,4,5,2,19,42,2,7,1,1,B03,7,9,1,8,2,6,,42,42,1,8,1,B03,120.755613,24.199928,2
2022,5,17,7,22,臺中市,西區,0,0,0,6,,,50,,,,,,,,,,,,,,,23,,,,,B03,,,1,8,11,,,23,23,2,22,,B03,120.670484,24.152219,3
2022,5,17,7,23,臺中市,北區,0,0,0,,,,40,,,,,,,,,,,,,,,4,,,,,B03,,,1,,11,,,4,4,2,5,,B03,120.670766,24.153735,3
2022,5,17,7,24,臺中市,東勢區,0,0,0,8,,,60,,,,,,,,,,,,,,,16,,,,,B12,,,1,,2,,,16,16,1,22,,B12,120.816369,24.278946,3
2022,5,17,7,25,臺中市,西屯區,0,1,0,6,1,5,50,4,2,1,4,4,5,7,1,1,8,3,4,1,18,43,2,9,1,1,C03,7,9,1,10,2,12,,43,43,1,22,8,C03,120.620464,24.160745,2
2022,5,17,7,30,臺中市,大里區,0,1,0,6,1,5,50,14,9,1,4,4,5,7,1,1,5,5,5,1,16,6,3,10,1,1,B03,7,5,1,8,2,1,,6,6,1,22,8,B03,120.69979,24.110408,2
2022,5,17,7,31,臺中市,大甲區,0,0,0,8,,,50,,,,,,,,,,,,,,,23,,,,,B03,,,1,,2,,,23,23,1,4,,B03,120.618394,24.34618,3
2022,5,17,7,34,臺中市,大雅區,0,1,0,6,1,5,60,14,7,1,4,4,5,7,1,1,3,4,4,1,12,23,2,9,1,1,B03,7,9,1,8,2,1,,23,23,1,22,9,B03,120.640797,24.230611,2
2022,5,17,7,34,臺中市,龍井區,0,1,0,8,1,5,30,3,1,1,5,4,5,7,4,4,10,5,5,2,16,6,3,10,3,4,B12,7,5,1,8,2,8,,6,6,1,19,2,B12,120.547868,24.194511,2
2022,5,17,7,36,臺中市,烏日區,0,0,0,8,,,50,,,,,,,,,,,,,,,26,,,,,B03,,,1,,9,,,26,26,1,11,,B03,120.638485,24.111446,3
2022,5,17,7,40,臺中市,太平區,0,3,0,6,1,5,50,3,1,1,4,4,5,7,4,4,10,5,5,2,16,6,2,9,1,1,C04,7,9,3,18,2,14,,6,6,1,22,5,C04,120.719764,24.129912,2
2022,5,17,7,40,臺中市,神岡區,0,0,0,8,,,50,,,,,,,,,,,,,,,17,,,,,F01,,,1,,1,,,17,17,1,20,,F01,120.686012,24.244958,4
2022,5,17,7,41,臺中市,大里區,0,2,0,6,1,5,50,14,9,1,4,4,5,7,4,4,5,5,5,1,16,6,2,9,1,1,F02,7,5,8,20,2,16,,6,6,1,22,8,F02,120.682626,24.105378,2
2022,5,17,7,41,臺中市,大里區,0,0,0,6,,,50,,,,,,,,,,,,,,,7,,,,,B03,,,1,,2,,,7,7,1,22,,B03,120.694818,24.101491,3
2022,5,17,7,42,臺中市,烏日區,0,1,0,7,1,5,40,3,1,1,4,4,5,7,1,1,1,4,3,1,13,16,2,9,1,1,C03,7,12,1,10,2,11,12,16,16,1,22,8,C03,120.618656,24.102588,2
2022,5,17,7,45,臺中市,南區,0,1,0,6,1,5,50,3,1,1,4,4,5,7,4,4,10,5,5,2,16,6,3,10,1,1,B03,7,11,1,8,2,8,,6,6,1,22,7,B03,120.6514,24.110815,2
2022,5,17,7,45,臺中市,東區,0,1,0,6,1,5,40,4,1,1,4,4,5,7,1,1,10,5,5,2,17,23,2,9,3,4,C03,7,9,1,10,2,12,,23,23,1,5,8,C03,120.704798,24.136458,2
2022,5,17,7,46,臺中市,西屯區,0,0,0,8,,,50,,,,,,,,,,,,,,,19,,,,,B03,,,1,,1,,,19,19,1,1,,B03,120.647546,24.159335,3
2022,5,17,7,49,臺中市,梧棲區,0,0,0,8,,,90,,,,,,,,,,,,,,,16,,,,,A31,,,1,,2,,,16,16,1,10,,A31,120.531166,24.238166,3
2022,5,17,7,50,臺中市,東區,0,0,0,,,,50,,,,,,,,,,,,,,,19,,,,,C03,,,1,,2,,,19,19,1,5,,C03,120.69473,24.134807,3
2022,5,17,7,50,臺中市,大里區,0,1,0,6,1,5,50,14,9,1,4,4,5,7,4,4,5,4,5,1,17,7,2,9,1,1,C03,7,7,1,10,2,11,,7,7,1,22,8,C03,120.694483,24.10081,2
2022,5,17,7,50,臺中市,沙鹿區,0,2,0,8,1,5,40,14,7,1,5,4,5,7,4,4,9,5,4,2,16,6,2,9,1,1,C03,7,5,1,10,2,14,,6,6,1,18,5,C03,120.577586,24.223144,2
2022,5,17,7,51,臺中市,西區,0,2,0,6,1,5,50,3,1,1,4,4,5,7,4,4,10,5,5,2,16,6,2,9,1,1,C03,7,5,1,10,2,12,,6,6,1,22,8,C03,120.666533,24.136564,2
2022,5,17,7,55,臺中市,西屯區,0,1,0,8,1,5,40,3,2,1,4,4,5,7,2,1,8,3,4,1,11,23,2,9,1,1,C03,7,9,1,10,11,11,,23,23,1,22,8,C03,120.60652,24.194148,2
2022,5,17,7,56,臺中市,東區,0,2,0,6,1,5,50,14,9,1,4,4,5,7,4,4,9,5,5,2,12,10,3,10,1,1,B03,7,11,1,8,2,8,,10,10,1,5,1,B03,120.690853,24.1297,2
2022,5,17,7,59,臺中市,東區,0,0,0,6,,,80,,,,,,,,,,,,,,,23,,,,,B12,,,1,8,2,,,23,23,1,5,,B12,120.70521,24.137635,3
2022,5,17,8,0,臺中市,西屯區,0,0,0,6,,,50,,,,,,,,,,,,,,,43,,,,,B03,,,1,,2,,,43,43,1,22,,B03,120.628867,24.162746,3
2022,5,17,8,0,臺中市,神岡區,0,1,0,6,1,5,50,14,9,1,4,4,5,7,1,1,1,4,5,2,13,23,2,9,1,1,C03,7,7,1,10,2,11,,23,23,1,21,8,C03,120.698946,24.248851,2
2022,5,17,8,0,臺中市,豐原區,0,1,0,6,1,5,30,4,2,1,4,4,5,7,4,4,10,5,5,2,17,14,2,9,1,1,C03,7,9,1,10,2,12,,14,14,1,21,1,C03,120.723083,24.258269,2
2022,5,17,8,1,臺中市,西屯區,0,1,0,8,1,5,40,3,8,1,5,4,5,7,4,4,1,4,1,2,17,43,2,9,3,4,C03,7,9,1,10,2,14,,43,43,1,21,8,C03,120.650613,24.162303,2
2022,5,17,8,6,臺中市,大雅區,0,1,0,6,1,5,50,4,9,1,4,4,5,7,1,1,5,5,5,1,13,16,2,9,1,1,C03,7,9,1,10,2,11,,16,16,1,22,9,C03,120.64456,24.23496,2
2022,5,17,8,10,臺中市,西區,0,2,0,6,1,5,50,4,1,1,4,4,5,7,1,1,10,5,5,2,15,25,2,9,1,1,C03,7,9,1,10,2,11,,25,25,1,22,9,C03,120.655132,24.144971,2
2022,5,17,8,10,臺中市,北屯區,0,1,0,6,1,5,50,3,1,1,4,4,5,7,4,4,10,5,5,2,16,1,2,8,1,1,C03,7,4,1,10,2,11,,1,1,1,22,1,C03,120.704995,24.181458,2
2022,5,17,8,10,臺中市,西屯區,0,0,0,6,,,40,,,,,,,,,,,,,,,23,,,,,B02,,,1,,1,,,23,23,1,22,,B02,120.661038,24.172046,3
2022,5,17,8,10,臺中市,西屯區,0,1,0,7,1,5,50,3,1,1,5,4,5,7,4,4,5,5,5,1,17,42,3,10,1,1,B03,7,5,1,14,1,5,,42,42,1,1,9,B03,120.646976,24.1708,2
2022,5,17,8,10,臺中市,大肚區,0,2,0,8,1,5,30,3,1,1,5,4,5,7,4,4,10,5,5,2,16,14,2,9,1,1,C03,7,9,1,10,2,11,,14,14,1,22,8,C03,120.572825,24.173703,2
2022,5,17,8,12,臺中市,清水區,0,0,0,8,,,30,,,,,,,,,,,,,,,23,,,,,B12,,,1,,2,,,23,23,1,21,,B12,120.574826,24.293487,3
2022,5,17,8,15,臺中市,大里區,0,1,0,6,1,5,50,5,1,1,4,4,5,7,1,1,3,4,4,1,16,9,3,10,1,1,B03,7,6,1,8,2,5,,9,9,1,22,8,B03,120.69695,24.084253,2
2022,5,17,8,17,臺中市,北區,0,1,0,6,1,5,30,3,9,1,4,4,5,7,4,4,10,5,5,2,17,23,3,10,1,1,C03,7,15,1,10,2,14,,23,23,1,5,8,C03,120.674384,24.160542,2
2022,5,17,8,23,臺中市,龍井區,0,2,0,8,1,5,50,14,9,1,5,4,5,7,4,4,5,5,5,1,16,26,2,9,3,4,C03,7,5,1,10,2,14,,26,26,1,20,6,C03,120.525761,24.214136,2
2022,5,17,8,25,臺中市,北屯區,0,0,0,6,,,50,,,,,,,,,,,,,,,7,,,,,B03,,,1,,1,,,7,7,1,22,,B03,120.69833,24.170816,3
2022,5,17,8,26,臺中市,大里區,0,1,0,6,1,5,50,14,8,1,4,4,5,7,4,4,5,5,4,1,18,42,2,9,1,1,C03,7,9,1,10,2,14,,42,42,1,22,8,C03,120.68387,24.113445,2
2022,5,17,8,29,臺中市,南區,0,0,0,,,,50,,,,,,,,,,,,,,,19,,,,,B03,,,1,,2,,,19,19,1,22,,B03,120.661773,24.130463,3
2022,5,17,8,30,臺中市,西區,0,1,0,7,1,5,50,4,1,1,4,4,5,7,4,4,10,5,5,2,14,12,3,10,1,1,B12,7,2,1,8,2,3,,12,12,1,21,8,B12,120.65774,24.147705,2
2022,5,17,8,30,臺中市,豐原區,0,1,0,6,1,5,50,3,8,1,4,4,5,7,1,1,1,3,1,1,17,6,3,10,1,1,C03,7,11,1,10,2,11,,6,6,1,22,5,C03,120.723793,24.260798,2
2022,5,17,8,31,臺中市,西屯區,0,1,0,8,1,5,50,14,9,1,4,4,5,7,4,4,9,5,5,2,17,19,3,10,1,1,B03,7,1,1,8,2,8,,19,19,1,22,8,B03,120.641524,24.154839,2
2022,5,17,8,40,臺中市,西屯區,0,0,0,8,,,40,,,,,,,,,,,,,,,23,,,,,B03,,,1,,11,,,23,23,1,22,,B03,120.659038,24.201139,3
2022,5,17,8,40,臺中市,龍井區,0,2,0,8,1,5,50,3,1,1,5,4,5,7,4,4,10,5,5,2,16,44,2,9,3,4,C03,7,11,1,10,2,14,,44,44,1,5,4,C03,120.549103,24.212345,2
2022,5,17,8,42,臺中市,大里區,0,1,0,8,1,5,50,14,9,1,5,4,5,7,1,1,3,4,5,1,16,17,3,10,1,1,B12,7,1,6,18,2,2,,17,17,1,22,8,B12,120.679083,24.115116,2
2022,5,17,8,45,臺中市,北區,0,0,0,8,1,5,50,4,1,1,5,4,5,7,1,1,10,5,5,2,11,25,3,10,3,4,B03,7,5,3,18,4,2,,25,25,1,5,8,B03,120.677303,24.151254,3
2022,5,17,8,46,臺中市,西區,0,1,0,6,1,5,50,4,1,1,4,4,5,7,1,1,10,5,5,2,13,23,2,9,1,1,C03,7,9,1,10,1,11,12,23,23,1,22,9,C03,120.670648,24.144675,2
2022,5,17,8,46,臺中市,北屯區,0,0,0,8,,,40,,,,,,,,,,,,,,,10,,,,,B12,,,1,8,2,,,10,10,1,21,,B12,120.670512,24.178443,3
2022,5,17,8,48,臺中市,豐原區,0,1,0,7,1,5,50,14,7,1,4,4,5,7,2,1,4,4,5,2,29,43,2,9,1,1,C03,7,12,1,10,2,15,,43,43,1,21,1,C03,120.6958,24.239891,2
2022,5,17,8,50,臺中市,大雅區,0,1,0,8,1,5,50,14,9,1,5,4,5,7,4,4,9,5,5,1,16,6,3,10,1,1,B03,7,5,1,8,2,1,,6,6,1,22,9,B03,120.648612,24.216053,2
2022,5,17,8,50,臺中市,東區,0,2,0,6,1,5,30,4,1,1,4,4,5,7,4,4,9,5,5,2,16,6,2,9,1,1,C03,7,9,1,10,2,14,,14,6,1,5,1,C03,120.705821,24.131652,2
2022,5,17,8,53,臺中市,北區,0,0,0,,,,50,,,,,,,,,,,,,,,23,,,,,B03,,,1,,2,,,23,23,1,22,,B03,120.695724,24.161074,3
2022,5,17,9,13,臺中市,西屯區,0,2,0,8,1,5,50,14,7,1,5,4,5,7,3,1,5,4,4,2,17,19,2,9,1,1,C03,7,1,1,10,2,14,,19,19,1,1,9,C03,120.665474,24.178313,2
2022,5,17,9,15,臺中市,南屯區,0,1,0,8,1,5,50,4,1,1,5,4,5,7,3,2,10,5,5,2,15,43,2,9,1,1,C03,7,9,1,10,2,11,,43,43,1,22,9,C03,120.641388,24.129722,2
2022,5,17,9,30,臺中市,西屯區,0,0,0,8,,,30,,,,,,,,,,,,,,,23,,,,,B03,,,1,,1,,,23,23,1,22,,B03,120.66059,24.168248,3
2022,5,17,9,33,臺中市,潭子區,0,0,0,8,,,50,,,,,,,,,,,,,,,17,,,,,A11,,,1,,2,,,17,17,1,22,,A11,120.709561,24.234628,3
2022,5,17,9,35,臺中市,大甲區,0,1,0,8,1,5,50,4,1,1,5,4,5,7,1,1,10,5,5,2,17,9,3,10,1,1,B03,7,6,1,8,2,3,,9,9,1,4,8,B03,120.616022,24.335463,2
2022,5,17,9,40,臺中市,沙鹿區,0,1,0,8,1,5,40,14,8,1,5,4,5,7,4,4,1,4,4,2,12,17,2,9,1,1,C03,7,9,1,10,2,12,,17,17,1,3,5,C03,120.563009,24.233544,2
2022,5,17,9,41,臺中市,大甲區,0,1,0,8,1,5,60,3,1,1,5,4,5,7,1,1,10,5,5,2,17,18,3,10,1,1,B03,7,3,1,8,2,7,,18,18,1,4,8,B03,120.614971,24.33387,2
2022,5,17,9,43,臺中市,西屯區,0,1,0,8,1,5,40,14,8,1,5,4,5,7,4,4,1,4,4,2,16,42,3,10,1,1,C03,7,15,1,10,1,13,,42,42,1,22,8,C03,120.651882,24.207371,2
2022,5,17,9,44,臺中市,東區,0,1,0,7,1,5,50,3,1,1,5,4,5,7,4,4,10,5,5,2,18,23,2,9,3,4,C03,7,9,1,10,2,12,,23,23,1,5,8,C03,120.690038,24.100968,2
2022,5,17,9,45,臺中市,西屯區,0,1,0,8,1,5,50,14,7,1,5,4,5,7,4,4,8,3,4,1,17,16,2,9,1,1,C03,7,9,1,10,2,11,,16,16,1,22,8,C03,120.637679,24.179588,2
2022,5,17,9,49,臺中市,北區,0,0,0,,,,40,,,,,,,,,,,,,,,23,,,,,B12,,,1,,2,,,23,23,1,5,,B12,120.680723,24.150647,3
2022,5,17,9,52,臺中市,沙鹿區,0,1,0,8,1,5,50,3,1,1,5,4,5,7,4,4,10,5,5,2,16,6,3,10,1,1,C03,7,6,1,10,2,13,,6,6,1,20,9,C03,120.5601,24.23896,2
2022,5,17,10,4,臺中市,霧峰區,0,1,0,7,1,5,70,14,9,1,5,4,5,7,4,4,1,4,5,1,13,23,3,10,1,1,B02,7,9,1,10,2,1,,23,23,1,22,8,B02,120.664056,24.081495,2
2022,5,17,10,7,臺中市,霧峰區,0,0,0,8,,,30,,,,,,,,,,,,,,,17,,,,,B12,,,1,,2,,,17,17,1,4,,B12,120.659777,24.071963,3
2022,5,17,10,9,臺中市,北屯區,0,1,0,8,1,5,50,4,1,1,5,4,5,7,1,1,10,5,5,2,16,23,3,10,1,1,B03,7,5,1,8,2,8,,23,23,1,22,8,B03,120.714283,24.17377,2
2022,5,17,10,10,臺中市,西屯區,0,0,0,8,,,50,,,,,,,,,,,,,,,42,,,,,B03,,,1,,2,,,42,42,1,1,,B03,120.609613,24.185269,3
2022,5,17,10,10,臺中市,神岡區,0,1,0,8,1,5,50,14,9,1,5,4,5,7,4,4,5,4,4,1,17,26,2,9,1,1,C03,7,11,1,10,2,11,,26,26,1,12,8,C03,120.664836,24.2582,2
2022,5,17,10,18,臺中市,大雅區,0,1,0,8,1,5,50,14,9,1,5,4,5,7,4,4,5,4,4,1,12,7,3,10,1,1,A12,7,8,1,3,2,6,,7,7,1,22,9,A12,120.657065,24.230545,2
2022,5,17,10,20,臺中市,北區,0,3,0,8,1,5,50,4,1,1,5,4,5,7,4,4,10,5,5,2,15,6,2,9,1,1,C03,7,9,1,10,2,12,,6,6,1,5,8,C03,120.678746,24.158161,2
2022,5,17,10,22,臺中市,南區,0,1,0,8,1,5,50,14,9,1,5,4,5,7,1,1,3,2,5,2,13,43,2,9,1,1,C03,7,9,1,10,2,11,,43,43,1,22,8,C03,120.66999,24.119723,2
2022,5,17,10,30,臺中市,霧峰區,0,1,0,8,1,5,50,3,1,1,5,4,5,7,4,4,9,5,5,2,18,43,2,9,1,1,C03,7,9,1,10,2,14,,43,43,1,22,8,C03,120.699375,24.059263,2
2022,5,17,10,37,臺中市,北屯區,0,0,0,8,,,50,,,,,,,,,,,,,,,23,,,,,B12,,,1,8,1,,,23,23,1,21,,B12,120.686667,24.199406,3
2022,5,17,10,49,臺中市,龍井區,0,0,0,8,,,50,,,,,,,,,,,,,,,8,,,,,F03,,,8,,2,,,8,8,1,22,,F03,120.585393,24.18212,4
2022,5,17,11,8,臺中市,西屯區,0,0,0,8,,,50,,,,,,,,,,,,,,,26,,,,,B03,,,1,,1,,,26,26,1,22,,B03,120.651515,24.189763,3
2022,5,17,11,14,臺中市,潭子區,0,1,0,7,1,5,30,13,9,1,5,4,5,7,4,4,10,5,5,2,16,19,3,10,1,1,B12,7,1,1,8,2,1,,19,19,1,22,9,B12,120.708154,24.230991,2
2022,5,17,11,14,臺中市,南區,0,0,0,6,,,50,,,,,,,,,,,,,,,7,,,,,B03,,,1,,2,,,7,7,1,5,,B03,120.680913,24.122321,3
2022,5,17,11,15,臺中市,西屯區,0,0,0,8,,,30,,,,,,,,,,,,,,,12,,,,,B12,,,1,,1,,,12,12,1,22,,B12,120.642371,24.179325,3
2022,5,17,11,22,臺中市,北區,0,0,0,8,,,50,,,,,,,,,,,,,,,23,,,,,B12,,,1,,2,,,23,23,1,22,,B12,120.675841,24.145819,3
2022,5,17,11,22,臺中市,北屯區,0,1,0,8,1,5,50,4,1,1,5,4,5,7,2,1,10,5,5,2,16,6,3,10,1,1,B12,7,6,1,8,2,2,,6,6,1,21,8,B12,120.727812,24.160785,2
2022,5,17,11,25,臺中市,東勢區,0,1,0,8,1,5,50,14,9,1,5,4,5,7,4,4,5,5,5,1,16,26,2,9,1,1,C03,7,5,1,10,2,12,,26,26,1,22,8,C03,120.827643,24.25865,2
2022,5,17,11,31,臺中市,東區,0,0,0,8,,,40,,,,,,,,,,,,,,,42,,,,,C03,,,1,10,2,,,42,42,1,5,,C03,120.708591,24.149208,3
2022,5,17,11,32,臺中市,豐原區,0,0,0,8,,,50,,,,,,,,,,,,,,,6,,,,,B03,,,1,,2,,,6,6,1,21,,B03,120.719794,24.253535,3
2022,5,17,11,45,臺中市,西區,0,0,0,8,,,50,,,,,,,,,,,,,,,26,,,,,A02,,,1,,2,,,44,42,1,10,,A02,120.682212,24.135899,3
2022,5,17,11,48,臺中市,西區,0,0,0,8,,,50,,,,,,,,,,,,,,,19,,,,,B03,,,1,,1,,,19,19,1,21,,B03,120.660182,24.145532,3
2022,5,17,11,48,臺中市,大甲區,0,1,0,8,1,5,50,14,9,1,5,4,5,7,4,4,5,5,5,1,17,16,3,10,1,1,B03,7,9,1,10,2,2,,16,16,1,21,8,B03,120.625386,24.34566,2
2022,5,17,11,49,臺中市,西屯區,0,0,0,8,,,30,,,,,,,,,,,,,,,12,,,,,B12,,,1,,2,,,12,12,1,22,,B12,120.659422,24.172725,3
2022,5,17,11,50,臺中市,西屯區,0,2,0,8,1,5,40,3,2,1,5,4,5,7,4,4,8,3,5,1,17,6,2,9,1,1,C04,7,5,1,10,2,11,,6,6,1,22,8,C04,120.649952,24.183048,2
2022,5,17,11,50,臺中市,霧峰區,0,0,0,6,,,60,,,,,,,,,,,,,,,23,,,,,A42,,,1,,2,,,23,23,1,22,,A42,120.696971,24.070131,3
2022,5,17,11,57,臺中市,烏日區,0,0,0,8,,,40,,,,,,,,,,,,,,,12,,,,,B03,,,1,,2,,,12,12,1,22,,B03,120.607486,24.126615,3
2022,5,17,11,58,臺中市,大雅區,0,2,0,7,1,5,30,4,1,1,5,4,5,7,4,4,10,5,5,2,15,6,2,9,1,1,C03,7,9,1,10,2,11,,6,6,1,22,9,C03,120.666221,24.238067,2
2022,5,17,12,0,臺中市,大雅區,0,0,0,8,,,50,,,,,,,,,,,,,,,23,,,,,B03,,,1,,2,,,23,23,1,22,,B03,120.64463,24.228912,3
2022,5,17,12,0,臺中市,西區,0,1,0,8,1,5,50,3,1,1,5,4,5,7,1,1,10,5,5,2,16,8,3,10,1,1,C03,7,5,1,10,1,14,,8,8,1,22,9,C03,120.673562,24.136581,2
2022,5,17,12,1,臺中市,烏日區,0,1,0,8,1,5,30,4,1,1,5,4,5,7,4,4,10,5,5,2,15,6,3,10,1,1,B03,7,9,1,8,2,1,,6,6,1,5,8,B03,120.634771,24.070805,2
2022,5,17,12,6,臺中市,大甲區,0,2,0,8,1,5,70,14,8,1,5,4,5,7,4,4,1,4,4,1,17,19,3,10,1,1,B03,7,1,1,8,2,8,,19,19,1,21,8,B03,120.637916,24.362871,2
2022,5,17,12,7,臺中市,太平區,0,1,0,6,1,5,50,14,9,1,4,4,5,7,4,4,9,4,5,2,16,19,3,10,1,1,C03,7,1,1,10,2,11,,19,19,1,22,5,C03,120.727055,24.123013,2
2022,5,17,12,10,臺中市,北區,0,1,0,8,1,5,50,14,9,1,5,4,5,7,2,1,5,4,4,1,13,23,3,10,3,4,C03,7,9,1,10,2,13,,44,23,1,22,9,C03,120.682344,24.165307,2
2022,5,17,12,12,臺中市,西屯區,0,2,0,7,1,5,50,14,9,1,5,4,5,7,4,4,5,5,5,2,3,52,2,9,1,1,H01,8,16,8,20,10,16,,52,52,1,1,9,H01,120.656686,24.165526,2
2022,5,17,12,15,臺中市,大雅區,0,0,0,8,,,30,,,,,,,,,,,,,,,23,,,,,C01,,,1,,2,,,23,23,1,22,,C01,120.67216,24.22887,3
2022,5,17,12,15,臺中市,外埔區,0,0,0,8,1,5,30,3,1,1,5,4,5,7,4,4,10,5,5,2,14,12,,,,,B11,,,1,,2,,,12,12,1,22,,B11,120.638257,24.342099,3
2022,5,17,12,17,臺中市,南區,0,1,0,8,1,5,50,4,1,1,5,4,5,7,1,1,10,5,5,2,18,43,2,9,1,1,C03,7,5,1,8,2,15,,43,43,1,22,7,C03,120.679294,24.123747,2
2022,5,17,12,22,臺中市,梧棲區,0,1,0,8,1,5,50,3,1,1,5,4,5,7,4,4,10,5,5,2,16,6,3,10,1,1,B03,7,5,1,8,2,5,,6,6,1,5,8,B03,120.53076,24.253411,2
2022,5,17,12,24,臺中市,梧棲區,0,2,0,8,1,5,30,4,1,1,5,4,5,7,2,1,10,5,5,2,16,6,2,9,1,1,C03,7,5,1,10,2,11,,6,6,1,11,8,C03,120.53198,24.228799,2
2022,5,17,12,30,臺中市,潭子區,0,1,0,8,1,5,50,14,8,1,5,4,5,7,4,4,1,3,4,1,17,23,2,9,1,1,F03,7,9,8,20,2,15,,23,23,1,22,8,F03,120.702958,24.199537,2
2022,5,17,12,30,臺中市,南區,0,0,0,,,,,,,,,,,,,,,,,,,67,,,,,,,,,,,,,67,67,1,,,,120.684198,24.121544,3
2022,5,17,12,50,臺中市,新社區,0,0,0,8,,,50,,,,,,,,,,,,,,,42,,,,,B12,,,1,,2,,,42,42,1,22,,B12,120.808565,24.251106,3
2022,5,17,13,2,臺中市,豐原區,0,1,0,6,1,5,50,14,8,1,4,4,5,7,4,4,8,5,4,2,16,7,3,10,1,1,C03,7,8,1,10,2,12,,7,7,1,21,8,C03,120.716375,24.239801,2
2022,5,17,13,19,臺中市,南區,0,0,0,6,,,50,,,,,,,,,,,,,,,43,,,,,,,,,,,,,43,43,1,,,,120.682091,24.13086,3
2022,5,17,13,19,臺中市,后里區,0,0,0,8,,,40,,,,,,,,,,,,,,,26,,,,,C03,,,3,,11,,,26,26,1,22,,C03,120.709108,24.311024,3
2022,5,17,13,30,臺中市,后里區,0,1,0,8,1,5,60,3,1,1,5,4,5,7,3,1,5,5,5,2,12,7,3,10,1,1,B12,7,8,1,8,2,3,,7,7,1,4,1,B12,120.725078,24.318839,2
2022,5,17,13,34,臺中市,中區,0,0,0,8,,,50,,,,,,,,,,,,,,,12,,,,,B11,,,1,8,1,,,12,12,1,5,,B11,120.684244,24.139211,3
2022,5,17,13,47,臺中市,大里區,0,0,0,,,,50,,,,,,,,,,,,,,,23,,,,,B03,,,1,,2,,,23,23,1,22,,B03,120.686541,24.118985,3
2022,5,17,13,51,臺中市,大甲區,0,1,0,8,1,5,60,4,2,1,5,4,5,7,1,1,1,4,5,1,18,23,2,9,1,1,C02,7,9,4,10,2,12,,23,23,1,21,8,C02,120.620666,24.424356,2
2022,5,17,13,53,臺中市,大甲區,0,1,0,8,1,5,50,4,1,1,5,4,5,7,1,1,10,5,5,2,15,25,2,9,1,1,C03,7,9,1,10,2,11,,25,25,1,21,8,C03,120.620915,24.349543,2
2022,5,17,13,59,臺中市,烏日區,0,0,0,8,,,40,,,,,,,,,,,,,,,7,,,,,A11,,,1,,2,,,7,7,1,22,,A11,120.618123,24.102788,3
2022,5,17,14,0,臺中市,大里區,0,0,0,8,,,50,,,,,,,,,,,,,,,12,,,,,A12,,,1,,2,,,12,12,1,4,,A12,120.706538,24.096217,3
2022,5,17,14,5,臺中市,北區,0,1,0,8,1,5,50,3,1,1,5,4,5,7,1,1,10,5,5,2,16,6,3,10,1,1,B12,7,6,1,8,2,6,,6,6,1,22,9,B12,120.672332,24.144531,2
2022,5,17,14,13,臺中市,西屯區,0,0,0,8,,,50,,,,,,,,,,,,,,,23,,,,,B12,,,1,,1,,,23,23,1,22,,B12,120.60705,24.155455,3
2022,5,17,14,19,臺中市,北區,0,0,0,8,,,40,,,,,,,,,,,,,,,23,,,,,B03,,,1,,11,,,23,23,1,22,,B03,120.68059,24.148773,3
2022,5,17,14,20,臺中市,潭子區,0,0,0,8,1,5,30,13,9,1,5,4,5,7,4,4,10,5,5,2,14,12,,,,,B03,,,1,,2,,,12,12,1,22,,B03,120.704365,24.209496,3
2022,5,17,14,25,臺中市,西區,0,0,0,8,,,50,,,,,,,,,,,,,,,17,,,,,B03,,,1,,1,,,17,17,1,22,,B03,120.660923,24.139275,3