年,月,日,時,分,縣市,區,死,受傷,2-30,天候,光線,道路類別,速限,道路型態,事故位置,路面鋪裝,路面狀態,路面缺陷,障礙物,視距,號誌種類,號誌動作,分向設施,快車道或一般車道間,快慢車道間,路面邊線,事故類型及型態,主要肇因,受傷程度,主要傷處,保護裝備,行動電話,當事者區分,車輛用途,當事者行動狀態,駕駛資格情形,駕駛執照種類,飲酒情形,車輛撞擊部位最初,車輛撞擊部位其他,肇事因素個別,肇事因素主要,肇事逃逸,職業,旅次目的,車種,GPS緯度,GPS經度,事故類別
2022,5,18,8,57,臺中市,東區,0,0,0,,,,50,,,,,,,,,,,,,,,26,,,,,C03,,,1,,2,,,26,26,1,5,,C03,120.69187,24.139981,3
2022,5,18,8,58,臺中市,西屯區,0,0,0,8,,,50,,,,,,,,,,,,,,,67,,,,,,,,,,,,,67,67,1,,,,120.611266,24.190989,3
2022,5,18,9,0,臺中市,北區,0,0,0,,,,50,,,,,,,,,,,,,,,23,,,,,B03,,,1,,2,,,23,23,1,22,,B03,120.692341,24.155029,3
2022,5,18,9,0,臺中市,霧峰區,0,2,0,8,1,5,50,3,2,1,5,4,5,7,1,1,5,5,4,1,16,6,2,9,1,1,C03,7,5,4,11,2,11,,6,6,1,20,9,C03,120.699,24.066837,2
2022,5,18,9,6,臺中市,潭子區,0,0,0,8,1,5,50,4,1,1,5,4,5,7,1,1,5,2,5,2,16,19,,,,,C03,,,1,,1,,,19,19,1,22,,C03,120.705359,24.211544,3
2022,5,18,9,7,臺中市,大雅區,0,1,0,8,1,5,50,4,1,1,5,4,5,7,2,1,5,4,4,1,16,26,2,9,1,1,C03,7,9,1,10,2,11,,26,26,1,22,9,C03,120.651768,24.228007,2
2022,5,18,9,23,臺中市,西屯區,0,0,0,8,,,50,,,,,,,,,,,,,,,42,,,,,B03,,,1,,1,,,42,42,1,22,,B03,120.644047,24.200694,3
2022,5,18,9,26,臺中市,北區,0,0,0,8,,,30,,,,,,,,,,,,,,,12,,,,,B12,,,1,,2,,,12,12,1,21,,B12,120.684955,24.168093,3
2022,5,18,9,32,臺中市,太平區,0,0,0,8,,,50,,,,,,,,,,,,,,,43,,,,,C03,,,1,,2,,,43,43,1,22,,C03,120.713904,24.14345,3
2022,5,18,9,35,臺中市,梧棲區,0,1,0,8,1,5,50,4,1,1,5,4,5,7,4,4,10,5,5,2,15,6,3,10,1,1,B03,7,9,1,8,2,1,,6,6,1,5,8,B03,120.541968,24.247023,2
2022,5,18,9,45,臺中市,龍井區,0,1,0,8,1,5,50,14,9,1,5,4,5,7,4,4,5,5,5,1,17,19,3,10,3,4,B12,7,1,1,8,2,15,,19,19,1,22,9,B12,120.589274,24.189561,2
2022,5,18,9,46,臺中市,霧峰區,0,0,0,8,,,50,,,,,,,,,,,,,,,16,,,,,B02,,,1,,2,,,16,16,1,4,,B02,120.695113,24.05935,3
2022,5,18,9,47,臺中市,北屯區,0,0,0,8,,,50,,,,,,,,,,,,,,,48,,,,,B03,,,1,,2,,,48,48,1,22,,B03,120.707799,24.180097,3
2022,5,18,9,48,臺中市,大甲區,0,1,0,8,1,5,30,16,9,1,5,4,5,7,4,4,10,4,5,2,17,23,3,10,1,1,B01,7,9,1,4,2,8,,23,23,1,10,8,B01,120.626585,24.34452,2
2022,5,18,9,50,臺中市,西區,0,0,0,6,,,50,,,,,,,,,,,,,,,23,,,,,B03,,,1,8,1,,,23,23,1,22,,B03,120.66615,24.127148,3
2022,5,18,9,57,臺中市,大雅區,0,1,0,8,1,5,30,14,9,1,5,4,5,7,4,4,10,5,5,2,17,34,3,10,1,1,G03,7,2,1,8,2,15,,34,34,1,22,8,G03,120.63239,24.223398,2
2022,5,18,10,2,臺中市,龍井區,0,0,0,8,,,30,,,,,,,,,,,,,,,43,,,,,C03,,,1,,11,,,38,43,1,22,,C03,120.591224,24.182757,3
2022,5,18,10,7,臺中市,北區,0,1,0,8,1,5,50,5,1,1,5,4,5,7,2,1,10,5,5,2,18,23,2,9,1,1,C03,7,9,1,10,2,12,,23,23,1,22,9,C03,120.686341,24.154633,2
2022,5,18,10,20,臺中市,梧棲區,0,0,0,8,,,70,,,,,,,,,,,,,,,7,,,,,A41,,,1,,2,,,7,7,1,10,,A41,120.527856,24.26129,3
2022,5,18,10,20,臺中市,大甲區,0,1,0,8,1,5,50,4,2,1,5,4,5,7,4,4,10,5,5,1,12,10,3,10,1,1,B03,7,11,1,8,2,8,,10,10,1,4,8,B03,120.654512,24.407279,2
2022,5,18,10,24,臺中市,潭子區,0,1,0,8,1,5,50,14,7,1,5,4,5,7,4,4,5,4,4,2,13,23,2,9,1,1,C03,7,9,1,10,2,11,,23,23,1,22,9,C03,120.710776,24.212491,2
2022,5,18,10,30,臺中市,大雅區,0,0,0,8,,,50,,,,,,,,,,,,,,,23,,,,,B03,,,1,,2,,,23,23,1,22,,B03,120.65288,24.221364,3
2022,5,18,10,33,臺中市,北區,0,1,0,8,1,5,50,4,9,1,5,4,5,7,2,1,5,2,4,1,16,9,3,10,3,4,B03,7,6,1,8,2,2,,9,9,1,22,9,B03,120.664089,24.162142,2
2022,5,18,10,34,臺中市,北屯區,0,0,0,8,,,50,,,,,,,,,,,,,,,23,,,,,B12,,,1,,11,,,23,23,2,21,,B12,120.693955,24.163908,3
2022,5,18,10,37,臺中市,清水區,0,1,0,8,1,5,50,4,1,1,5,4,5,7,1,1,1,4,4,2,16,25,2,9,1,1,C03,7,9,1,10,2,14,,25,25,1,5,5,C03,120.573435,24.264175,2
2022,5,18,10,40,臺中市,沙鹿區,0,1,0,8,1,5,50,3,1,1,5,4,5,7,4,4,10,5,5,2,15,6,3,10,1,1,B01,7,9,1,4,2,5,,6,6,1,10,5,B01,120.561973,24.235857,2
2022,5,18,10,48,臺中市,南區,0,1,0,8,1,5,50,14,9,1,5,4,5,7,4,4,5,5,5,2,17,42,2,9,3,4,C03,7,15,1,10,2,14,,42,42,1,5,8,C03,120.659926,24.130296,2
2022,5,18,10,49,臺中市,北屯區,0,0,0,8,,,50,,,,,,,,,,,,,,,7,,,,,B12,,,1,,1,,,7,7,1,21,,B12,120.673617,24.200757,3
2022,5,18,10,57,臺中市,南屯區,0,1,0,8,1,5,50,3,1,1,5,4,5,7,4,4,10,5,5,2,16,9,3,10,3,4,C03,7,6,3,18,2,12,,9,9,1,12,8,C03,120.626521,24.115458,2
2022,5,18,11,0,臺中市,豐原區,0,2,0,8,1,5,50,5,1,1,5,4,5,7,1,1,5,5,4,1,16,8,2,9,1,1,C03,7,5,1,10,2,11,14,8,8,1,18,8,C03,120.722345,24.256661,2
2022,5,18,11,7,臺中市,沙鹿區,0,0,1,8,1,5,30,3,1,1,5,4,5,4,4,4,10,5,5,2,16,6,3,10,1,1,B03,7,5,1,8,2,1,,6,6,1,20,8,B03,120.56074,24.246361,2
2022,5,18,11,10,臺中市,中區,0,1,0,8,1,5,50,3,1,1,5,4,5,7,1,1,10,5,5,2,16,23,2,7,1,1,C03,7,9,1,10,2,14,,23,23,1,21,8,C03,120.683268,24.136372,2
2022,5,18,11,10,臺中市,大肚區,0,1,0,8,1,5,30,3,1,1,5,4,5,7,4,4,10,5,5,2,17,6,3,10,3,4,B12,7,6,1,8,2,8,,6,6,1,22,9,B12,120.574426,24.17001,2
2022,5,18,11,11,臺中市,西區,0,1,0,8,1,5,50,14,9,1,5,4,5,7,4,4,10,5,5,2,14,12,3,10,1,1,B11,7,2,1,4,2,3,,12,12,1,21,8,B11,120.661394,24.154521,2
2022,5,18,11,12,臺中市,北屯區,0,1,0,8,1,5,50,3,18,1,5,4,5,7,2,1,10,5,5,2,3,15,3,10,1,1,B03,7,5,1,4,2,1,,15,15,1,22,8,B03,120.707987,24.180201,2
2022,5,18,11,13,臺中市,北區,0,1,0,8,1,5,50,4,1,1,5,4,5,7,1,1,10,5,5,2,16,19,3,10,1,1,B11,7,1,1,8,2,4,,19,19,1,10,8,B11,120.68669,24.160295,2
2022,5,18,11,16,臺中市,北區,0,0,0,,,,,,,,,,,,,,,,,,,67,,,,,,,,,,,,,67,67,1,,,,120.677375,24.153919,3
2022,5,18,11,20,臺中市,后里區,0,2,0,8,1,5,30,14,9,1,5,4,5,7,4,4,10,5,5,1,10,19,2,7,1,1,C03,7,1,3,18,2,11,,19,19,1,22,8,C03,120.702049,24.292247,2
2022,5,18,11,25,臺中市,大里區,0,1,0,8,1,5,50,14,9,1,5,4,5,7,4,4,5,5,4,1,13,23,2,9,1,1,C03,7,9,1,10,2,12,,23,23,1,22,8,C03,120.690203,24.113051,2
2022,5,18,11,29,臺中市,西屯區,0,0,0,8,,,30,,,,,,,,,,,,,,,34,,,,,A11,,,1,,10,,,34,34,1,22,,A11,120.613802,24.185394,3
2022,5,18,11,37,臺中市,東勢區,0,1,0,8,1,5,70,4,1,1,5,4,5,7,2,1,5,5,5,1,17,6,3,10,3,4,B12,7,5,1,8,2,8,,6,6,1,22,8,B12,120.828313,24.257157,2
2022,5,18,11,41,臺中市,西區,0,0,0,8,,,50,,,,,,,,,,,,,,,23,,,,,B12,,,1,,1,,,23,23,1,22,,B12,120.657385,24.146323,3
2022,5,18,11,41,臺中市,梧棲區,0,0,0,8,,,70,,,,,,,,,,,,,,,23,,,,,B03,,,1,,1,,,23,23,1,5,,B03,120.550445,24.244543,3
2022,5,18,11,47,臺中市,太平區,0,0,0,8,,,50,,,,,,,,,,,,,,,18,,,,,B12,,,1,,2,,,18,18,1,21,,B12,120.726984,24.125795,3
2022,5,18,11,50,臺中市,西屯區,0,0,0,8,,,50,,,,,,,,,,,,,,,16,,,,,B03,,,1,,1,,,16,16,1,22,,B03,120.629576,24.183696,3
2022,5,18,11,50,臺中市,大甲區,0,0,0,,,,60,,,,,,,,,,,,,,,44,,,,,B03,,,1,,2,,,44,44,1,22,,B03,120.651722,24.386263,3
2022,5,18,11,58,臺中市,大里區,0,2,0,8,1,5,50,14,9,1,5,4,5,7,1,1,5,5,4,1,16,25,2,9,1,1,C03,7,9,1,10,2,11,,25,25,1,22,8,C03,120.680921,24.115011,2
2022,5,18,12,0,臺中市,神岡區,0,0,0,8,,,50,,,,,,,,,,,,,,,38,,,,,A12,,,1,,1,,,38,38,1,22,,A12,120.697633,24.251387,3
2022,5,18,12,1,臺中市,北區,0,1,0,8,1,5,50,14,9,1,5,4,5,7,4,4,5,5,4,2,16,7,3,10,1,1,C03,7,10,1,10,2,14,,7,7,1,21,8,C03,120.678448,24.171167,2
2022,5,18,12,10,臺中市,中區,0,2,0,8,1,5,50,4,1,1,5,4,5,7,4,4,10,5,5,2,15,6,2,9,1,1,C03,7,9,1,10,2,12,,6,6,1,21,8,C03,120.678232,24.140134,2
2022,5,18,12,11,臺中市,北屯區,0,2,0,8,1,5,50,4,1,1,5,4,5,7,3,1,10,5,5,2,15,6,2,7,1,1,C03,7,9,1,10,11,14,,6,6,2,20,8,C03,120.694501,24.1885,2
2022,5,18,12,16,臺中市,北區,0,1,0,8,1,5,50,3,1,1,5,4,5,7,4,4,10,5,5,2,17,42,3,10,1,1,B03,7,2,1,8,2,3,,42,42,1,22,9,B03,120.685213,24.166098,2
2022,5,18,12,28,臺中市,南區,0,2,0,8,1,5,50,4,1,1,5,4,5,7,1,1,9,4,4,2,12,7,2,9,1,1,C03,7,9,1,10,2,11,,23,7,1,5,1,C03,120.650085,24.111771,2
2022,5,18,12,28,臺中市,大甲區,0,2,0,8,1,5,30,4,1,1,5,4,5,7,4,4,10,5,5,2,15,6,2,7,1,1,C03,7,9,1,10,2,12,,6,6,1,21,8,C03,120.632925,24.356985,2
2022,5,18,12,29,臺中市,龍井區,0,1,0,8,1,5,50,3,2,1,5,4,5,7,4,4,5,5,4,2,17,4,3,10,3,4,C03,7,5,1,10,2,13,,44,4,1,22,9,C03,120.58995,24.180894,2
2022,5,18,12,34,臺中市,北區,0,1,0,8,1,5,50,3,1,1,5,4,5,7,4,4,5,4,4,1,16,9,3,10,3,4,B03,7,6,1,8,2,2,,9,9,1,22,9,B03,120.688697,24.152433,2
2022,5,18,12,37,臺中市,南區,0,2,0,8,1,5,50,14,9,1,5,4,5,7,4,4,3,4,5,2,13,23,2,8,3,4,C03,7,9,1,10,2,11,,23,23,1,5,8,C03,120.65977,24.130335,2
2022,5,18,12,40,臺中市,清水區,0,0,0,,,,50,,,,,,,,,,,,,,,23,,,,,C03,,,1,,2,,,23,23,1,5,,C03,120.571146,24.260064,3
2022,5,18,12,47,臺中市,豐原區,0,0,0,8,,,50,,,,,,,,,,,,,,,23,,,,,B03,,,1,,2,,,23,23,1,22,,B03,120.720235,24.264005,3
2022,5,18,12,57,臺中市,西區,0,0,0,8,,,50,,,,,,,,,,,,,,,23,,,,,B12,,,1,8,2,,,23,23,1,22,,B12,120.661283,24.149039,3
2022,5,18,12,58,臺中市,北屯區,0,1,0,8,1,5,50,3,1,1,5,4,5,7,4,4,10,5,5,2,16,8,3,10,1,1,B03,7,5,1,8,2,7,,8,8,1,22,8,B03,120.712643,24.172642,2
2022,5,18,13,20,臺中市,豐原區,0,3,0,8,1,5,30,14,9,1,5,4,5,7,4,4,10,5,5,1,17,6,2,8,3,4,C03,7,5,1,10,2,14,,6,6,1,22,8,C03,120.720633,24.251044,2
2022,5,18,13,24,臺中市,北區,0,1,0,8,1,5,50,14,7,1,5,4,5,7,4,4,5,5,4,2,16,19,3,10,1,1,B03,7,1,1,8,2,1,,19,19,1,22,8,B03,120.668066,24.154009,2
2022,5,18,13,30,臺中市,烏日區,0,0,0,8,,,50,,,,,,,,,,,,,,,23,,,,,B03,,,3,,2,,,23,23,1,5,,B03,120.610511,24.10894,3
2022,5,18,13,53,臺中市,南區,0,0,0,,,,50,,,,,,,,,,,,,,,23,,,,,B03,,,1,,2,,,23,23,1,5,,B03,120.679145,24.118822,3
2022,5,18,13,55,臺中市,北區,0,2,0,8,1,5,50,4,1,1,5,4,5,7,1,1,1,5,5,2,13,23,2,9,1,1,C03,7,9,1,10,2,11,,23,23,1,21,8,C03,120.673828,24.164849,2
2022,5,18,14,3,臺中市,后里區,0,1,0,8,1,5,30,14,9,1,5,4,5,7,4,4,10,5,5,2,16,19,2,9,1,1,C03,7,1,1,10,2,12,,19,19,1,22,8,C03,120.709405,24.328505,2
2022,5,18,14,8,臺中市,神岡區,0,0,0,8,,,50,,,,,,,,,,,,,,,6,,,,,B02,,,1,,1,,,6,6,1,22,,B02,120.637932,24.288966,3
2022,5,18,14,20,臺中市,東區,0,0,0,8,,,50,,,,,,,,,,,,,,,17,,,,,B11,,,1,,2,,,17,17,1,5,,B11,120.704333,24.132698,3
2022,5,18,14,35,臺中市,大里區,0,0,0,8,,,30,,,,,,,,,,,,,,,6,,,,,B12,,,1,,2,,,6,6,1,4,,B12,120.7078,24.091264,3
2022,5,18,14,38,臺中市,西區,0,1,0,8,1,5,50,4,1,1,5,4,5,7,1,1,10,5,5,2,17,8,3,10,1,1,C03,7,5,1,10,2,15,,8,8,1,22,9,C03,120.678,24.134074,2
2022,5,18,14,38,臺中市,北區,0,1,0,8,1,5,50,14,9,1,5,4,5,7,4,4,1,2,5,2,12,17,2,9,1,1,C03,7,7,1,10,2,14,,17,17,1,22,9,C03,120.685158,24.166736,2
2022,5,18,14,39,臺中市,神岡區,0,0,0,8,,,40,,,,,,,,,,,,,,,16,,,,,B12,,,1,,1,,,16,16,1,22,,B12,120.668507,24.278909,3
2022,5,18,14,43,臺中市,北區,0,2,0,8,1,5,30,4,1,1,5,4,5,7,4,4,10,5,5,2,15,6,2,9,3,4,C03,7,9,1,10,2,11,,6,6,1,22,9,C03,120.683685,24.16363,2
2022,5,18,14,48,臺中市,西屯區,0,1,0,8,1,5,50,4,1,1,5,4,5,7,1,1,9,4,4,2,29,42,2,9,1,1,C03,7,5,1,10,1,14,,42,42,1,12,8,C03,120.637055,24.17298,2
2022,5,18,14,50,臺中市,西區,0,1,0,8,1,5,50,4,1,1,5,4,5,7,1,1,10,5,5,2,16,6,3,10,1,1,B03,7,6,1,8,2,2,,6,6,1,4,5,B03,120.674292,24.148306,2
2022,5,18,14,54,臺中市,北屯區,0,0,0,8,,,50,,,,,,,,,,,,,,,40,,,,,B11,,,1,,1,,,40,40,1,10,,B11,120.724023,24.172026,3
2022,5,18,14,56,臺中市,梧棲區,0,3,0,8,1,5,50,4,1,1,5,4,5,7,4,4,10,5,5,2,16,6,2,8,1,1,C03,7,5,1,10,2,11,,6,6,1,20,8,C03,120.542063,24.248687,2
2022,5,18,14,58,臺中市,北區,0,0,0,8,,,50,,,,,,,,,,,,,,,23,,,,,B12,,,1,,2,,,23,23,1,10,,B12,120.694446,24.158399,3
2022,5,18,15,3,臺中市,西屯區,0,2,0,8,1,8,50,4,1,1,5,4,5,7,1,1,8,4,4,1,16,25,2,9,1,4,C03,7,9,3,18,2,11,,25,25,1,4,8,C03,120.660221,24.169355,2
2022,5,18,15,9,臺中市,烏日區,0,0,0,8,,,30,,,,,,,,,,,,,,,42,,,,,A41,,,1,,2,,,42,42,1,22,,A41,120.653438,24.08999,3
2022,5,18,15,15,臺中市,南區,0,0,0,8,,,50,,,,,,,,,,,,,,,40,,,,,B03,,,1,8,2,,,40,40,1,5,,B03,120.664206,24.121185,3
2022,5,18,15,16,臺中市,太平區,0,0,0,8,,,50,,,,,,,,,,,,,,,12,,,,,B12,,,1,,1,,,12,12,1,21,,B12,120.711142,24.157643,3
2022,5,18,15,27,臺中市,大雅區,0,1,0,8,1,5,50,3,1,1,5,4,5,7,4,4,5,4,5,1,17,43,2,9,1,1,C03,7,9,1,10,2,14,,43,43,1,22,9,C03,120.65367,24.223725,2
2022,5,18,15,36,臺中市,南屯區,0,1,0,8,1,5,50,14,7,1,5,4,5,7,4,4,5,4,4,2,16,7,3,10,1,1,A12,7,8,1,3,2,6,,7,7,1,22,9,A12,120.626343,24.140467,2
2022,5,18,15,38,臺中市,大雅區,0,1,0,8,1,5,50,3,1,1,5,4,5,7,1,1,1,5,5,2,17,23,2,9,1,1,C03,7,9,1,10,2,11,,23,23,1,21,8,C03,120.64343,24.227868,2
2022,5,18,15,49,臺中市,西屯區,0,3,0,8,1,5,50,4,1,1,5,4,5,7,1,1,1,4,5,2,16,6,2,7,1,1,C03,7,5,1,10,2,12,,6,6,1,22,8,C03,120.643921,24.156433,2
2022,5,18,15,57,臺中市,北區,0,0,0,,,,50,,,,,,,,,,,,,,,23,,,,,B03,,,1,,11,,,23,23,1,22,,B03,120.681549,24.155752,3
2022,5,18,15,57,臺中市,南屯區,0,2,0,8,1,5,50,14,8,1,5,4,5,7,4,4,5,4,4,2,16,7,3,10,3,4,B03,7,8,1,8,2,6,,7,7,1,22,9,B03,120.614869,24.139226,2
2022,5,18,16,10,臺中市,北屯區,0,1,0,8,1,5,50,11,9,1,5,4,5,7,4,4,1,4,5,2,18,43,2,9,1,1,C02,7,9,1,9,2,12,,43,43,1,21,8,C02,120.783943,24.20503,2
2022,5,18,16,12,臺中市,大雅區,0,2,0,8,1,5,50,4,1,1,5,4,5,7,1,1,10,4,5,1,15,25,2,9,1,1,C03,7,9,1,10,2,11,,25,25,1,22,9,C03,120.646964,24.213551,2
2022,5,18,16,13,臺中市,大甲區,0,1,0,8,1,5,50,4,1,1,5,4,5,7,3,1,10,5,5,2,16,6,3,10,1,1,B03,7,6,1,8,2,1,,6,6,1,4,1,B03,120.645158,24.403135,2
2022,5,18,16,40,臺中市,大雅區,0,0,0,8,,,50,,,,,,,,,,,,,,,23,,,,,B03,,,1,,2,,,23,23,1,22,,B03,120.647164,24.221041,3
2022,5,18,16,48,臺中市,北屯區,0,1,0,8,1,5,50,4,18,1,5,4,5,7,2,1,10,5,5,2,3,15,3,10,1,1,B03,7,5,1,8,2,5,,15,15,1,21,8,B03,120.685036,24.16702,2
2022,5,18,16,55,臺中市,東區,0,0,0,8,,,50,,,,,,,,,,,,,,,12,,,,,B03,,,1,4,2,,,12,12,1,5,,B03,120.688045,24.133879,3
2022,5,18,16,55,臺中市,沙鹿區,0,0,0,8,1,5,60,4,7,1,5,4,5,7,1,1,1,3,1,1,11,25,,,,,B11,,,1,,2,,,25,25,1,10,,B11,120.569509,24.237324,3
2022,5,18,17,0,臺中市,神岡區,0,1,0,8,1,5,30,11,9,1,5,4,5,7,4,4,10,5,5,1,17,5,2,9,1,1,F03,7,9,8,20,2,16,,5,5,1,12,8,F03,120.667722,24.258621,2
2022,5,18,17,3,臺中市,北區,0,0,0,8,,,50,,,,,,,,,,,,,,,23,,,,,B03,,,1,,1,,,23,23,1,22,,B03,120.685182,24.166741,3
2022,5,18,17,14,臺中市,西區,0,0,0,8,,,50,,,,,,,,,,,,,,,16,,,,,C03,,,1,,2,,,16,16,1,5,,C03,120.677263,24.140206,3
2022,5,18,17,15,臺中市,大雅區,0,1,0,8,1,5,50,14,9,1,5,4,5,7,4,4,5,5,5,2,13,23,2,8,1,1,C03,7,9,1,10,2,11,,23,23,1,21,8,C03,120.63707,24.245291,2
2022,5,18,17,16,臺中市,西區,0,0,0,8,1,5,50,4,2,1,5,4,5,7,1,1,5,4,4,2,17,19,,,,,B03,,,1,,1,,,19,19,1,22,,B03,120.669796,24.147375,3
2022,5,18,17,18,臺中市,西區,0,1,0,8,2,5,40,14,7,1,5,4,5,7,4,4,1,4,4,2,12,7,2,9,1,1,C03,7,7,5,10,2,14,,7,7,1,2,9,C03,120.657458,24.151079,2
2022,5,18,17,19,臺中市,豐原區,0,2,0,8,1,5,50,4,2,1,5,4,5,7,2,1,1,1,5,1,17,17,3,10,1,1,B12,7,9,1,8,9,2,,17,17,1,10,3,B12,120.72979,24.2551,2
2022,5,18,17,20,臺中市,龍井區,0,0,0,8,,,30,,,,,,,,,,,,,,,23,,,,,C03,,,1,,2,,,23,23,1,22,,C03,120.576541,24.183376,3
2022,5,18,17,21,臺中市,大肚區,0,1,0,8,1,5,50,4,2,1,5,4,5,7,1,1,10,5,5,2,17,23,2,9,3,4,C03,7,5,1,10,2,13,,44,23,1,22,9,C03,120.579083,24.168831,2
2022,5,18,17,23,臺中市,潭子區,0,2,0,8,1,5,60,14,8,1,5,4,5,7,4,4,1,4,4,1,13,16,2,9,1,1,C03,7,12,1,10,2,11,,16,16,1,22,8,C03,120.705102,24.214279,2
2022,5,18,17,24,臺中市,烏日區,0,0,0,8,,,50,,,,,,,,,,,,,,,23,,,,,B03,,,1,,2,,,23,23,1,22,,B03,120.630422,24.04477,3
2022,5,18,17,25,臺中市,潭子區,0,0,0,8,,,50,,,,,,,,,,,,,,,42,,,,,C03,,,1,,2,,,42,42,1,22,,C03,120.691645,24.223514,3
2022,5,18,17,26,臺中市,大雅區,0,1,0,8,1,5,50,4,1,1,5,4,5,7,1,1,1,3,5,1,16,7,2,9,1,1,C03,7,7,1,10,2,14,,7,7,1,22,9,C03,120.649223,24.216178,2
2022,5,18,17,27,臺中市,大安區,0,0,0,8,,,90,,,,,,,,,,,,,,,67,,,,,B03,,,1,,1,,,67,67,1,3,,B03,120.587158,24.371998,3
2022,5,18,17,32,臺中市,清水區,0,2,0,8,3,5,50,14,9,1,5,4,5,7,4,4,5,5,5,1,12,19,2,9,1,1,C03,7,1,1,10,1,14,,19,19,1,5,8,C03,120.575209,24.280632,2
2022,5,18,17,35,臺中市,龍井區,0,0,0,8,,,30,,,,,,,,,,,,,,,23,,,,,B03,,,1,,2,,,23,23,1,5,,B03,120.550955,24.211258,3
2022,5,18,17,36,臺中市,南屯區,0,2,0,8,1,5,50,11,9,1,5,4,5,7,4,4,9,5,5,2,13,42,2,9,3,4,C03,7,5,1,10,2,13,,42,42,1,22,9,C03,120.592062,24.149243,2
2022,5,18,17,40,臺中市,大雅區,0,0,0,8,,,50,,,,,,,,,,,,,,,7,,,,,B03,,,1,,2,,,7,7,1,22,,B03,120.649223,24.216178,3
2022,5,18,17,52,臺中市,西屯區,0,1,0,8,1,5,50,4,2,1,5,4,5,7,1,1,5,4,5,2,13,16,3,10,1,1,C03,7,9,3,18,2,11,,16,16,1,22,8,C03,120.6066,24.169283,2
2022,5,18,17,54,臺中市,中區,0,2,0,8,1,5,50,4,1,1,5,4,5,7,4,4,10,5,5,2,12,17,2,8,1,1,C03,7,15,1,10,2,12,,17,17,1,5,8,C03,120.680385,24.137528,2
2022,5,18,18,1,臺中市,烏日區,0,0,0,8,,,40,,,,,,,,,,,,,,,18,,,,,A11,,,1,,2,,,18,18,1,22,,A11,120.600479,24.107995,3
2022,5,18,18,5,臺中市,西區,0,0,0,8,2,5,50,3,9,1,5,4,5,7,4,4,5,2,5,2,14,12,,,,,B03,,,1,,1,,,12,12,1,22,,B03,120.668156,24.148244,3
2022,5,18,18,5,臺中市,北屯區,0,1,0,8,2,5,50,4,1,1,5,4,5,7,1,1,10,5,5,2,18,42,2,9,1,1,C03,7,6,1,10,2,12,,42,42,1,5,8,C03,120.6685,24.1953,2
2022,5,18,18,8,臺中市,烏日區,0,1,0,8,2,5,30,4,1,1,5,4,5,7,4,4,10,5,5,2,15,6,2,9,1,1,C03,7,9,1,10,2,11,,6,6,1,3,1,C03,120.643583,24.058206,2
2022,5,18,18,9,臺中市,北屯區,0,1,0,8,2,5,50,3,1,1,5,4,5,7,4,4,10,5,5,2,13,23,3,10,1,1,B03,7,9,1,8,2,5,,23,23,1,21,8,B03,120.67975,24.176541,2
2022,5,18,18,10,臺中市,大雅區,0,0,0,8,,,60,,,,,,,,,,,,,,,23,,,,,B03,,,1,,1,,,23,23,1,21,,B03,120.64454,24.226705,3
2022,5,18,18,10,臺中市,外埔區,0,2,0,8,1,5,50,14,8,1,5,4,5,7,1,1,6,3,4,1,13,16,3,10,1,1,A21,7,9,1,1,2,1,,16,16,1,22,8,A21,120.654038,24.320288,2
2022,5,18,18,11,臺中市,豐原區,0,0,0,8,,,50,,,,,,,,,,,,,,,12,,,,,B03,,,1,,2,,,12,12,1,22,,B03,120.715631,24.242856,3
2022,5,18,18,12,臺中市,東區,0,0,0,8,,,50,,,,,,,,,,,,,,,6,,,,,B03,,,1,,2,,,6,6,1,22,,B03,120.700851,24.135511,3
2022,5,18,18,21,臺中市,西屯區,0,1,0,8,1,5,50,4,1,1,5,4,5,7,1,1,8,3,4,1,16,6,3,10,1,4,B03,7,6,1,8,2,1,,6,6,1,4,8,B03,120.636001,24.169636,2
2022,5,18,18,28,臺中市,大雅區,0,1,0,8,1,5,30,14,9,1,5,4,5,7,4,4,10,4,5,1,16,19,2,9,1,1,C03,7,1,1,10,2,12,,19,19,1,22,9,C03,120.647735,24.225883,2
2022,5,18,18,30,臺中市,西區,0,0,0,8,,,40,,,,,,,,,,,,,,,19,,,,,B03,,,1,,2,,,19,19,1,22,,B03,120.665531,24.13217,3
2022,5,18,18,38,臺中市,神岡區,0,1,0,8,3,5,30,3,2,1,5,4,5,7,4,4,5,5,5,1,17,6,3,10,3,4,B03,7,5,1,8,2,8,,6,6,1,22,9,B03,120.680497,24.240695,2
2022,5,18,18,49,臺中市,南區,0,1,0,7,3,5,50,3,1,1,5,4,5,7,4,4,10,5,5,2,16,6,3,10,1,1,B03,7,6,1,8,2,5,,6,6,1,22,9,B03,120.679408,24.117601,2
2022,5,18,18,52,臺中市,大雅區,0,0,0,8,,,50,,,,,,,,,,,,,,,26,,,,,B03,,,1,,2,,,26,26,1,21,,B03,120.654354,24.229388,3