年,月,日,時,分,縣市,區,死,受傷,2-30,天候,光線,道路類別,速限,道路型態,事故位置,路面鋪裝,路面狀態,路面缺陷,障礙物,視距,號誌種類,號誌動作,分向設施,快車道或一般車道間,快慢車道間,路面邊線,事故類型及型態,主要肇因,受傷程度,主要傷處,保護裝備,行動電話,當事者區分,車輛用途,當事者行動狀態,駕駛資格情形,駕駛執照種類,飲酒情形,車輛撞擊部位最初,車輛撞擊部位其他,肇事因素個別,肇事因素主要,肇事逃逸,職業,旅次目的,車種,GPS緯度,GPS經度,事故類別
2022,5,18,18,56,臺中市,石岡區,0,2,0,8,3,5,40,14,9,1,5,4,5,7,4,4,5,4,1,1,13,16,2,9,1,1,C03,7,9,1,10,2,11,,16,16,1,22,9,C03,120.811975,24.262931,2
2022,5,18,18,58,臺中市,北區,0,0,0,8,,,50,,,,,,,,,,,,,,,23,,,,,B03,,,1,,2,,,23,23,1,22,,B03,120.686411,24.155001,3
2022,5,18,19,27,臺中市,北屯區,0,1,0,8,3,5,40,15,20,4,5,4,5,7,4,4,10,5,5,2,18,26,2,9,1,1,C03,7,9,1,10,2,14,,26,26,1,20,8,C03,120.719738,24.182277,2
2022,5,18,19,30,臺中市,西屯區,0,1,0,8,1,5,1,14,20,1,5,4,5,7,4,4,1,5,1,1,18,26,2,9,1,4,C03,7,9,1,10,2,11,,26,26,1,4,8,C03,120.620364,24.180416,2
2022,5,18,19,31,臺中市,豐原區,0,1,0,8,3,5,50,5,1,1,5,4,5,7,1,1,10,5,5,2,18,23,2,8,1,1,C03,7,9,1,10,2,14,,23,23,1,21,8,C03,120.722271,24.254314,2
2022,5,18,19,59,臺中市,太平區,0,1,0,8,3,5,50,3,1,1,5,4,5,7,1,1,5,5,4,1,16,7,3,10,1,1,C03,7,8,1,10,2,13,,7,7,1,21,8,C03,120.729984,24.150295,2
2022,5,18,20,15,臺中市,龍井區,0,1,0,8,3,5,70,4,1,1,5,4,5,7,1,1,10,5,5,2,16,25,2,9,1,1,C03,7,9,6,18,8,14,,25,25,1,12,8,C03,120.542368,24.218345,2
2022,5,18,20,38,臺中市,清水區,0,1,0,8,1,5,50,4,2,1,5,4,5,7,1,1,10,5,5,1,16,25,2,9,3,4,C03,7,5,1,10,2,12,,25,25,1,22,8,C03,120.56822,24.276693,2
2022,5,18,21,4,臺中市,西區,0,1,0,8,3,5,50,4,1,1,5,4,5,7,1,1,10,5,5,2,16,6,2,9,1,1,C03,7,5,2,18,2,12,,6,6,1,4,5,C03,120.676996,24.135007,2
2022,5,18,21,9,臺中市,大甲區,0,0,0,8,,,50,,,,,,,,,,,,,,,17,,,,,B03,,,1,,9,,,17,17,1,4,,B03,120.589921,24.350636,3
2022,5,18,21,25,臺中市,烏日區,0,1,0,8,3,5,30,4,1,1,5,4,5,7,4,4,10,5,5,2,15,6,3,10,1,1,F03,7,9,8,20,5,16,,6,6,1,21,8,F03,120.634555,24.106969,2
2022,5,18,21,36,臺中市,南區,0,0,0,,,,50,,,,,,,,,,,,,,,23,,,,,B03,,,1,,2,,,23,23,1,22,,B03,120.679618,24.1186,3
2022,5,18,21,40,臺中市,豐原區,0,0,0,8,,,50,,,,,,,,,,,,,,,12,,,,,B03,,,1,,2,,,12,12,1,22,,B03,120.705977,24.253005,3
2022,5,18,22,10,臺中市,西屯區,0,1,0,8,1,5,50,4,1,1,5,4,5,7,1,1,8,4,4,1,16,17,3,10,1,4,B01,7,9,1,8,2,2,,17,17,1,4,8,B01,120.662611,24.16323,2
2022,5,18,22,12,臺中市,南區,0,2,0,8,3,5,50,14,9,1,5,4,5,7,4,4,5,4,5,2,17,19,2,9,1,1,C03,7,1,1,10,2,11,,19,19,1,21,8,C03,120.68429,24.131531,2
2022,5,18,23,9,臺中市,后里區,0,0,0,8,3,5,50,3,2,1,5,4,5,7,2,1,1,4,4,1,13,16,,,,,C03,,,1,,2,,,16,16,1,22,,C03,120.723168,24.287645,3
2022,5,18,23,15,臺中市,大雅區,0,0,0,8,,,30,,,,,,,,,,,,,,,18,,,,,B03,,,1,,2,,,18,18,1,22,,B03,120.650453,24.225792,3
2022,5,18,23,38,臺中市,南區,0,1,0,8,3,5,50,4,1,1,5,4,5,7,2,1,5,5,5,2,16,25,3,10,1,1,B01,7,5,1,2,2,1,,25,25,1,10,5,B01,120.676627,24.131752,2
2022,5,19,0,0,臺中市,西屯區,0,1,0,8,1,5,30,9,9,1,5,4,5,7,4,4,9,5,5,2,18,42,2,9,1,1,C03,7,5,1,10,9,14,,42,42,1,12,8,C03,120.630847,24.173309,2
2022,5,19,0,2,臺中市,豐原區,0,1,0,8,3,5,50,14,9,1,5,4,5,7,4,4,4,5,5,1,17,23,2,9,1,1,C03,7,9,2,18,2,12,,23,23,1,16,8,C03,120.753618,24.261555,2
2022,5,19,0,7,臺中市,東區,0,1,0,7,3,5,50,14,9,1,5,4,5,7,4,4,5,5,5,2,16,3,3,10,1,1,B03,7,15,1,8,2,8,,3,3,1,22,9,B03,120.704528,24.142601,2
2022,5,19,0,15,臺中市,北區,0,0,0,8,3,5,50,4,1,1,5,4,5,7,3,1,10,5,5,2,12,16,,,,,C03,,,1,,1,,,16,16,1,22,,C03,120.666176,24.155152,3
2022,5,19,2,38,臺中市,西屯區,0,2,0,8,3,5,50,14,9,1,5,4,5,7,4,4,1,4,5,2,29,23,2,9,3,4,C03,7,9,1,10,2,11,,23,23,1,22,8,C03,120.635085,24.172471,2
2022,5,19,4,42,臺中市,西屯區,0,0,0,8,2,5,40,14,8,1,5,4,5,7,4,4,5,5,4,2,13,23,2,1,1,1,B03,7,9,1,8,2,1,,23,23,1,4,8,B03,120.658342,24.192517,3
2022,5,19,5,5,臺中市,西屯區,0,0,0,8,,,30,,,,,,,,,,,,,,,42,,,,,B12,,,1,,2,,,42,42,1,22,,B12,120.640793,24.181645,3
2022,5,19,5,43,臺中市,東區,0,0,0,8,1,5,50,4,7,1,5,4,5,7,2,1,5,5,4,2,13,23,3,10,1,1,B02,7,9,1,8,2,5,,23,23,1,21,8,B02,120.690163,24.131725,3
2022,5,19,6,0,臺中市,大甲區,0,2,0,8,1,5,50,14,9,1,5,4,5,7,4,4,5,5,5,1,12,23,2,9,1,1,C03,7,9,1,10,2,11,,23,23,1,22,8,C03,120.627241,24.35067,2
2022,5,19,6,5,臺中市,沙鹿區,0,2,0,8,1,5,30,5,1,1,5,4,5,7,3,1,10,5,5,2,16,6,3,10,1,1,B03,7,5,1,8,2,8,,6,6,1,4,7,B03,120.565908,24.250135,2
2022,5,19,6,47,臺中市,潭子區,0,0,0,8,,,40,,,,,,,,,,,,,,,16,,,,,C03,,,1,,2,,,16,16,1,22,,C03,120.705016,24.208893,3
2022,5,19,6,49,臺中市,北屯區,0,1,0,8,1,5,50,4,1,1,5,4,5,7,1,1,10,5,5,2,17,13,3,10,1,1,A12,7,6,1,2,2,15,,44,13,1,21,8,A12,120.727606,24.169231,2
2022,5,19,6,54,臺中市,潭子區,0,1,0,8,1,5,60,3,1,1,5,4,5,7,1,1,1,2,4,1,16,25,2,7,1,1,C03,7,9,1,10,2,12,,25,25,1,22,9,C03,120.704429,24.204695,2
2022,5,19,7,17,臺中市,龍井區,0,0,0,8,,,30,,,,,,,,,,,,,,,23,,,,,C03,,,1,,2,,,23,23,1,22,,C03,120.5781,24.18047,3
2022,5,19,7,23,臺中市,西屯區,0,1,0,7,1,5,50,3,1,1,5,4,5,7,4,4,10,5,5,2,17,43,2,8,1,1,C03,7,9,1,10,2,15,,43,43,1,21,1,C03,120.586825,24.17398,2
2022,5,19,7,30,臺中市,北區,0,2,0,8,1,5,50,4,1,1,5,4,5,7,4,4,9,5,5,2,17,6,2,9,1,1,C03,7,9,1,10,2,12,,6,6,1,22,8,C03,120.677394,24.161011,2
2022,5,19,7,38,臺中市,東區,0,2,0,8,1,5,50,3,1,1,5,4,5,7,4,4,9,4,5,2,16,6,2,9,1,1,C03,7,5,1,10,2,14,12,6,6,1,5,1,C03,120.709156,24.134525,2
2022,5,19,7,40,臺中市,太平區,0,0,0,8,,,50,,,,,,,,,,,,,,,42,,,,,B12,,,1,,2,,,42,42,1,9,,B12,120.711334,24.149955,3
2022,5,19,7,45,臺中市,大雅區,0,1,0,8,1,5,50,3,1,1,5,4,5,7,1,1,1,4,4,1,13,23,2,9,1,1,C03,7,1,1,10,2,11,,23,23,1,22,9,C03,120.648355,24.221185,2
2022,5,19,7,50,臺中市,大甲區,0,1,0,8,1,5,50,3,1,1,5,4,5,7,1,1,10,5,5,2,13,23,3,10,1,1,C03,7,9,3,18,2,11,,23,23,1,4,1,C03,120.638158,24.361293,2
2022,5,19,8,2,臺中市,梧棲區,0,0,0,8,,,50,,,,,,,,,,,,,,,6,,,,,C03,,,1,,2,,,6,6,1,22,,C03,120.535076,24.254653,3
2022,5,19,8,15,臺中市,大雅區,0,1,0,8,1,5,50,14,9,1,5,4,5,7,4,4,5,4,5,1,13,16,2,9,1,1,C03,7,9,1,10,2,11,,16,16,1,22,9,C03,120.668821,24.214679,2
2022,5,19,8,15,臺中市,大雅區,0,1,0,8,1,5,50,11,9,1,5,4,5,7,4,4,1,4,5,1,28,23,2,9,1,1,C03,7,9,1,10,2,14,,23,23,1,22,9,C03,120.662211,24.219694,2
2022,5,19,8,18,臺中市,西屯區,0,1,0,8,1,5,50,14,7,1,5,4,5,7,2,1,5,5,4,2,11,26,2,9,3,4,C03,7,5,1,10,1,11,,26,26,1,22,8,C03,120.637838,24.180703,2
2022,5,19,8,19,臺中市,潭子區,0,0,0,8,,,50,,,,,,,,,,,,,,,23,,,,,C03,,,1,,2,,,23,23,1,22,,C03,120.703082,24.216553,3
2022,5,19,8,26,臺中市,西區,0,1,0,8,3,5,50,4,1,1,5,4,5,7,1,1,10,5,5,2,16,9,3,10,1,1,B03,7,6,1,8,2,5,,9,9,1,21,8,B03,120.661688,24.140163,2
2022,5,19,8,27,臺中市,南區,0,2,0,8,1,5,50,4,1,1,5,4,5,7,1,1,10,5,5,2,13,44,3,10,1,1,B03,7,6,1,8,9,3,,44,44,1,22,8,B03,120.681093,24.119041,2
2022,5,19,8,34,臺中市,豐原區,0,1,0,8,1,5,50,4,9,1,5,4,5,7,1,1,5,5,5,2,17,42,3,10,3,4,C03,7,9,1,10,9,11,,42,42,1,22,8,C03,120.715123,24.249149,2
2022,5,19,8,44,臺中市,北屯區,0,0,0,8,,,30,,,,,,,,,,,,,,,19,,,,,B03,,,1,,1,,,19,19,1,21,,B03,120.687043,24.201607,3
2022,5,19,8,44,臺中市,神岡區,0,0,0,8,,,40,,,,,,,,,,,,,,,18,,,,,B12,,,1,,1,,,18,18,1,22,,B12,120.69935,24.264086,3
2022,5,19,8,48,臺中市,西屯區,0,1,0,8,1,5,30,14,9,1,5,4,5,7,4,4,10,5,5,2,12,23,2,9,3,4,C03,7,9,1,10,1,11,,23,23,1,22,8,C03,120.645026,24.173378,2
2022,5,19,8,53,臺中市,神岡區,0,2,0,8,1,5,30,3,2,1,5,4,5,7,4,4,10,5,5,1,17,6,2,1,3,4,B03,7,5,1,8,2,8,,6,6,1,22,9,B03,120.674772,24.245287,2
2022,5,19,8,56,臺中市,南區,0,2,0,8,1,5,50,4,1,1,5,4,5,7,1,1,9,4,5,2,12,7,2,9,1,1,C03,7,7,1,10,2,14,,7,7,1,5,1,C03,120.665911,24.114963,2
2022,5,19,9,1,臺中市,西屯區,0,0,0,8,,,60,,,,,,,,,,,,,,,23,,,,,B03,,,4,,1,,,23,23,1,21,,B03,120.646588,24.164387,3
2022,5,19,9,6,臺中市,西區,0,1,0,7,1,5,50,4,1,1,5,4,5,7,1,1,10,5,5,2,16,42,3,10,1,1,C03,7,6,1,10,2,12,,42,42,1,21,8,C03,120.666406,24.133589,2
2022,5,19,9,14,臺中市,西區,0,2,0,8,1,5,50,3,1,1,5,4,5,7,1,1,10,5,5,2,12,17,2,9,1,1,C03,7,9,1,10,1,12,,17,17,1,21,8,C03,120.678339,24.139285,2
2022,5,19,9,20,臺中市,清水區,0,0,0,8,,,70,,,,,,,,,,,,,,,23,,,,,B12,,,1,,2,,,23,23,1,5,,B12,120.565515,24.297415,3
2022,5,19,9,36,臺中市,豐原區,0,0,0,8,,,50,,,,,,,,,,,,,,,26,,,,,B01,,,1,,2,,,26,26,1,10,,B01,120.720228,24.263858,3
2022,5,19,9,40,臺中市,西區,0,1,0,8,1,5,50,4,1,1,5,4,5,7,1,1,5,4,5,2,16,9,3,10,1,1,B03,7,6,1,8,2,2,,9,9,1,21,8,B03,120.679913,24.137942,2
2022,5,19,9,42,臺中市,清水區,0,1,0,8,1,5,30,5,1,1,5,4,5,7,4,4,10,5,5,2,16,6,3,10,3,4,B12,7,5,1,8,2,4,,6,6,1,22,8,B12,120.548384,24.264317,2
2022,5,19,9,43,臺中市,梧棲區,0,0,0,8,,,30,,,,,,,,,,,,,,,12,,,,,B12,,,1,,1,,,12,12,1,5,,B12,120.518886,24.226645,3
2022,5,19,9,48,臺中市,中區,0,1,0,8,1,5,50,14,9,1,5,4,5,7,4,4,10,4,5,2,17,19,2,9,1,1,C03,7,1,1,10,2,14,12,19,19,1,22,9,C03,120.680054,24.13966,2
2022,5,19,9,50,臺中市,北區,0,2,0,8,1,5,50,3,1,1,5,4,5,7,4,4,10,5,5,2,17,6,2,9,1,1,C03,7,5,1,10,2,12,,6,6,1,22,8,C03,120.688649,24.152489,2
2022,5,19,10,0,臺中市,北屯區,0,1,0,8,1,5,50,14,9,1,5,4,5,7,4,4,1,2,5,1,21,49,2,9,1,1,B12,7,9,1,8,2,1,,49,49,1,5,8,B12,120.786783,24.205901,2
2022,5,19,10,3,臺中市,北屯區,0,0,0,8,,,50,,,,,,,,,,,,,,,23,,,,,B03,,,1,,1,,,23,23,1,22,,B03,120.690879,24.181212,3
2022,5,19,10,4,臺中市,北屯區,0,0,0,8,,,50,,,,,,,,,,,,,,,1,,,,,B03,,,1,,2,,,1,1,1,22,,B03,120.683575,24.168443,3
2022,5,19,10,10,臺中市,北屯區,0,1,0,8,1,5,50,4,1,1,5,4,5,7,4,4,10,5,5,2,15,6,3,10,1,1,B03,7,9,1,8,2,6,,6,6,1,22,8,B03,120.703112,24.180079,2
2022,5,19,10,12,臺中市,太平區,0,0,0,8,,,50,,,,,,,,,,,,,,,17,,,,,B03,,,1,,2,,,17,17,1,22,,B03,120.710929,24.149693,3
2022,5,19,10,18,臺中市,南屯區,0,1,0,8,1,5,50,14,9,1,5,4,5,7,4,4,5,5,5,2,17,19,3,10,1,1,B12,7,1,1,8,2,1,,19,19,1,22,8,B12,120.6526,24.136713,2
2022,5,19,10,20,臺中市,大雅區,0,1,0,8,1,5,50,4,2,1,5,4,5,7,1,1,5,4,5,1,13,16,2,9,1,1,C03,7,9,1,10,2,11,,16,16,1,22,9,C03,120.648355,24.221185,2
2022,5,19,10,24,臺中市,大里區,0,1,0,8,1,5,50,4,2,1,5,4,5,7,1,1,10,5,5,2,17,42,2,8,1,1,C03,7,15,1,10,2,13,,42,42,1,21,9,C03,120.702381,24.087401,2
2022,5,19,10,28,臺中市,北屯區,0,0,0,8,,,30,,,,,,,,,,,,,,,12,,,,,B03,,,1,,1,,,12,12,1,22,,B03,120.683028,24.203124,3
2022,5,19,10,29,臺中市,后里區,0,0,0,,,,50,,,,,,,,,,,,,,,16,,,,,B03,,,1,,1,,,16,16,1,22,,B03,120.696852,24.313183,3
2022,5,19,10,33,臺中市,西屯區,0,0,0,8,,,30,,,,,,,,,,,,,,,12,,,,,B12,,,1,,2,,,12,12,1,21,,B12,120.621772,24.194371,3
2022,5,19,10,43,臺中市,北屯區,0,2,0,8,1,5,50,4,1,1,5,4,5,7,4,4,10,5,5,2,15,6,2,8,1,1,C03,7,9,1,10,2,14,,6,6,1,22,8,C03,120.662923,24.197531,2
2022,5,19,10,44,臺中市,霧峰區,0,1,0,8,1,5,30,14,13,1,5,4,5,7,4,4,10,5,5,1,18,42,2,9,1,1,C03,7,9,1,10,2,14,,42,42,1,22,8,C03,120.711411,24.063753,2
2022,5,19,11,5,臺中市,北區,0,1,0,8,1,5,50,4,1,1,5,4,5,7,4,4,10,5,5,2,15,6,3,10,1,1,B03,7,9,1,5,2,5,,6,6,1,22,9,B03,120.677118,24.17232,2
2022,5,19,11,11,臺中市,潭子區,0,2,0,8,1,5,50,14,9,1,5,4,5,7,4,4,5,4,5,1,16,26,2,9,1,1,C03,7,5,3,18,2,12,,26,26,1,22,8,C03,120.71882,24.204012,2
2022,5,19,11,22,臺中市,北屯區,0,0,0,8,,,50,,,,,,,,,,,,,,,23,,,,,B03,,,1,,1,,,23,23,1,21,,B03,120.657869,24.187108,3
2022,5,19,11,30,臺中市,北屯區,0,1,0,8,1,5,50,14,9,1,5,4,5,7,4,4,9,5,5,2,16,1,3,10,1,1,B03,7,9,1,8,2,5,,1,1,1,22,8,B03,120.682545,24.192974,2
2022,5,19,11,43,臺中市,西屯區,0,2,0,8,1,5,40,4,2,1,5,4,5,7,2,1,1,2,1,2,13,16,2,9,3,4,C03,7,9,1,10,1,11,,16,16,1,22,8,C03,120.646575,24.164659,2
2022,5,19,11,45,臺中市,北屯區,0,1,0,8,1,5,50,14,9,1,5,4,5,7,4,4,1,4,5,2,12,7,3,10,1,1,C03,7,10,1,10,2,14,,7,7,1,21,8,C03,120.680726,24.172995,2
2022,5,19,11,45,臺中市,大甲區,0,0,0,8,,,50,,,,,,,,,,,,,,,18,,,,,B12,,,1,,1,,,18,18,1,21,,B12,120.620323,24.348327,3
2022,5,19,11,55,臺中市,大里區,0,0,0,8,,,50,,,,,,,,,,,,,,,23,,,,,B12,,,1,,2,,,23,23,1,21,,B12,120.697923,24.081099,3
2022,5,19,12,4,臺中市,大里區,1,1,0,8,1,5,50,14,8,1,5,4,5,7,4,4,10,4,4,1,17,23,2,7,1,1,C03,7,9,1,10,2,14,,23,23,1,18,8,C03,120.710621,24.094265,1
2022,5,19,12,4,臺中市,梧棲區,0,0,0,8,,,50,,,,,,,,,,,,,,,18,,,,,B12,,,1,,1,,,18,18,1,3,,B12,120.532813,24.260019,4
2022,5,19,12,12,臺中市,南屯區,0,0,0,8,,,50,,,,,,,,,,,,,,,23,,,,,B03,,,1,,1,,,23,23,1,22,,B03,120.65152,24.155178,3
2022,5,19,12,30,臺中市,大甲區,0,0,0,,,,50,,,,,,,,,,,,,,,67,,,,,B12,,,1,,1,,,67,67,1,9,,B12,120.652959,24.381944,3
2022,5,19,12,36,臺中市,南屯區,0,0,0,8,1,5,60,14,7,1,5,4,5,7,2,1,1,2,1,2,13,23,3,10,1,1,B03,7,9,1,8,2,8,1,23,23,1,6,3,B03,120.597872,24.155393,3
2022,5,19,12,39,臺中市,豐原區,0,1,0,8,1,5,50,4,9,1,5,4,5,7,3,1,5,5,5,2,15,6,3,10,3,4,B03,7,9,1,8,2,4,,14,6,1,22,8,B03,120.720788,24.250591,2
2022,5,19,12,45,臺中市,沙鹿區,0,3,0,8,1,5,50,3,1,1,5,4,5,7,4,4,10,5,5,2,16,6,2,9,1,1,C03,7,5,1,10,2,11,,6,6,1,16,8,C03,120.57478,24.227405,2
2022,5,19,12,50,臺中市,西區,0,0,0,8,,,50,,,,,,,,,,,,,,,23,,,,,B03,,,1,,9,,,23,23,2,4,,B03,120.661147,24.154656,3
2022,5,19,12,53,臺中市,豐原區,0,1,0,8,1,5,50,14,7,1,5,4,5,7,4,4,5,5,4,2,16,26,3,10,1,1,C03,7,4,1,10,2,14,,26,26,1,21,8,C03,120.712831,24.25045,2
2022,5,19,12,55,臺中市,北區,0,1,0,8,1,5,50,4,1,1,5,4,5,7,3,1,10,5,5,2,15,6,3,10,1,1,B03,7,9,1,8,2,2,,6,6,1,22,9,B03,120.671626,24.157263,2
2022,5,19,13,9,臺中市,西屯區,0,1,0,8,1,5,50,4,1,1,5,4,5,7,2,1,10,5,5,2,17,43,3,10,1,1,B03,7,9,1,8,2,15,,43,43,2,19,8,B03,120.651993,24.165822,2
2022,5,19,13,11,臺中市,南區,0,0,0,8,,,50,,,,,,,,,,,,,,,19,,,,,B02,,,1,,2,,,19,19,1,5,,B02,120.668715,24.128886,3
2022,5,19,13,13,臺中市,太平區,0,1,0,8,1,5,50,5,1,1,5,4,5,7,1,1,10,5,5,2,16,1,2,9,1,1,C03,7,9,1,10,2,14,,1,1,1,18,8,C03,120.714652,24.1104,2
2022,5,19,13,18,臺中市,豐原區,0,1,0,8,1,5,50,3,2,1,5,4,5,7,4,4,5,5,4,2,16,6,3,10,1,1,B12,7,6,1,8,2,5,,6,6,1,19,7,B12,120.734949,24.255578,2
2022,5,19,13,25,臺中市,北區,0,1,0,8,1,5,50,4,1,1,5,4,5,7,1,1,10,5,5,2,9,15,3,10,1,1,A11,7,5,1,1,2,1,,15,15,1,22,8,A11,120.673635,24.151592,2
2022,5,19,13,30,臺中市,大雅區,0,0,0,8,,,30,,,,,,,,,,,,,,,12,,,,,B12,,,1,,1,,,12,12,1,21,,B12,120.630157,24.206548,3
2022,5,19,13,32,臺中市,南屯區,0,1,0,8,1,5,50,4,1,1,5,4,5,7,2,1,10,5,5,2,16,23,3,10,1,1,B03,7,5,1,8,2,1,,23,23,1,22,8,B03,120.623141,24.145201,2
2022,5,19,13,36,臺中市,北屯區,0,0,0,8,,,50,,,,,,,,,,,,,,,19,,,,,B12,,,1,,2,,,19,19,1,5,,B12,120.704598,24.171536,3
2022,5,19,13,43,臺中市,東區,0,1,0,8,1,5,50,4,1,1,5,4,5,7,1,1,10,5,5,2,16,6,3,10,1,1,B03,7,6,1,8,2,6,,6,6,1,5,8,B03,120.710396,24.149501,2
2022,5,19,13,51,臺中市,清水區,0,1,0,8,1,5,40,14,8,1,5,4,5,7,4,4,1,4,3,1,12,2,2,8,1,1,B03,7,9,1,8,2,7,,2,2,1,5,8,B03,120.550149,24.276687,2
2022,5,19,13,52,臺中市,西區,0,1,0,8,1,5,50,4,1,1,5,4,5,7,1,1,10,5,5,2,16,7,3,10,1,1,C03,7,8,1,10,2,12,,7,7,1,4,5,C03,120.66022,24.146685,2
2022,5,19,14,8,臺中市,大甲區,0,0,0,8,,,50,,,,,,,,,,,,,,,16,,,,,B12,,,1,,1,,,16,16,1,21,,B12,120.63367,24.345053,3
2022,5,19,14,24,臺中市,北屯區,0,1,0,8,1,5,40,4,1,1,5,4,5,7,2,1,10,5,5,2,18,23,2,9,1,1,C03,7,9,1,10,2,12,,23,23,1,21,8,C03,120.668715,24.192763,2
2022,5,19,14,30,臺中市,西屯區,0,2,0,8,1,5,50,4,1,1,5,4,5,7,2,1,10,5,5,2,13,23,2,9,3,4,B12,7,6,1,8,1,1,,23,23,1,22,8,B12,120.650608,24.163321,2
2022,5,19,14,41,臺中市,西區,0,0,0,,,,50,,,,,,,,,,,,,,,16,,,,,B03,,,1,,1,,,16,16,1,21,,B03,120.679913,24.137942,3
2022,5,19,14,44,臺中市,南屯區,0,0,0,,,,50,,,,,,,,,,,,,,,17,,,,,B12,,,1,,11,,,17,17,2,22,,B12,120.612736,24.153419,3
2022,5,19,14,45,臺中市,太平區,0,1,0,8,1,5,30,11,9,1,5,4,5,7,4,4,4,5,5,1,18,43,2,9,3,4,C03,7,9,2,18,2,14,,43,43,1,16,6,C03,120.816482,24.090407,2
2022,5,19,14,56,臺中市,北屯區,0,1,0,8,1,5,50,4,1,1,5,4,5,7,2,1,10,5,5,2,3,15,3,10,1,1,B03,7,6,1,8,2,5,,15,15,1,22,8,B03,120.669402,24.177225,2
2022,5,19,15,0,臺中市,北區,0,1,0,8,1,5,50,14,7,1,5,4,5,7,4,4,5,5,4,2,16,26,3,10,1,1,B03,7,5,1,7,2,2,,26,26,1,22,8,B03,120.675388,24.166475,2
2022,5,19,15,20,臺中市,西區,0,0,0,8,1,5,50,3,1,1,5,4,5,7,4,4,5,5,5,2,14,38,,,,,B03,,,1,,9,,,38,38,1,21,,B03,120.670754,24.142073,3
2022,5,19,15,23,臺中市,西區,0,1,0,8,1,5,50,4,1,1,5,4,5,7,1,1,1,4,1,2,16,9,3,10,1,1,B03,7,6,1,8,2,2,,9,9,1,21,8,B03,120.673517,24.147762,2
2022,5,19,15,28,臺中市,東區,0,0,0,,,,50,,,,,,,,,,,,,,,19,,,,,B03,,,1,,2,,,19,19,1,22,,B03,120.686366,24.131705,3
2022,5,19,15,30,臺中市,北區,0,0,0,8,,,50,,,,,,,,,,,,,,,23,,,,,B03,,,1,,9,,,23,23,1,22,,B03,120.691342,24.159846,3
2022,5,19,15,38,臺中市,北屯區,0,2,0,8,1,5,50,14,9,1,5,4,5,7,4,4,1,4,5,2,16,16,2,9,1,1,C03,7,9,1,10,1,11,,16,16,1,21,8,C03,120.672025,24.174238,2
2022,5,19,15,45,臺中市,西區,0,2,0,8,1,5,50,4,1,1,5,4,5,7,4,4,10,5,5,2,3,23,2,9,1,5,H01,8,16,8,20,10,16,,52,23,1,4,8,H01,120.658859,24.152542,2
2022,5,19,15,45,臺中市,西屯區,0,0,0,8,,,50,,,,,,,,,,,,,,,12,,,,,B02,,,1,,1,,,12,12,1,4,,B02,120.61795,24.174666,3
2022,5,19,15,45,臺中市,太平區,0,1,0,8,1,5,50,14,9,1,5,4,5,7,4,4,9,5,5,1,18,1,2,9,1,1,C03,7,9,1,10,2,14,,1,1,1,21,8,C03,120.725039,24.129701,2
2022,5,19,15,52,臺中市,烏日區,0,2,0,8,1,5,40,4,1,1,5,4,5,7,2,1,5,2,5,1,16,9,2,9,1,1,C01,7,6,1,9,2,11,12,9,9,1,22,8,C01,120.64858,24.09331,2
2022,5,19,15,54,臺中市,北區,0,1,0,8,1,5,50,14,7,1,5,4,5,7,4,4,5,5,4,2,16,26,3,10,1,1,B03,7,11,1,8,1,4,,26,26,1,22,8,B03,120.66607,24.159616,2
2022,5,19,15,55,臺中市,北屯區,0,1,0,8,1,5,50,14,9,1,5,4,5,7,4,4,4,3,5,2,14,12,3,10,1,1,B03,7,2,1,8,2,7,,12,12,1,21,8,B03,120.664332,24.185553,2
2022,5,19,15,58,臺中市,大雅區,0,2,0,8,1,5,50,4,1,1,5,4,5,7,1,1,1,4,4,1,17,9,3,10,1,1,B12,7,6,1,8,2,2,,9,9,1,21,8,B12,120.629962,24.241187,2
2022,5,19,16,7,臺中市,大雅區,0,1,0,8,1,5,50,3,1,1,5,4,5,7,4,4,9,4,4,1,9,23,3,10,1,1,C03,7,9,1,10,2,11,,23,23,1,22,9,C03,120.647092,24.226191,2
2022,5,19,16,8,臺中市,南區,0,0,0,8,,,50,,,,,,,,,,,,,,,18,,,,,B12,,,1,,2,,,18,18,1,6,,B12,120.668571,24.128518,3
2022,5,19,16,8,臺中市,梧棲區,0,1,0,8,1,5,30,4,2,1,5,4,5,7,4,4,9,5,5,1,15,6,2,9,1,1,C03,7,9,1,10,2,12,,6,6,1,21,8,C03,120.535951,24.246827,2
2022,5,19,16,19,臺中市,北屯區,0,0,0,8,,,40,,,,,,,,,,,,,,,42,,,,,B01,,,1,,1,,,42,42,1,5,,B01,120.721252,24.162205,3
2022,5,19,16,20,臺中市,大里區,0,0,0,8,,,50,,,,,,,,,,,,,,,67,,,,,,,,,,,,,67,67,1,,,,120.703392,24.101321,3
2022,5,19,16,22,臺中市,大雅區,0,0,0,8,,,30,,,,,,,,,,,,,,,23,,,,,B03,,,1,,2,,,23,23,1,21,,B03,120.659988,24.209051,3