年,月,日,時,分,縣市,區,死,受傷,2-30,天候,光線,道路類別,速限,道路型態,事故位置,路面鋪裝,路面狀態,路面缺陷,障礙物,視距,號誌種類,號誌動作,分向設施,快車道或一般車道間,快慢車道間,路面邊線,事故類型及型態,主要肇因,受傷程度,主要傷處,保護裝備,行動電話,當事者區分,車輛用途,當事者行動狀態,駕駛資格情形,駕駛執照種類,飲酒情形,車輛撞擊部位最初,車輛撞擊部位其他,肇事因素個別,肇事因素主要,肇事逃逸,職業,旅次目的,車種,GPS緯度,GPS經度,事故類別
2022,5,19,16,22,臺中市,大雅區,0,1,0,8,1,5,50,5,1,1,5,4,5,7,1,1,5,5,5,1,17,23,2,9,1,1,C03,7,5,1,10,2,15,,23,23,1,22,9,C03,120.65349,24.225313,2
2022,5,19,16,25,臺中市,西區,0,0,0,8,,,50,,,,,,,,,,,,,,,23,,,,,B03,,,1,,1,,,23,23,1,12,,B03,120.66068,24.142948,3
2022,5,19,16,25,臺中市,北屯區,0,1,0,8,1,5,50,4,2,1,5,4,5,7,2,1,10,5,5,2,12,8,3,10,1,1,B03,7,9,1,8,2,2,,44,8,1,19,8,B03,120.687436,24.193389,2
2022,5,19,16,27,臺中市,北屯區,0,0,0,8,,,50,,,,,,,,,,,,,,,23,,,,,C03,,,1,,1,,,23,23,1,21,,C03,120.657796,24.185386,3
2022,5,19,16,33,臺中市,西屯區,0,0,0,,,,40,,,,,,,,,,,,,,,42,,,,,B12,,,1,,1,,,42,42,1,22,,B12,120.635045,24.180481,3
2022,5,19,16,40,臺中市,東勢區,0,0,0,,,,50,,,,,,,,,,,,,,,26,,,,,B12,,,1,,2,,,26,26,1,22,,B12,120.827306,24.260236,3
2022,5,19,16,42,臺中市,東區,0,0,0,,,,50,,,,,,,,,,,,,,,7,,,,,B03,,,1,,2,,,7,7,1,5,,B03,120.694324,24.151027,3
2022,5,19,16,46,臺中市,大里區,0,1,0,8,1,5,50,3,9,1,5,4,5,7,4,4,5,5,5,1,16,11,2,9,4,1,F01,7,11,8,20,2,16,,11,11,1,22,5,F01,120.687176,24.109983,2
2022,5,19,16,50,臺中市,大雅區,0,1,0,8,1,5,30,11,9,1,5,4,5,7,4,4,10,5,5,1,17,5,2,9,1,1,C03,7,9,1,10,2,11,,5,5,1,22,9,C03,120.66897,24.227106,2
2022,5,19,16,50,臺中市,西區,0,1,0,8,1,5,50,4,1,1,5,4,5,7,1,1,10,5,5,2,17,8,2,8,1,1,C03,7,5,1,10,2,13,,8,8,1,21,8,C03,120.663884,24.157614,2
2022,5,19,16,56,臺中市,西屯區,0,1,0,8,1,5,50,3,1,1,5,4,5,7,1,1,8,4,4,1,16,6,3,10,1,4,B03,7,6,1,8,1,2,,6,6,1,4,8,B03,120.617621,24.175173,2
2022,5,19,17,11,臺中市,西區,0,0,0,8,,,50,,,,,,,,,,,,,,,8,,,,,C03,,,1,,2,,,8,8,1,4,,C03,120.657949,24.146709,3
2022,5,19,17,12,臺中市,潭子區,0,1,0,8,1,5,50,3,1,1,5,4,5,7,1,1,1,4,5,1,17,17,3,10,1,1,B03,7,5,1,8,2,2,,17,17,1,22,8,B03,120.711179,24.206514,2
2022,5,19,17,13,臺中市,西區,0,2,0,8,2,5,40,14,8,1,5,4,5,7,4,4,1,2,4,2,17,23,2,9,1,1,C03,7,9,1,10,1,11,,23,23,1,16,9,C03,120.665304,24.130792,2
2022,5,19,17,13,臺中市,烏日區,0,1,0,8,1,5,30,14,9,1,5,4,5,7,4,4,10,3,5,2,12,7,2,2,1,1,B01,7,8,1,8,2,5,,7,7,1,22,9,B01,120.616319,24.112111,2
2022,5,19,17,21,臺中市,南屯區,0,1,0,8,1,5,50,3,1,1,5,4,5,7,1,1,10,5,5,2,16,6,3,10,3,4,B03,7,8,1,8,2,2,,6,6,1,22,8,B03,120.624153,24.152708,2
2022,5,19,17,28,臺中市,大甲區,0,1,0,8,1,5,50,4,1,1,5,4,5,7,1,1,10,5,5,2,16,6,3,10,1,1,B03,7,5,1,8,2,8,,6,6,1,21,8,B03,120.62034,24.348238,2
2022,5,19,17,29,臺中市,北區,0,0,0,8,,,50,,,,,,,,,,,,,,,42,,,,,B12,,,1,,11,,,42,42,2,22,,B12,120.686791,24.154654,3
2022,5,19,17,30,臺中市,北區,0,2,0,8,1,5,50,3,1,1,5,4,5,7,4,4,10,5,5,2,17,23,3,10,1,1,A02,7,14,1,2,11,15,,38,23,1,10,8,A02,120.688488,24.152091,2
2022,5,19,17,37,臺中市,西區,0,1,0,8,1,5,50,4,1,1,5,4,5,7,1,1,10,5,5,2,16,6,3,10,1,1,B03,7,5,1,8,2,6,,6,6,1,4,5,B03,120.664308,24.146695,2
2022,5,19,17,40,臺中市,南屯區,0,0,0,,,,50,,,,,,,,,,,,,,,23,,,,,B03,,,1,,1,,,23,23,1,4,,B03,120.652444,24.13519,3
2022,5,19,17,46,臺中市,豐原區,0,1,0,8,1,5,30,3,1,1,5,4,5,7,4,4,10,5,5,1,16,6,3,10,3,4,B03,7,5,1,8,2,8,,6,6,1,9,8,B03,120.73109,24.23759,2
2022,5,19,17,47,臺中市,南屯區,0,2,0,8,1,5,50,4,1,1,5,4,5,7,2,1,10,5,5,2,16,26,2,9,1,1,C03,7,5,1,10,2,11,,26,26,1,22,8,C03,120.620854,24.13999,2
2022,5,19,17,47,臺中市,南屯區,0,1,0,8,1,5,50,4,1,1,5,4,5,7,2,1,10,5,5,2,13,16,3,10,1,1,C03,7,9,1,10,2,11,,16,16,1,5,8,C03,120.623013,24.140504,2
2022,5,19,17,47,臺中市,西屯區,0,0,0,8,,,40,,,,,,,,,,,,,,,16,,,,,B03,,,1,,1,,,16,16,1,22,,B03,120.628968,24.163535,3
2022,5,19,17,50,臺中市,梧棲區,0,0,0,8,,,50,,,,,,,,,,,,,,,12,,,,,B03,,,1,,2,,,12,12,1,12,,B03,120.544869,24.24185,3
2022,5,19,17,54,臺中市,北屯區,0,0,0,8,,,50,,,,,,,,,,,,,,,23,,,,,B12,,,1,,2,,,23,23,1,21,,B12,120.68362,24.172033,3
2022,5,19,17,57,臺中市,北區,0,0,0,8,,,50,,,,,,,,,,,,,,,23,,,,,B03,,,1,,9,,,23,23,1,22,,B03,120.687657,24.151894,3
2022,5,19,17,58,臺中市,西屯區,0,0,0,8,,,50,,,,,,,,,,,,,,,16,,,,,C03,,,1,,1,,,16,16,1,22,,C03,120.642264,24.177771,3
2022,5,19,18,6,臺中市,梧棲區,0,0,0,8,,,30,,,,,,,,,,,,,,,66,,,,,H03,,,8,,10,,,66,66,1,12,,H03,120.553153,24.249708,3
2022,5,19,18,7,臺中市,沙鹿區,0,1,0,8,1,5,70,14,8,1,5,4,5,7,4,4,1,4,4,1,13,6,3,10,1,1,A12,7,6,1,6,2,7,,6,6,1,4,8,A12,120.622449,24.24223,2
2022,5,19,18,10,臺中市,南屯區,0,1,0,8,1,5,40,14,7,1,5,4,5,7,4,4,9,4,4,2,16,23,2,8,1,4,C03,7,1,1,10,2,11,,23,23,1,22,8,C03,120.637621,24.144231,2
2022,5,19,18,16,臺中市,西屯區,0,0,0,8,,,30,,,,,,,,,,,,,,,23,,,,,B12,,,1,,1,,,23,23,1,5,,B12,120.634846,24.191536,3
2022,5,19,18,25,臺中市,南屯區,0,0,0,8,,,50,,,,,,,,,,,,,,,17,,,,,B12,,,1,,1,,,17,17,1,22,,B12,120.645627,24.150504,3
2022,5,19,18,26,臺中市,北區,0,0,0,8,,,50,,,,,,,,,,,,,,,23,,,,,B03,,,1,,1,,,23,23,1,22,,B03,120.677303,24.151254,3
2022,5,19,18,30,臺中市,神岡區,0,1,0,8,1,5,30,4,1,1,5,4,5,7,4,4,10,5,5,1,15,6,2,9,1,1,C03,7,9,1,10,2,12,,6,6,1,22,9,C03,120.683056,24.25725,2
2022,5,19,18,37,臺中市,潭子區,0,0,0,8,,,80,,,,,,,,,,,,,,,7,,,,,B03,,,1,,2,,,7,7,1,22,,B03,120.696555,24.201,3
2022,5,19,18,39,臺中市,北屯區,0,2,0,8,3,5,40,4,1,1,5,4,5,7,4,4,10,5,5,2,15,6,2,9,1,1,B03,7,9,1,8,2,2,,6,6,1,5,8,B03,120.704165,24.181366,2
2022,5,19,18,43,臺中市,大里區,0,1,0,8,3,5,50,5,2,1,5,4,5,7,1,1,5,4,5,1,16,19,3,10,1,1,C03,7,1,1,10,2,14,,19,19,1,22,9,C03,120.689946,24.112683,2
2022,5,19,18,57,臺中市,潭子區,0,0,0,8,,,60,,,,,,,,,,,,,,,16,,,,,C03,,,1,,2,,,16,16,1,22,,C03,120.702627,24.196965,3
2022,5,19,19,7,臺中市,西區,0,1,0,8,3,5,50,4,1,1,5,4,5,7,4,4,10,5,5,2,27,23,2,9,1,1,C03,7,9,1,10,2,11,,23,23,1,4,8,C03,120.667588,24.150843,2
2022,5,19,19,12,臺中市,大雅區,0,0,0,8,,,50,,,,,,,,,,,,,,,10,,,,,B03,,,1,,2,,,10,10,1,22,,B03,120.64713,24.212769,3
2022,5,19,19,19,臺中市,潭子區,0,0,0,8,,,50,,,,,,,,,,,,,,,42,,,,,B03,,,1,,2,,,42,42,1,22,,B03,120.700762,24.211882,3
2022,5,19,19,28,臺中市,太平區,0,0,0,6,,,30,,,,,,,,,,,,,,,23,,,,,B03,,,1,,2,,,23,23,1,19,,B03,120.731363,24.14993,3
2022,5,19,19,30,臺中市,中區,0,1,0,8,3,5,50,4,1,1,5,4,1,7,2,1,10,5,5,2,16,9,3,10,1,1,B03,7,6,1,8,2,2,,9,9,1,4,9,B03,120.679913,24.137942,2
2022,5,19,19,45,臺中市,北屯區,0,1,0,8,3,5,50,4,1,1,5,4,5,7,1,1,10,5,5,2,16,6,3,10,1,1,B03,7,6,1,8,2,6,,6,6,1,21,8,B03,120.711316,24.172266,2
2022,5,19,19,48,臺中市,豐原區,0,0,0,8,,,50,,,,,,,,,,,,,,,23,,,,,B03,,,1,,2,,,23,23,1,21,,B03,120.71869,24.257344,3
2022,5,19,19,50,臺中市,潭子區,0,1,0,8,3,5,50,14,7,1,5,4,5,7,4,4,5,4,4,2,16,16,2,9,1,1,C03,7,9,1,10,2,11,,16,16,1,22,8,C03,120.703569,24.211938,2
2022,5,19,19,55,臺中市,太平區,0,1,0,8,3,5,50,4,1,1,5,4,5,7,2,1,10,5,5,2,12,3,2,8,1,1,C03,7,15,1,10,2,15,,3,3,1,3,8,C03,120.705034,24.159492,2
2022,5,19,20,2,臺中市,大里區,0,0,0,8,,,60,,,,,,,,,,,,,,,23,,,,,B03,,,1,,2,,,23,23,1,22,,B03,120.688575,24.10182,3
2022,5,19,20,6,臺中市,太平區,0,0,0,8,,,40,,,,,,,,,,,,,,,42,,,,,B03,,,1,,2,,,42,42,1,6,,B03,120.712776,24.149911,3
2022,5,19,20,10,臺中市,北屯區,0,0,0,6,,,50,,,,,,,,,,,,,,,6,,,,,B03,,,1,8,2,1,,6,6,1,21,8,B03,120.659035,24.187112,3
2022,5,19,20,16,臺中市,北區,0,1,0,8,3,5,40,3,1,1,5,4,5,7,4,4,5,5,4,2,18,43,2,9,1,1,C03,7,12,1,10,2,12,,43,43,1,5,8,C03,120.685434,24.159319,2
2022,5,19,20,16,臺中市,大里區,0,1,0,8,3,5,40,4,1,1,5,4,5,7,4,4,5,5,5,1,15,6,2,9,3,4,C03,7,9,1,10,2,11,,6,6,1,22,8,C03,120.685989,24.109823,2
2022,5,19,20,20,臺中市,中區,0,0,0,8,,,50,,,,,,,,,,,,,,,17,,,,,A05,,,1,,9,,,17,17,1,10,,A05,120.682212,24.135899,3
2022,5,19,20,20,臺中市,太平區,0,1,0,8,3,5,50,14,9,1,5,4,5,7,4,4,5,4,5,1,16,19,3,10,1,1,B03,7,1,1,8,2,8,,19,19,1,21,8,B03,120.71372,24.138297,2
2022,5,19,20,26,臺中市,北區,0,0,0,8,,,50,,,,,,,,,,,,,,,7,,,,,B03,,,1,,2,,,7,7,1,22,,B03,120.682916,24.166998,3
2022,5,19,20,43,臺中市,豐原區,0,1,0,8,3,5,50,3,1,1,5,4,5,7,4,4,10,5,5,2,16,4,2,9,1,1,C03,7,9,1,10,2,11,,4,4,1,22,8,C03,120.711458,24.242924,2
2022,5,19,20,46,臺中市,西屯區,0,0,0,8,,,50,,,,,,,,,,,,,,,6,,,,,C03,,,1,,1,,,6,6,1,22,,C03,120.643686,24.174826,3
2022,5,19,20,46,臺中市,清水區,0,0,0,8,3,5,40,14,9,1,5,4,5,7,3,1,1,4,5,2,15,6,3,10,1,1,B03,7,9,1,8,1,6,,6,6,1,5,8,B03,120.540222,24.268668,3
2022,5,19,20,49,臺中市,大里區,0,1,0,8,3,5,50,5,1,1,5,4,5,7,1,1,10,5,5,2,16,6,3,10,1,1,B02,7,5,1,8,2,5,,6,6,1,22,9,B02,120.70097,24.102676,2
2022,5,19,21,2,臺中市,北屯區,0,0,0,8,,,50,,,,,,,,,,,,,,,6,,,,,B03,,,1,,2,,,6,6,1,4,,B03,120.703,24.1782,3
2022,5,19,21,30,臺中市,西屯區,0,1,0,8,1,5,50,4,1,1,5,4,5,7,1,1,8,4,5,1,16,6,2,9,1,4,C03,7,5,1,10,2,11,,6,6,1,4,8,C03,120.62038,24.187251,2
2022,5,19,21,39,臺中市,北區,0,1,0,8,3,5,50,3,1,1,5,4,5,7,1,1,1,2,5,2,16,7,2,8,1,1,C03,7,7,1,10,2,14,,7,7,1,5,8,C03,120.683428,24.153716,2
2022,5,19,21,47,臺中市,西區,0,0,0,,,,50,,,,,,,,,,,,,,,12,,,,,B03,,,1,,1,,,12,12,1,5,,B03,120.655138,24.146135,3
2022,5,19,22,7,臺中市,大雅區,0,0,0,8,,,50,,,,,,,,,,,,,,,16,,,,,B12,,,1,,2,,,16,16,1,22,,B12,120.623396,24.242385,3
2022,5,19,22,39,臺中市,南區,0,2,0,7,3,5,50,3,1,1,5,4,5,7,4,4,10,5,5,2,16,6,3,10,1,1,B03,7,6,1,8,2,8,,6,6,1,22,9,B03,120.669286,24.114761,2
2022,5,19,22,42,臺中市,北區,0,1,0,8,3,5,50,3,1,1,5,4,5,7,1,1,10,5,5,2,16,6,3,10,1,1,B03,7,5,1,8,2,2,,6,6,1,22,8,B03,120.687169,24.148841,2
2022,5,19,22,58,臺中市,北區,0,2,0,8,3,5,50,4,1,1,5,4,5,7,1,1,5,5,4,2,16,10,2,8,1,1,B03,7,11,1,8,2,1,,10,10,1,5,8,B03,120.683508,24.148272,2
2022,5,19,23,20,臺中市,太平區,0,1,0,8,3,5,50,3,2,1,5,4,5,7,4,4,10,5,5,2,27,23,2,9,1,1,C03,7,9,1,10,2,11,,23,23,1,4,1,C03,120.732402,24.114873,2
2022,5,19,23,45,臺中市,大甲區,0,0,0,8,,,90,,,,,,,,,,,,,,,23,,,,,B03,,,1,,2,,,23,23,1,9,,B03,120.626352,24.427746,3
2022,5,20,0,6,臺中市,南屯區,0,2,0,8,3,5,50,4,1,1,5,4,5,7,1,1,5,4,5,2,17,6,2,9,1,1,C03,7,5,1,10,2,12,,6,6,1,22,8,C03,120.646641,24.146812,2
2022,5,20,0,20,臺中市,北屯區,0,0,0,6,,,30,,,,,,,,,,,,,,,12,,,,,B03,,,1,,9,,,12,12,1,5,,B03,120.697344,24.18412,3
2022,5,20,0,23,臺中市,太平區,0,2,0,8,3,5,40,14,8,1,5,4,5,7,4,4,1,5,1,2,16,19,2,1,1,1,B03,7,1,1,8,2,4,,19,19,1,21,8,B03,120.716281,24.152794,2
2022,5,20,1,17,臺中市,北區,0,0,0,8,,,50,,,,,,,,,,,,,,,12,,,,,B03,,,1,,2,,,12,12,1,22,,B03,120.677515,24.15072,3
2022,5,20,2,50,臺中市,霧峰區,0,0,0,8,,,30,,,,,,,,,,,,,,,12,,,,,B03,,,1,,11,,,12,12,1,22,,B03,120.701038,24.074743,3
2022,5,20,4,42,臺中市,北區,0,0,0,8,,,50,,,,,,,,,,,,,,,23,,,,,B03,,,6,,2,,,23,23,2,22,,B03,120.674991,24.173378,3
2022,5,20,7,14,臺中市,潭子區,0,0,0,8,,,30,,,,,,,,,,,,,,,23,,,,,C03,,,1,,2,,,23,23,1,22,,C03,120.679442,24.217581,3
2022,5,20,7,17,臺中市,豐原區,0,0,0,8,1,5,30,14,2,1,5,4,5,7,1,1,8,3,4,1,3,44,3,10,1,1,B03,7,1,1,,2,5,,44,44,1,4,5,B03,120.720271,24.264688,3
2022,5,20,7,18,臺中市,大里區,0,1,0,8,1,5,30,4,1,1,5,4,5,4,4,4,10,5,5,2,15,6,2,9,1,1,C03,7,9,1,10,2,12,,6,6,1,22,8,C03,120.700741,24.096594,2
2022,5,20,7,20,臺中市,西屯區,0,0,0,8,,,50,,,,,,,,,,,,,,,42,,,,,B03,,,1,,1,,,42,42,1,21,,B03,120.614114,24.176046,3
2022,5,20,7,27,臺中市,龍井區,0,0,0,8,,,30,,,,,,,,,,,,,,,6,,,,,B03,,,1,,1,,,6,6,1,22,,B03,120.589941,24.191401,3
2022,5,20,7,30,臺中市,豐原區,0,0,0,8,1,5,40,13,2,1,5,4,5,7,4,4,10,3,5,1,13,67,3,10,3,4,B03,7,14,1,8,2,3,,67,67,1,5,1,B03,120.732867,24.246644,3
2022,5,20,7,31,臺中市,南區,0,0,0,8,,,50,,,,,,,,,,,,,,,23,,,,,B03,,,1,,2,,,23,23,1,22,,B03,120.654815,24.11048,3
2022,5,20,7,40,臺中市,烏日區,0,2,0,8,1,5,50,4,1,1,5,4,5,7,2,1,5,4,5,1,13,23,2,9,1,1,C03,7,9,1,10,2,11,,23,23,1,21,8,C03,120.616086,24.105919,2
2022,5,20,7,41,臺中市,北屯區,0,0,0,8,,,50,,,,,,,,,,,,,,,16,,,,,B03,,,1,,2,,,16,16,1,5,,B03,120.71875,24.175662,3
2022,5,20,7,43,臺中市,太平區,0,1,0,8,1,5,50,11,9,1,5,4,5,7,4,4,5,4,5,2,18,42,2,9,1,1,C03,7,9,4,11,2,14,,42,42,1,21,8,C03,120.734293,24.149908,2
2022,5,20,7,46,臺中市,豐原區,0,1,0,8,1,5,30,3,1,1,5,4,5,7,1,1,4,3,4,1,15,6,3,10,1,1,B03,7,9,1,8,2,1,,6,6,1,22,5,B03,120.71598,24.239338,2
2022,5,20,7,50,臺中市,大雅區,0,1,0,8,1,5,30,4,1,1,5,4,5,7,3,1,10,5,5,1,15,6,2,9,1,1,C03,7,9,1,10,2,11,,6,6,1,21,8,C03,120.662893,24.221585,2
2022,5,20,7,55,臺中市,北屯區,0,1,0,8,1,5,40,3,2,1,5,4,5,7,4,4,1,4,4,2,12,19,3,10,1,1,B03,7,1,1,8,2,4,,19,19,1,21,8,B03,120.667809,24.17941,2
2022,5,20,7,57,臺中市,中區,0,1,0,8,1,5,50,4,1,1,5,4,5,7,1,1,10,5,5,2,16,25,3,10,1,1,B03,7,11,1,8,2,5,,25,25,1,5,1,B03,120.674312,24.14279,2
2022,5,20,7,57,臺中市,新社區,0,0,0,,,,50,,,,,,,,,,,,,,,6,,,,,B12,,,1,,2,,,6,6,1,22,,B12,120.815733,24.192588,3
2022,5,20,7,58,臺中市,太平區,0,1,0,8,1,5,50,4,1,1,5,4,5,7,1,1,10,5,5,2,12,42,3,10,1,1,B03,7,15,1,8,2,5,,42,42,1,21,8,B03,120.70605,24.117108,2
2022,5,20,7,59,臺中市,東區,0,0,0,,,,50,,,,,,,,,,,,,,,23,,,,,B03,,,1,,2,,,23,23,1,22,,B03,120.69855,24.132481,3
2022,5,20,8,5,臺中市,豐原區,0,0,0,,,,30,,,,,,,,,,,,,,,23,,,,,B03,,,1,,2,,,23,23,1,22,,B03,120.703293,24.243518,3
2022,5,20,8,7,臺中市,西屯區,0,0,0,8,,,80,,,,,,,,,,,,,,,23,,,,,A04,,,1,,1,,,23,23,1,10,,A04,120.628553,24.162465,3
2022,5,20,8,8,臺中市,豐原區,0,2,0,8,1,5,50,3,1,1,5,4,5,7,4,4,5,5,5,1,12,5,2,7,1,1,C03,7,9,1,10,2,12,,5,5,1,21,8,C03,120.719881,24.241504,2
2022,5,20,8,12,臺中市,北區,0,0,0,,,,40,,,,,,,,,,,,,,,23,,,,,B03,,,1,,2,,,23,23,1,5,,B03,120.673686,24.163291,3
2022,5,20,8,16,臺中市,西區,0,1,0,8,1,5,50,4,1,1,5,4,5,7,1,1,10,5,5,2,16,6,3,10,1,1,B03,7,6,1,8,2,2,,6,6,1,21,8,B03,120.657259,24.135114,2
2022,5,20,8,17,臺中市,龍井區,0,1,0,8,1,5,30,3,1,1,5,4,5,7,4,4,10,5,5,2,16,6,3,10,3,4,B03,7,5,1,8,2,4,,6,6,1,9,6,B03,120.547598,24.197861,2
2022,5,20,8,17,臺中市,神岡區,0,1,0,8,1,5,50,4,1,1,5,4,5,7,4,4,10,5,5,2,16,10,3,10,3,4,B12,7,11,1,1,2,6,,10,10,1,3,1,B12,120.674113,24.252508,2
2022,5,20,8,34,臺中市,東區,0,2,0,8,1,5,50,4,1,1,5,4,5,7,4,4,9,4,5,2,16,8,2,9,1,1,C03,7,5,1,10,2,11,14,8,8,1,5,1,C03,120.690515,24.127023,2
2022,5,20,8,42,臺中市,大雅區,0,0,0,8,,,50,,,,,,,,,,,,,,,43,,,,,B12,,,1,,2,,,43,43,1,22,,B12,120.661031,24.216513,3
2022,5,20,8,50,臺中市,南區,0,0,0,,,,50,,,,,,,,,,,,,,,42,,,,,B12,,,1,,2,,,42,42,1,21,,B12,120.668861,24.116517,3
2022,5,20,8,53,臺中市,西屯區,0,0,0,8,,,50,,,,,,,,,,,,,,,23,,,,,B03,,,1,,1,,,23,23,1,21,,B03,120.628281,24.202849,3
2022,5,20,8,55,臺中市,南區,0,1,0,8,1,5,50,3,1,1,5,4,5,7,2,1,5,4,4,2,16,26,2,9,1,1,C03,7,11,1,10,2,12,,26,26,1,22,8,C03,120.660266,24.113281,2
2022,5,20,8,56,臺中市,北屯區,0,2,0,8,1,5,40,4,1,1,5,4,5,7,1,1,10,5,5,2,16,19,2,9,1,1,C03,7,9,1,10,2,12,,44,19,1,22,8,C03,120.733249,24.164377,2
2022,5,20,8,58,臺中市,沙鹿區,0,1,0,8,1,5,50,4,1,1,5,4,5,7,4,4,10,5,5,2,15,6,3,10,1,1,B12,7,9,1,8,2,1,,6,6,1,21,8,B12,120.550071,24.217039,2
2022,5,20,9,3,臺中市,北屯區,0,0,0,8,,,50,,,,,,,,,,,,,,,42,,,,,B03,,,1,,1,,,42,42,1,21,,B03,120.693143,24.167485,3
2022,5,20,9,5,臺中市,南屯區,0,1,0,8,1,5,50,4,1,1,5,4,5,7,1,1,10,5,5,2,16,25,3,10,1,1,B03,7,9,1,8,2,8,,25,25,1,5,8,B03,120.649206,24.153715,2
2022,5,20,9,15,臺中市,豐原區,0,0,0,8,,,30,,,,,,,,,,,,,,,5,,,,,B12,,,1,,2,,,5,5,1,21,,B12,120.706311,24.235596,3
2022,5,20,9,18,臺中市,太平區,0,1,0,8,1,5,40,14,9,1,5,4,5,7,4,4,9,5,5,1,13,16,2,9,1,1,C03,7,9,1,10,2,11,,16,16,1,21,8,C03,120.712259,24.106367,2
2022,5,20,9,20,臺中市,南區,0,0,0,,,,40,,,,,,,,,,,,,,,23,,,,,B03,,,1,,2,,,23,23,1,22,,B03,120.660927,24.12337,3
2022,5,20,9,20,臺中市,豐原區,0,0,0,,,,60,,,,,,,,,,,,,,,23,,,,,B03,,,6,,2,,,23,23,1,22,,B03,120.734299,24.263272,3
2022,5,20,9,22,臺中市,北區,0,1,0,8,1,5,50,4,1,1,5,4,5,7,4,4,5,5,5,2,16,6,2,9,1,1,C03,7,9,1,10,2,12,,6,6,1,22,8,C03,120.666724,24.16043,2
2022,5,20,9,30,臺中市,大雅區,0,0,0,8,,,50,,,,,,,,,,,,,,,43,,,,,B03,,,6,,2,,,43,43,1,22,,B03,120.666741,24.216268,3
2022,5,20,9,35,臺中市,北區,0,1,0,8,1,5,50,3,1,1,5,4,5,7,4,4,10,5,5,2,16,6,3,10,1,1,B01,7,6,1,4,2,6,,6,6,1,10,4,B01,120.667534,24.162958,2
2022,5,20,9,36,臺中市,南屯區,0,1,0,8,1,5,40,14,8,1,5,4,5,7,4,4,10,4,1,2,12,21,3,10,3,4,B03,7,13,1,8,9,4,,44,21,1,11,8,B03,120.638324,24.118558,2
2022,5,20,9,36,臺中市,外埔區,0,2,0,8,1,5,50,14,8,1,5,4,5,7,4,4,5,5,5,1,16,19,2,9,1,1,C03,7,1,1,10,2,14,,19,19,1,22,8,C03,120.63835,24.342041,2
2022,5,20,9,38,臺中市,梧棲區,0,1,0,8,1,5,50,4,1,1,5,4,5,7,4,4,10,5,5,2,15,6,3,10,1,1,B12,7,9,1,8,2,5,,6,6,1,10,8,B12,120.532791,24.256213,2
2022,5,20,9,46,臺中市,南屯區,0,1,0,8,1,5,50,4,2,1,5,4,5,7,2,1,2,4,4,2,16,8,3,10,1,4,B03,7,5,1,10,2,5,,8,8,1,22,8,B03,120.640748,24.153709,2
2022,5,20,9,49,臺中市,東勢區,0,2,0,8,1,5,50,4,2,1,5,4,5,7,4,4,10,5,5,2,17,26,2,9,1,1,C03,7,9,1,10,2,11,,23,26,1,22,8,C03,120.828303,24.252301,2
2022,5,20,9,53,臺中市,梧棲區,0,0,0,8,,,50,,,,,,,,,,,,,,,4,,,,,B03,,,1,,2,,,4,4,1,19,,B03,120.535199,24.253868,3
2022,5,20,10,5,臺中市,潭子區,0,0,0,8,,,30,,,,,,,,,,,,,,,5,,,,,B12,,,1,,9,,,5,5,1,22,,B12,120.685986,24.229092,3
2022,5,20,10,8,臺中市,梧棲區,0,2,0,8,1,5,50,3,1,1,5,4,5,7,4,4,10,5,5,2,16,6,2,3,1,1,B12,7,5,1,8,2,8,,6,6,1,4,8,B12,120.551374,24.251793,2
2022,5,20,10,11,臺中市,北屯區,0,0,0,8,,,30,,,,,,,,,,,,,,,43,,,,,B12,,,1,8,9,,,43,43,1,21,,B12,120.67314,24.175224,3
2022,5,20,10,11,臺中市,外埔區,0,2,0,8,1,5,30,14,9,1,5,4,5,7,4,4,10,5,5,2,13,23,2,9,1,1,B03,7,14,1,8,2,3,,44,23,1,4,3,B03,120.665716,24.359456,2
2022,5,20,10,16,臺中市,南屯區,0,0,0,8,1,5,30,14,9,1,5,4,4,7,4,4,10,5,4,2,17,23,3,10,1,1,B03,7,9,1,8,1,5,,23,23,1,22,8,B03,120.607081,24.137805,3
2022,5,20,10,20,臺中市,北屯區,0,1,0,8,1,5,50,14,9,1,5,4,5,7,4,4,1,4,5,2,17,12,3,10,1,1,B03,7,2,1,8,2,3,,12,12,1,4,8,B03,120.684413,24.172391,2
2022,5,20,10,27,臺中市,潭子區,0,1,0,8,1,5,40,4,2,1,5,4,5,7,1,1,5,4,4,2,17,43,,,,,,,,,,,,,43,43,2,,,,120.706974,24.207256,2
2022,5,20,10,32,臺中市,南屯區,0,0,0,8,1,5,50,14,9,1,5,4,5,7,4,4,1,4,5,2,12,7,3,10,1,1,A12,7,7,1,1,1,5,,7,7,1,22,8,A12,120.612603,24.154304,3
2022,5,20,10,33,臺中市,太平區,0,0,0,8,,,50,,,,,,,,,,,,,,,5,,,,,B12,,,1,,2,,,5,5,1,21,,B12,120.724213,24.138148,3
2022,5,20,10,38,臺中市,烏日區,0,2,0,8,1,5,70,3,2,1,5,4,5,7,4,4,1,5,5,2,13,23,2,9,1,1,C03,7,9,3,18,2,12,14,23,23,1,16,8,C03,120.593604,24.113023,2