年,月,日,時,分,縣市,區,死,受傷,2-30,天候,光線,道路類別,速限,道路型態,事故位置,路面鋪裝,路面狀態,路面缺陷,障礙物,視距,號誌種類,號誌動作,分向設施,快車道或一般車道間,快慢車道間,路面邊線,事故類型及型態,主要肇因,受傷程度,主要傷處,保護裝備,行動電話,當事者區分,車輛用途,當事者行動狀態,駕駛資格情形,駕駛執照種類,飲酒情形,車輛撞擊部位最初,車輛撞擊部位其他,肇事因素個別,肇事因素主要,肇事逃逸,職業,旅次目的,車種,GPS緯度,GPS經度,事故類別
2022,5,20,10,39,臺中市,南屯區,0,1,0,8,1,5,50,14,9,1,5,4,5,7,4,4,5,4,5,2,16,26,3,10,1,1,B03,7,11,1,8,2,6,,26,26,1,22,8,B03,120.614827,24.139618,2
2022,5,20,10,40,臺中市,西區,0,0,0,8,,,50,,,,,,,,,,,,,,,23,,,,,A11,,,1,,2,,,23,23,1,4,,A11,120.67296,24.150016,3
2022,5,20,10,52,臺中市,神岡區,0,0,0,8,,,50,,,,,,,,,,,,,,,6,,,,,B12,,,1,,1,,,6,6,1,21,,B12,120.695898,24.247978,3
2022,5,20,10,58,臺中市,南屯區,0,0,0,8,1,5,50,3,1,1,5,4,5,7,4,4,5,4,4,2,13,7,3,10,1,1,B03,7,7,1,8,1,3,,7,7,1,22,8,B03,120.616609,24.155162,3
2022,5,20,11,0,臺中市,西區,0,1,0,8,1,5,50,3,1,1,5,4,5,7,4,4,10,5,5,2,16,6,3,10,1,1,B03,7,5,1,8,2,4,,6,6,1,21,8,B03,120.674389,24.141336,2
2022,5,20,11,0,臺中市,烏日區,0,1,0,8,1,5,30,3,1,1,5,4,5,7,4,4,5,4,4,2,16,6,3,10,1,1,B03,7,5,1,8,2,4,,6,6,1,21,8,B03,120.606707,24.123919,2
2022,5,20,11,2,臺中市,南區,0,1,0,8,1,5,50,4,1,1,5,4,5,7,2,1,1,2,4,2,16,25,3,10,1,1,B03,7,5,1,8,2,1,,25,25,1,22,8,B03,120.661333,24.121785,2
2022,5,20,11,4,臺中市,清水區,0,0,0,8,1,5,40,14,9,1,5,4,5,7,1,1,1,2,5,1,13,23,3,10,1,1,B03,7,9,1,8,2,8,,23,23,1,4,1,B03,120.567408,24.270311,3
2022,5,20,11,5,臺中市,清水區,0,0,0,8,,,50,,,,,,,,,,,,,,,23,,,,,B03,,,1,,1,,,23,23,1,22,,B03,120.59266,24.304976,3
2022,5,20,11,9,臺中市,南屯區,0,1,0,8,1,5,50,4,1,1,5,4,5,7,1,1,10,5,5,2,16,6,3,10,3,4,B03,7,6,1,8,2,6,,6,6,1,12,8,B03,120.643821,24.15108,2
2022,5,20,11,21,臺中市,北屯區,0,1,0,8,1,5,40,3,1,1,5,4,5,7,4,4,5,5,4,2,13,7,2,8,1,1,C03,7,7,1,10,2,13,,7,7,1,21,8,C03,120.692072,24.164912,2
2022,5,20,11,21,臺中市,豐原區,0,0,0,8,,,40,,,,,,,,,,,,,,,42,,,,,B03,,,1,,2,,,42,42,1,21,,B03,120.737378,24.255245,3
2022,5,20,11,27,臺中市,北區,0,1,0,8,1,5,50,4,1,1,5,4,5,7,1,1,10,5,5,2,17,42,2,1,1,1,C03,7,15,1,10,11,15,,42,42,2,22,9,C03,120.675816,24.149961,2
2022,5,20,11,27,臺中市,西屯區,0,0,0,8,,,50,,,,,,,,,,,,,,,44,,,,,C03,,,1,,1,,,44,44,1,22,,C03,120.618398,24.178388,3
2022,5,20,11,35,臺中市,西區,0,0,0,8,,,50,,,,,,,,,,,,,,,12,,,,,B03,,,1,,1,,,12,12,1,4,,B03,120.662184,24.145379,3
2022,5,20,11,35,臺中市,東區,0,2,0,8,1,5,30,14,9,1,5,4,5,7,4,4,10,5,5,2,10,23,2,9,1,1,C03,7,9,1,10,2,11,,23,23,1,22,8,C03,120.683539,24.134439,2
2022,5,20,11,39,臺中市,龍井區,0,0,0,8,,,50,,,,,,,,,,,,,,,23,,,,,B03,,,1,,2,,,23,23,1,4,,B03,120.547701,24.197833,3
2022,5,20,11,52,臺中市,大里區,0,1,0,8,1,5,50,4,1,1,5,4,5,7,1,1,10,5,5,2,16,9,3,10,1,1,A11,7,6,1,3,2,5,,9,9,1,22,8,A11,120.698,24.080978,2
2022,5,20,11,57,臺中市,神岡區,0,2,0,8,1,5,30,3,1,1,5,4,5,7,4,4,10,5,5,1,17,42,2,9,1,1,C03,7,9,1,10,2,12,,42,42,1,12,8,C03,120.696442,24.276593,2
2022,5,20,11,59,臺中市,南屯區,0,1,0,8,1,5,50,14,8,1,5,4,5,7,4,4,10,4,4,2,12,7,3,10,3,4,B03,7,8,1,8,1,2,,7,7,1,12,8,B03,120.640719,24.146487,2
2022,5,20,12,3,臺中市,潭子區,0,0,0,8,1,5,50,14,9,1,5,4,5,7,4,4,5,5,5,1,12,1,3,10,1,1,B03,7,4,1,8,2,5,2,1,1,1,22,8,B03,120.710123,24.214976,3
2022,5,20,12,3,臺中市,太平區,0,2,0,8,1,5,50,14,9,1,5,4,5,7,1,1,5,4,5,1,13,23,2,9,1,1,C03,7,9,1,10,2,11,,23,23,1,21,8,C03,120.715052,24.139495,2
2022,5,20,12,7,臺中市,梧棲區,0,0,0,8,,,50,,,,,,,,,,,,,,,23,,,,,B03,,,1,,1,,,23,23,1,5,,B03,120.547782,24.246048,3
2022,5,20,12,13,臺中市,豐原區,0,3,0,8,1,5,50,4,2,1,5,4,5,7,1,1,1,3,1,1,17,25,2,1,3,4,B12,7,9,1,8,2,1,,25,25,1,22,8,B12,120.736647,24.27253,2
2022,5,20,12,20,臺中市,大雅區,0,1,0,8,1,5,50,4,1,1,5,4,5,7,1,1,9,4,4,1,17,1,2,9,1,1,C03,7,9,1,10,2,12,,1,1,1,22,9,C03,120.650504,24.219019,2
2022,5,20,12,21,臺中市,潭子區,0,0,0,8,,,40,,,,,,,,,,,,,,,12,,,,,B12,,,1,,2,,,12,12,1,22,,B12,120.692372,24.220143,3
2022,5,20,12,25,臺中市,清水區,0,0,0,8,,,70,,,,,,,,,,,,,,,23,,,,,A31,,,1,,2,,,23,23,1,10,,A31,120.561791,24.296428,3
2022,5,20,12,30,臺中市,北屯區,0,1,0,8,1,5,50,4,1,1,5,4,5,7,1,1,10,5,5,2,13,16,3,10,1,1,B03,7,6,1,1,2,1,,16,16,1,22,8,B03,120.678388,24.201262,2
2022,5,20,12,40,臺中市,南區,0,1,0,8,1,5,50,5,3,1,5,4,5,7,1,1,9,4,4,2,12,23,3,10,1,1,B03,7,7,1,8,2,1,,23,23,1,5,1,B03,120.690171,24.126925,2
2022,5,20,12,40,臺中市,后里區,0,0,0,8,1,5,40,4,1,1,5,4,5,7,4,4,10,5,5,1,11,17,,,,,A41,,,1,,2,,,17,17,1,22,,A41,120.706591,24.294698,3
2022,5,20,12,45,臺中市,清水區,0,0,0,8,,,50,,,,,,,,,,,,,,,66,,,,,,,,,,,,,66,66,1,,,,120.624133,24.29261,3
2022,5,20,12,48,臺中市,太平區,0,0,0,8,,,50,,,,,,,,,,,,,,,19,,,,,B03,,,1,,2,,,19,19,1,21,,B03,120.717892,24.12488,3
2022,5,20,12,55,臺中市,南區,0,2,0,8,1,5,50,4,1,1,5,4,5,6,3,1,5,5,5,2,15,6,2,9,1,1,C03,7,9,1,10,2,11,,6,6,1,22,8,C03,120.675306,24.124786,2
2022,5,20,13,15,臺中市,太平區,0,1,0,8,1,5,50,3,1,1,5,4,5,7,4,4,10,5,5,2,16,6,2,9,1,1,C03,7,5,1,10,2,11,,6,6,1,21,8,C03,120.716513,24.143263,2
2022,5,20,13,18,臺中市,北屯區,0,2,0,8,1,5,50,4,1,1,5,4,5,7,1,1,10,5,5,2,16,19,3,10,1,1,B03,7,1,1,8,2,5,,19,19,1,5,8,B03,120.678286,24.174172,2
2022,5,20,13,20,臺中市,豐原區,0,0,0,8,,,50,,,,,,,,,,,,,,,18,,,,,B03,,,1,,2,,,18,18,1,22,,B03,120.709071,24.252796,3
2022,5,20,13,25,臺中市,南屯區,0,1,0,8,1,5,40,14,8,1,5,4,5,7,4,4,1,4,1,2,13,16,2,9,1,1,C03,7,9,1,10,2,11,,16,16,1,22,8,C03,120.622662,24.141493,2
2022,5,20,13,27,臺中市,北屯區,0,1,0,8,1,5,30,4,1,1,5,4,5,7,1,1,10,5,5,2,16,44,3,10,1,1,C03,7,9,1,10,2,11,,23,44,1,4,8,C03,120.65849,24.178093,2
2022,5,20,13,35,臺中市,北區,0,0,0,8,,,50,,,,,,,,,,,,,,,19,,,,,B12,,,1,,1,,,19,19,1,21,,B12,120.670506,24.159216,3
2022,5,20,13,37,臺中市,西屯區,0,0,0,8,,,30,,,,,,,,,,,,,,,16,,,,,C03,,,1,,2,,,16,16,1,21,,C03,120.616828,24.18816,3
2022,5,20,13,46,臺中市,豐原區,0,0,0,8,,,50,,,,,,,,,,,,,,,23,,,,,B01,,,1,,2,,,23,23,1,21,,B01,120.714186,24.244623,3
2022,5,20,13,50,臺中市,北屯區,0,0,0,8,,,50,,,,,,,,,,,,,,,23,,,,,B03,,,1,,1,,,23,23,1,21,,B03,120.677652,24.183386,3
2022,5,20,13,50,臺中市,神岡區,0,1,0,8,1,5,50,4,2,1,5,4,5,7,1,1,10,5,4,2,2,60,2,9,4,5,H01,8,20,8,20,2,16,,60,60,1,20,9,H01,120.658886,24.256801,2
2022,5,20,14,3,臺中市,西區,0,1,0,8,1,5,60,4,1,1,5,4,5,7,1,1,10,5,5,2,12,26,3,10,1,1,B03,7,9,1,8,2,5,,26,26,1,4,8,B03,120.659727,24.157289,2
2022,5,20,14,8,臺中市,北屯區,0,0,0,8,,,30,,,,,,,,,,,,,,,23,,,,,B03,,,1,,9,,,23,23,1,22,,B03,120.675258,24.177945,3
2022,5,20,14,20,臺中市,豐原區,0,1,0,8,1,5,50,4,2,1,5,4,5,7,1,1,8,3,4,1,17,14,2,8,3,4,C03,7,9,2,18,2,11,,14,14,1,22,8,C03,120.730972,24.249613,2
2022,5,20,14,24,臺中市,梧棲區,0,1,0,8,1,5,50,4,1,1,5,4,5,7,4,4,10,5,5,2,16,6,2,9,4,1,F03,7,5,8,20,2,16,,6,6,1,12,8,F03,120.535487,24.257445,2
2022,5,20,14,30,臺中市,北區,0,0,0,,,,50,,,,,,,,,,,,,,,26,,,,,B02,,,6,,2,,,26,26,1,21,,B02,120.677375,24.153919,3
2022,5,20,14,37,臺中市,太平區,0,1,0,8,1,5,50,14,9,1,5,4,5,7,4,4,5,4,5,1,16,26,3,10,1,1,B03,7,11,1,8,2,6,,26,26,1,21,8,B03,120.711257,24.153053,2
2022,5,20,14,51,臺中市,霧峰區,0,1,0,8,1,5,50,4,1,1,5,4,5,7,1,1,10,5,5,2,11,1,3,10,1,1,C03,7,4,2,18,1,14,,1,1,2,22,8,C03,120.70137,24.070455,2
2022,5,20,14,53,臺中市,西區,0,3,0,8,1,5,50,4,1,1,5,4,5,7,4,4,10,5,5,2,15,6,2,9,1,1,C03,7,9,1,10,2,11,,6,6,1,5,9,C03,120.660948,24.14729,2
2022,5,20,14,53,臺中市,西屯區,0,2,0,8,1,5,50,3,1,1,5,4,5,7,4,4,10,5,5,2,16,6,2,9,1,1,C03,7,5,1,10,2,13,,6,6,1,21,8,C03,120.61822,24.177393,2
2022,5,20,14,57,臺中市,太平區,0,1,0,8,1,5,40,3,1,1,5,4,5,7,1,1,10,5,5,2,16,9,2,7,1,1,C03,7,6,3,18,2,12,,9,9,1,22,8,C03,120.73583,24.129843,2
2022,5,20,15,0,臺中市,沙鹿區,0,1,0,8,1,5,50,4,1,1,5,4,5,7,4,4,10,5,5,2,15,6,3,10,1,1,B03,7,9,1,8,2,1,,6,6,1,22,9,B03,120.561738,24.24519,2
2022,5,20,15,6,臺中市,烏日區,0,0,0,8,,,60,,,,,,,,,,,,,,,16,,,,,B03,,,1,,2,,,16,16,1,21,,B03,120.636589,24.107548,3
2022,5,20,15,8,臺中市,南屯區,0,1,0,8,1,5,50,3,1,1,5,4,5,7,4,4,5,4,5,2,16,26,3,10,1,1,B03,7,11,1,8,2,1,,26,26,1,22,8,B03,120.649671,24.144425,2
2022,5,20,15,18,臺中市,北區,0,1,0,8,1,5,50,14,22,1,5,4,5,7,4,4,3,4,4,2,17,23,2,9,1,1,C03,7,9,1,10,2,12,,23,23,1,22,8,C03,120.686658,24.154297,2
2022,5,20,15,18,臺中市,南區,0,2,0,8,1,5,5,4,1,1,5,4,5,7,4,4,10,5,5,2,15,6,2,9,1,1,C03,7,9,1,10,2,11,,6,6,1,22,8,C03,120.681938,24.130008,2
2022,5,20,15,20,臺中市,北區,0,1,0,8,1,5,50,4,1,1,5,4,5,7,1,1,10,5,5,2,15,25,3,10,1,1,B03,7,9,1,8,2,1,,25,25,1,22,8,B03,120.670549,24.164924,2
2022,5,20,15,20,臺中市,龍井區,0,0,0,,,,60,,,,,,,,,,,,,,,43,,,,,B03,,,1,,2,,,43,43,1,20,,B03,120.522894,24.219649,3
2022,5,20,15,22,臺中市,太平區,0,0,0,8,,,50,,,,,,,,,,,,,,,26,,,,,B03,,,1,,1,,,26,26,1,4,,B03,120.714102,24.149632,3
2022,5,20,15,25,臺中市,西屯區,0,0,0,8,,,30,,,,,,,,,,,,,,,23,,,,,A41,,,1,,1,,,23,23,1,4,,A41,120.612253,24.161411,3
2022,5,20,15,30,臺中市,龍井區,0,1,0,8,1,5,70,4,1,1,5,4,5,7,1,1,10,5,5,2,17,9,3,10,3,4,B03,7,6,1,8,2,5,,9,9,1,9,1,B03,120.50594,24.210748,2
2022,5,20,15,31,臺中市,北屯區,0,0,0,8,,,50,,,,,,,,,,,,,,,12,,,,,B12,,,1,,1,,,12,12,1,22,,B12,120.713931,24.173644,3
2022,5,20,15,43,臺中市,潭子區,0,0,0,8,,,40,,,,,,,,,,,,,,,7,,,,,B12,,,1,,2,,,7,7,1,22,,B12,120.719384,24.220947,3
2022,5,20,15,45,臺中市,烏日區,0,1,0,8,1,5,60,3,1,1,5,4,5,7,1,1,10,5,4,2,16,9,3,10,1,1,B12,7,6,1,8,2,2,,9,9,1,21,8,B12,120.598333,24.111309,2
2022,5,20,15,50,臺中市,西屯區,0,0,0,8,,,30,,,,,,,,,,,,,,,12,,,,,C03,,,1,,1,,,12,12,1,21,,C03,120.618508,24.176237,3
2022,5,20,15,54,臺中市,龍井區,0,1,0,8,1,5,50,14,9,1,5,4,5,7,4,4,10,5,5,2,13,6,3,10,3,4,C03,7,9,1,1,2,13,,6,6,1,5,4,C03,120.537646,24.1768,2
2022,5,20,16,0,臺中市,南區,0,0,0,,,,30,,,,,,,,,,,,,,,23,,,,,B12,,,1,,2,,,23,23,1,22,,B12,120.66323,24.126401,3
2022,5,20,16,0,臺中市,清水區,0,1,0,8,1,5,50,3,1,1,5,4,5,7,4,4,1,4,4,2,12,23,2,9,1,1,C03,7,11,1,10,2,14,,23,23,1,22,8,C03,120.57719,24.273967,2
2022,5,20,16,0,臺中市,豐原區,0,2,0,8,1,5,30,14,9,1,5,4,5,7,1,1,4,3,4,1,12,23,2,8,1,1,C03,7,9,3,18,2,11,,23,23,1,22,5,C03,120.728387,24.245143,2
2022,5,20,16,8,臺中市,西區,0,0,0,8,,,50,,,,,,,,,,,,,,,12,,,,,A05,,,1,,1,,,12,12,1,10,,A05,120.667907,24.150991,3
2022,5,20,16,14,臺中市,大里區,0,0,0,8,,,50,,,,,,,,,,,,,,,12,,,,,B12,,,1,,2,,,12,12,1,22,,B12,120.667751,24.095143,3
2022,5,20,16,19,臺中市,潭子區,0,0,0,8,1,5,60,4,9,1,5,4,5,7,1,1,1,2,5,1,13,23,3,10,1,1,B12,7,9,1,8,2,1,,23,23,1,22,8,B12,120.702499,24.194414,3
2022,5,20,16,21,臺中市,南屯區,0,0,0,8,,,,,,,,,,,,,,,,,,60,,,,,,,,,,,,,60,60,1,,,,120.649111,24.150713,3
2022,5,20,16,24,臺中市,東區,0,2,0,8,1,5,50,3,1,1,5,4,5,7,4,4,9,4,5,2,16,8,2,9,1,1,F03,7,5,8,20,2,16,,8,8,1,4,1,F03,120.697265,24.147707,2
2022,5,20,16,25,臺中市,北屯區,0,1,0,8,1,5,40,14,16,1,5,4,5,7,1,1,10,5,5,2,13,23,3,10,1,1,B03,7,9,1,8,2,1,,23,23,1,21,8,B03,120.721206,24.174821,2
2022,5,20,16,27,臺中市,西屯區,0,0,0,8,,,30,,,,,,,,,,,,,,,23,,,,,B12,,,1,,11,,,23,23,1,4,,B12,120.64591,24.180653,3
2022,5,20,16,30,臺中市,大雅區,0,0,0,8,,,50,,,,,,,,,,,,,,,18,,,,,C03,,,1,,2,,,18,18,1,22,,C03,120.647539,24.226265,3
2022,5,20,16,30,臺中市,太平區,0,0,0,8,,,30,,,,,,,,,,,,,,,23,,,,,B12,,,1,,2,,,23,23,1,21,,B12,120.729909,24.128469,3
2022,5,20,16,40,臺中市,大雅區,0,2,0,8,1,5,50,14,7,1,5,4,5,7,4,4,1,4,4,1,13,16,3,10,1,1,B03,7,9,1,8,2,1,,16,16,1,22,8,B03,120.646832,24.222185,2
2022,5,20,16,40,臺中市,大甲區,0,1,0,8,1,5,50,14,9,1,5,4,5,7,4,4,5,5,4,2,17,16,2,7,1,1,C03,7,9,1,10,2,14,,16,16,1,21,8,C03,120.655685,24.403603,2
2022,5,20,16,42,臺中市,西區,0,0,0,8,,,50,,,,,,,,,,,,,,,23,,,,,C03,,,1,,1,,,23,23,1,4,,C03,120.674884,24.1383,3
2022,5,20,16,43,臺中市,大里區,0,2,0,8,1,5,50,11,9,1,5,4,5,7,4,4,1,4,5,1,17,42,2,9,1,1,B03,7,14,1,8,2,1,,42,42,1,5,8,B03,120.683246,24.098245,2
2022,5,20,16,51,臺中市,西區,0,0,0,8,,,50,,,,,,,,,,,,,,,6,,,,,B12,,,1,,9,,,6,6,2,2,,B12,120.66576,24.136553,3
2022,5,20,17,2,臺中市,北區,0,1,0,8,1,5,50,4,9,1,5,4,5,7,1,1,1,4,5,2,13,43,4,11,3,4,C03,7,9,7,19,11,12,,43,43,1,21,8,C03,120.692251,24.161431,2
2022,5,20,17,5,臺中市,西屯區,0,0,0,,,,50,,,,,,,,,,,,,,,12,,,,,B03,,,1,,2,,,12,12,1,22,,B03,120.619627,24.185694,3
2022,5,20,17,9,臺中市,梧棲區,0,1,0,8,1,5,50,3,1,1,5,4,5,7,4,4,10,5,5,2,16,6,2,9,1,1,C03,7,5,1,10,2,11,,6,6,1,5,1,C03,120.535826,24.260545,2
2022,5,20,17,10,臺中市,烏日區,0,0,0,8,,,40,,,,,,,,,,,,,,,44,,,,,B03,,,1,,2,,,44,44,1,21,,B03,120.65456,24.0888,3
2022,5,20,17,13,臺中市,大雅區,0,0,0,8,,,50,,,,,,,,,,,,,,,16,,,,,B03,,,1,,2,,,16,16,1,22,,B03,120.656047,24.219571,3
2022,5,20,17,15,臺中市,西區,0,0,0,,,,50,,,,,,,,,,,,,,,17,,,,,B03,,,1,,1,,,17,17,1,20,,B03,120.668379,24.151784,3
2022,5,20,17,15,臺中市,沙鹿區,0,0,0,8,1,5,50,3,11,1,5,4,5,7,1,1,1,1,3,1,13,16,,,,,C03,,,1,,2,,,16,16,1,22,,C03,120.615128,24.244076,3
2022,5,20,17,20,臺中市,大里區,0,0,0,8,,,50,,,,,,,,,,,,,,,7,,,,,C03,,,1,,1,,,7,7,1,22,,C03,120.690064,24.092694,4
2022,5,20,17,21,臺中市,神岡區,0,1,0,8,1,5,30,15,9,1,5,4,5,7,4,4,10,5,5,1,17,42,3,10,1,1,B03,7,9,1,8,2,1,,42,42,1,22,8,B03,120.675548,24.256634,2
2022,5,20,17,33,臺中市,太平區,0,1,0,8,1,5,50,3,1,1,5,4,5,7,1,1,10,5,5,2,16,10,3,10,1,1,B03,7,11,1,8,2,7,,10,10,1,22,8,B03,120.718441,24.133605,2
2022,5,20,17,34,臺中市,大里區,0,0,0,8,,,50,,,,,,,,,,,,,,,23,,,,,B03,,,1,,2,,,23,23,1,22,,B03,120.69503,24.099911,3
2022,5,20,17,39,臺中市,西屯區,0,1,0,8,2,5,50,14,9,1,5,4,5,7,4,4,5,5,5,2,17,42,2,9,1,1,C03,7,9,1,10,2,12,,42,42,1,5,8,C03,120.618976,24.183245,2
2022,5,20,17,40,臺中市,沙鹿區,0,0,0,8,,,50,,,,,,,,,,,,,,,26,,,,,C04,,,1,,2,,,44,26,1,22,,C04,120.575446,24.22651,3
2022,5,20,17,40,臺中市,豐原區,0,0,0,,,,50,,,,,,,,,,,,,,,17,,,,,B02,,,1,,9,,,17,17,2,22,,B02,120.725944,24.234533,3
2022,5,20,17,41,臺中市,大雅區,0,0,0,8,,,60,,,,,,,,,,,,,,,23,,,,,B03,,,1,,2,,,23,23,1,22,,B03,120.65494,24.200271,3
2022,5,20,17,42,臺中市,太平區,0,1,0,8,1,5,50,3,2,1,5,4,5,7,1,1,5,4,4,2,18,42,2,9,1,1,C03,7,9,1,10,2,14,,42,42,1,4,5,C03,120.702064,24.148203,2
2022,5,20,17,46,臺中市,烏日區,0,1,0,8,1,5,50,3,1,1,5,4,5,7,1,1,10,5,5,2,16,6,3,10,1,1,B03,7,6,1,8,2,2,,6,6,1,21,8,B03,120.629696,24.109163,2
2022,5,20,17,47,臺中市,西屯區,0,1,0,8,1,5,50,4,1,1,5,4,5,7,1,1,8,4,5,1,13,16,3,10,1,4,C03,7,9,1,10,1,11,,16,16,1,4,8,C03,120.654901,24.196265,2
2022,5,20,17,47,臺中市,大肚區,0,0,0,8,,,50,,,,,,,,,,,,,,,16,,,,,B03,,,1,,2,,,16,16,1,5,,B03,120.561205,24.124763,3
2022,5,20,17,50,臺中市,大里區,0,1,0,8,1,5,50,14,7,1,5,4,5,7,4,4,9,5,4,2,16,6,2,9,4,1,F01,7,5,8,20,2,16,,6,6,1,20,9,F01,120.6878,24.10564,2
2022,5,20,17,58,臺中市,北屯區,0,1,0,8,2,7,80,14,7,1,5,4,5,7,4,4,1,4,5,2,13,16,2,9,3,4,B03,7,9,1,8,2,1,,16,16,1,21,8,B03,120.718776,24.163323,2
2022,5,20,18,4,臺中市,霧峰區,0,0,0,8,,,50,,,,,,,,,,,,,,,6,,,,,B03,,,1,,2,,,6,6,1,22,,B03,120.66287,24.059811,3
2022,5,20,18,8,臺中市,中區,0,1,0,8,2,5,50,14,9,1,5,4,5,7,4,4,5,4,5,2,16,42,3,10,1,1,C03,7,4,1,10,2,12,,42,42,1,22,8,C03,120.678556,24.141294,2
2022,5,20,18,10,臺中市,西屯區,0,1,0,8,1,5,50,4,1,1,5,4,5,7,4,4,10,5,5,2,17,6,3,10,1,1,B03,7,5,1,8,1,5,,6,6,1,21,8,B03,120.646478,24.171415,2
2022,5,20,18,10,臺中市,神岡區,0,0,0,8,,,30,,,,,,,,,,,,,,,23,,,,,B03,,,1,,2,,,23,23,1,12,,B03,120.683275,24.276214,3
2022,5,20,18,13,臺中市,西屯區,0,0,0,8,,,50,,,,,,,,,,,,,,,23,,,,,B03,,,1,,1,,,23,23,1,5,,B03,120.602915,24.184448,3
2022,5,20,18,15,臺中市,烏日區,0,1,0,8,2,5,50,4,1,1,5,4,5,7,2,1,5,4,5,1,13,23,2,8,1,1,C03,7,9,1,10,2,11,,23,23,1,21,8,C03,120.624964,24.106272,2
2022,5,20,18,19,臺中市,西屯區,0,1,0,8,1,5,80,14,7,1,5,4,5,7,4,4,1,4,5,1,13,16,3,10,1,4,B03,7,9,1,8,2,1,,16,16,1,4,8,B03,120.622605,24.150243,2
2022,5,20,18,20,臺中市,南屯區,0,1,0,8,1,5,50,4,1,1,5,4,5,7,1,1,10,5,5,2,3,23,3,10,1,1,B03,7,5,1,8,2,5,,23,23,1,22,8,B03,120.64148,24.13865,2
2022,5,20,18,22,臺中市,烏日區,0,2,0,8,1,5,60,4,1,1,5,4,5,7,1,1,5,5,5,2,16,9,3,10,1,1,B03,7,6,1,8,2,2,,9,9,1,21,8,B03,120.646375,24.110952,2
2022,5,20,18,33,臺中市,北屯區,0,1,0,8,3,5,50,14,9,1,5,4,5,7,4,4,1,4,5,2,16,19,3,10,1,1,B03,7,1,1,8,2,15,,19,19,1,21,8,B03,120.727156,24.165638,2
2022,5,20,18,48,臺中市,西屯區,0,0,0,8,,,30,,,,,,,,,,,,,,,12,,,,,B03,,,1,,2,,,12,12,1,4,,B03,120.664546,24.175983,3
2022,5,20,18,50,臺中市,西區,0,1,0,8,3,5,50,4,1,1,5,4,5,7,1,1,10,5,5,2,17,23,3,10,1,1,B03,7,5,1,8,1,5,,23,23,1,4,8,B03,120.671857,24.151569,2
2022,5,20,18,51,臺中市,太平區,0,1,0,8,3,5,50,14,9,1,5,4,5,7,4,4,5,5,5,1,17,42,2,9,1,1,C03,7,9,1,10,2,12,,42,42,1,9,5,C03,120.734297,24.145119,2
2022,5,20,18,54,臺中市,西屯區,0,0,0,,,,50,,,,,,,,,,,,,,,23,,,,,B03,,,1,,2,,,23,23,1,22,,B03,120.618483,24.174704,3
2022,5,20,18,55,臺中市,太平區,0,1,0,8,3,5,50,14,9,1,5,4,5,7,4,4,5,4,5,1,13,42,3,10,1,1,B12,7,9,1,8,2,1,,42,42,1,22,8,B12,120.719486,24.120922,2
2022,5,20,18,57,臺中市,西區,0,3,0,8,3,5,50,4,1,1,5,4,5,7,2,1,10,5,5,2,12,7,2,8,1,1,C03,7,8,1,10,2,12,,7,7,1,2,9,C03,120.662983,24.150864,2
2022,5,20,18,58,臺中市,西屯區,0,1,0,8,1,5,40,14,16,1,5,4,5,7,4,4,10,5,5,2,13,23,3,10,1,1,B03,7,9,1,8,2,1,,23,23,1,21,8,B03,120.629775,24.165236,2
2022,5,20,18,59,臺中市,西屯區,0,0,0,8,,,60,,,,,,,,,,,,,,,23,,,,,B03,,,1,,2,,,23,23,1,5,,B03,120.649063,24.163021,3
2022,5,20,19,0,臺中市,東區,0,0,0,,,,50,,,,,,,,,,,,,,,23,,,,,C04,,,1,,2,,,23,23,1,22,,C04,120.689298,24.140058,3
2022,5,20,19,2,臺中市,潭子區,0,0,0,8,,,50,,,,,,,,,,,,,,,17,,,,,B03,,,1,,2,,,17,17,1,22,,B03,120.703486,24.200798,3
2022,5,20,19,15,臺中市,南屯區,0,1,0,8,3,5,50,4,2,1,5,4,5,7,2,1,10,5,5,2,12,7,2,8,1,1,C03,7,7,1,10,2,14,,7,7,1,5,8,C03,120.646712,24.150935,2
2022,5,20,19,19,臺中市,梧棲區,0,1,0,8,3,5,50,14,8,1,5,4,5,7,4,4,1,4,5,2,27,66,,,,,,,,,,,,,66,66,1,,,,120.53884,24.265688,2
2022,5,20,19,20,臺中市,烏日區,0,0,0,8,,,30,,,,,,,,,,,,,,,17,,,,,C03,,,1,,2,,,17,17,1,21,,C03,120.642141,24.072577,3
2022,5,20,19,23,臺中市,西屯區,0,2,0,8,3,5,50,4,1,1,5,4,5,7,1,1,10,5,5,2,17,6,3,10,1,1,B03,7,11,1,8,2,5,,6,6,1,22,5,B03,120.635172,24.179435,2
2022,5,20,19,29,臺中市,太平區,0,1,0,8,3,5,50,14,9,1,5,4,5,7,4,4,9,4,5,1,11,23,2,9,1,1,C03,7,7,1,10,2,11,12,23,23,1,22,8,C03,120.703646,24.112077,2