年,月,日,時,分,縣市,區,死,受傷,2-30,天候,光線,道路類別,速限,道路型態,事故位置,路面鋪裝,路面狀態,路面缺陷,障礙物,視距,號誌種類,號誌動作,分向設施,快車道或一般車道間,快慢車道間,路面邊線,事故類型及型態,主要肇因,受傷程度,主要傷處,保護裝備,行動電話,當事者區分,車輛用途,當事者行動狀態,駕駛資格情形,駕駛執照種類,飲酒情形,車輛撞擊部位最初,車輛撞擊部位其他,肇事因素個別,肇事因素主要,肇事逃逸,職業,旅次目的,車種,GPS緯度,GPS經度,事故類別
2022,5,21,16,31,臺中市,西區,0,0,0,8,,,40,,,,,,,,,,,,,,,23,,,,,A12,,,1,7,2,,,23,23,1,5,,A12,120.665926,24.152447,3
2022,5,21,16,31,臺中市,北區,0,1,0,8,1,5,50,4,1,1,5,4,5,7,1,1,5,4,4,2,16,6,3,10,1,1,B03,7,5,1,8,2,8,,6,6,1,21,8,B03,120.67051,24.155741,2
2022,5,21,16,35,臺中市,北屯區,0,2,0,8,1,5,50,3,1,1,5,4,5,7,4,4,10,5,5,2,17,6,2,9,3,4,C03,7,5,1,10,2,11,,6,6,1,21,8,C03,120.680919,24.190368,2
2022,5,21,16,35,臺中市,沙鹿區,0,1,0,8,1,5,50,4,1,1,5,4,5,7,1,1,10,5,5,2,17,25,3,10,1,1,C03,7,6,3,18,2,12,,25,25,1,9,8,C03,120.568691,24.223219,2
2022,5,21,16,40,臺中市,清水區,0,0,0,8,,,50,,,,,,,,,,,,,,,23,,,,,B03,,,1,,2,,,23,23,1,22,,B03,120.575715,24.270138,3
2022,5,21,16,41,臺中市,北屯區,0,0,0,,,,50,,,,,,,,,,,,,,,23,,,,,A12,,,1,,2,,,23,23,1,21,,A12,120.676158,24.193393,3
2022,5,21,17,10,臺中市,神岡區,0,0,0,8,,,50,,,,,,,,,,,,,,,23,,,,,B03,,,1,,1,,,23,23,1,21,,B03,120.646831,24.278338,3
2022,5,21,17,11,臺中市,西屯區,0,1,0,8,1,5,50,3,1,1,5,4,5,7,4,4,10,5,5,2,17,17,3,10,1,1,B03,7,6,1,8,2,2,,17,17,1,21,8,B03,120.644285,24.175088,2
2022,5,21,17,35,臺中市,霧峰區,0,1,0,7,1,5,50,4,1,1,5,4,5,7,4,4,10,5,5,2,15,6,2,9,1,1,C03,7,9,1,10,2,12,,14,6,1,18,8,C03,120.700607,24.07087,2
2022,5,21,17,36,臺中市,北區,0,0,0,8,,,50,,,,,,,,,,,,,,,23,,,,,B03,,,1,,2,,,23,23,1,22,,B03,120.690657,24.155375,3
2022,5,21,17,40,臺中市,大甲區,0,0,0,6,,,50,,,,,,,,,,,,,,,23,,,,,B03,,,1,,2,,,23,23,1,4,,B03,120.620223,24.341549,3
2022,5,21,17,46,臺中市,太平區,0,0,0,8,,,30,,,,,,,,,,,,,,,19,,,,,B03,,,1,,1,,,19,19,1,4,,B03,120.71828,24.152913,3
2022,5,21,17,54,臺中市,梧棲區,0,1,0,7,1,5,30,3,1,1,5,4,5,2,4,4,10,5,5,2,17,23,3,10,1,1,B03,7,6,1,8,2,8,,23,23,1,22,8,B03,120.540723,24.250993,2
2022,5,21,17,55,臺中市,北區,0,2,0,8,1,5,50,4,1,1,5,4,5,7,1,1,10,5,5,2,16,6,3,10,1,1,B03,7,6,1,8,2,2,,6,6,1,22,8,B03,120.68616,24.146227,2
2022,5,21,18,0,臺中市,北區,0,1,0,7,1,5,50,4,1,1,5,4,5,7,3,1,5,5,5,2,15,6,2,9,1,1,C03,7,9,1,10,2,11,,6,6,1,21,8,C03,120.697351,24.155613,2
2022,5,21,18,11,臺中市,潭子區,0,0,0,8,,,30,,,,,,,,,,,,,,,23,,,,,B03,,,1,,2,,,23,23,1,22,,B03,120.707532,24.199439,3
2022,5,21,18,15,臺中市,烏日區,0,0,0,8,,,30,,,,,,,,,,,,,,,12,,,,,B03,,,1,,2,,,12,12,1,21,,B03,120.641623,24.0957,3
2022,5,21,18,18,臺中市,北區,0,0,0,8,,,50,,,,,,,,,,,,,,,23,,,,,B03,,,1,,2,,,23,23,1,22,,B03,120.673687,24.152432,3
2022,5,21,18,27,臺中市,龍井區,0,2,0,8,1,5,50,3,1,1,5,4,5,7,4,4,10,5,5,2,17,4,2,9,3,4,C03,7,15,1,10,2,11,,4,4,1,16,6,C03,120.523524,24.206542,2
2022,5,21,18,43,臺中市,大雅區,0,0,0,8,,,30,,,,,,,,,,,,,,,12,,,,,B12,,,1,,2,,,12,12,1,22,,B12,120.654998,24.2267,3
2022,5,21,18,46,臺中市,北區,0,0,0,,,,50,,,,,,,,,,,,,,,23,,,,,B03,,,1,,1,,,23,23,1,21,,B03,120.678479,24.172175,3
2022,5,21,18,47,臺中市,北區,0,1,0,8,3,5,50,14,8,1,5,4,5,7,4,4,1,4,4,2,16,6,3,10,1,1,B03,7,6,4,10,2,2,,6,6,1,22,8,B03,120.678975,24.152142,2
2022,5,21,18,48,臺中市,梧棲區,0,1,0,7,3,5,50,4,1,1,5,4,5,3,4,4,10,5,5,2,15,6,2,9,1,1,C03,7,9,1,10,2,12,,6,6,1,22,8,C03,120.532817,24.256131,2
2022,5,21,18,50,臺中市,南區,0,1,0,8,3,5,50,3,2,1,5,4,5,7,4,4,5,5,5,2,16,21,3,10,1,1,C03,7,5,6,10,6,11,,21,21,1,10,1,C03,120.663247,24.119094,2
2022,5,21,19,0,臺中市,北區,0,0,0,8,,,50,,,,,,,,,,,,,,,43,,,,,,,,,,,,,43,43,1,,,,120.67655,24.150247,3
2022,5,21,19,1,臺中市,南屯區,0,2,0,8,3,5,50,3,1,1,5,4,5,7,4,4,10,5,5,2,16,27,3,10,1,1,B03,7,11,1,8,2,4,,27,27,1,22,8,B03,120.643855,24.145733,2
2022,5,21,19,6,臺中市,烏日區,0,1,0,8,3,5,50,4,1,1,5,4,5,7,4,4,10,5,5,2,15,6,3,10,1,1,B03,7,9,1,8,2,5,,6,6,1,21,8,B03,120.641597,24.111197,2
2022,5,21,19,12,臺中市,北區,0,0,0,8,,,40,,,,,,,,,,,,,,,23,,,,,C03,,,1,,11,,,23,23,2,22,,C03,120.684912,24.1477,3
2022,5,21,19,30,臺中市,北區,0,0,0,8,,,50,,,,,,,,,,,,,,,23,,,,,A12,,,1,,9,,,23,23,1,22,,A12,120.667576,24.154758,3
2022,5,21,19,35,臺中市,潭子區,0,1,0,8,3,5,40,3,1,1,5,4,5,7,4,4,10,5,5,2,17,6,3,10,1,1,B03,7,5,1,8,2,8,,6,6,1,22,8,B03,120.713051,24.229662,2
2022,5,21,19,40,臺中市,龍井區,0,1,0,8,3,5,30,3,2,1,5,4,5,7,4,4,10,5,5,1,16,6,3,10,1,1,F03,7,6,8,20,2,16,,6,6,1,5,8,F03,120.523839,24.207702,2
2022,5,21,19,42,臺中市,西區,0,1,0,8,1,5,50,5,1,1,5,4,5,7,1,1,1,1,1,1,16,26,3,10,1,1,B03,7,6,1,8,2,2,,26,26,1,21,8,B03,120.669801,24.150724,2
2022,5,21,20,2,臺中市,烏日區,0,0,0,8,3,3,60,4,7,1,5,4,5,7,2,1,1,2,1,2,13,23,3,10,1,1,B03,7,13,1,8,2,1,,23,23,1,22,8,B03,120.65009,24.106933,3
2022,5,21,20,3,臺中市,南區,0,1,0,8,3,5,50,3,2,1,5,4,3,7,4,4,5,5,5,2,9,23,3,10,1,1,C03,7,15,1,10,2,12,,23,23,1,21,8,C03,120.657329,24.119606,2
2022,5,21,20,22,臺中市,豐原區,0,1,0,8,1,5,30,4,1,1,5,4,5,7,4,4,10,5,5,2,17,6,2,9,1,1,C03,7,9,1,10,2,14,,6,6,1,22,8,C03,120.717825,24.250523,2
2022,5,21,20,23,臺中市,大里區,0,2,0,8,3,5,50,4,1,1,5,4,5,7,1,1,10,5,5,2,16,6,2,8,1,1,C03,7,5,1,10,2,11,,6,6,1,5,8,C03,120.699967,24.092142,2
2022,5,21,20,24,臺中市,梧棲區,1,0,0,7,3,5,40,3,8,1,5,4,5,7,4,4,1,5,5,2,16,6,3,10,1,1,B12,7,6,1,8,2,5,,6,6,1,22,8,B12,120.526557,24.226823,1
2022,5,21,20,35,臺中市,烏日區,0,0,0,,,,50,,,,,,,,,,,,,,,4,,,,,C03,,,1,,2,,,4,4,1,21,,C03,120.617329,24.106148,3
2022,5,21,20,53,臺中市,西區,0,2,0,7,3,5,30,4,1,1,5,4,5,7,4,4,10,5,5,2,15,6,2,9,1,1,C03,7,9,1,10,2,11,,6,6,1,22,8,C03,120.659503,24.149644,2
2022,5,21,20,58,臺中市,潭子區,0,0,0,8,3,5,40,4,1,1,5,4,5,7,1,1,10,5,5,2,13,21,3,10,1,1,B03,7,9,1,8,8,1,,21,21,1,22,8,B03,120.707415,24.211083,3
2022,5,21,21,28,臺中市,北區,0,0,0,8,,,50,,,,,,,,,,,,,,,23,,,,,B03,,,1,,2,,,23,23,1,22,,B03,120.691102,24.159105,3
2022,5,21,21,59,臺中市,西區,0,0,0,8,,,50,,,,,,,,,,,,,,,42,,,,,B03,,,1,,1,,,42,42,1,22,,B03,120.666895,24.152786,3
2022,5,21,22,15,臺中市,大雅區,0,0,0,6,,,50,,,,,,,,,,,,,,,12,,,,,B03,,,1,,2,,,12,12,1,22,,B03,120.645379,24.225646,3
2022,5,21,23,29,臺中市,東區,0,0,0,8,,,50,,,,,,,,,,,,,,,17,,,,,B12,,,1,8,2,,,17,17,1,21,,B12,120.69691,24.149867,4
2022,5,21,23,52,臺中市,龍井區,0,2,0,6,3,5,50,14,9,1,4,4,5,7,4,4,10,5,5,2,17,38,3,10,3,4,B12,7,14,1,7,2,5,,38,38,1,10,8,B12,120.532258,24.211916,2
2022,5,22,0,1,臺中市,北屯區,0,1,0,8,3,5,50,3,1,1,5,4,5,7,1,1,10,5,5,2,16,10,3,10,1,1,B03,7,11,1,8,2,8,,10,10,1,5,8,B03,120.692168,24.164933,2
2022,5,22,0,20,臺中市,北屯區,0,1,0,7,3,5,50,4,1,1,5,4,5,7,3,1,10,5,5,2,18,23,2,9,2,1,C03,7,11,4,8,8,14,,23,23,1,22,8,C03,120.696669,24.164922,2
2022,5,22,0,27,臺中市,北區,0,0,0,,,,50,,,,,,,,,,,,,,,12,,,,,B03,,,1,,2,,,12,12,1,22,,B03,120.666131,24.154358,3
2022,5,22,2,32,臺中市,烏日區,0,0,0,8,,,50,,,,,,,,,,,,,,,23,,,,,B03,,,1,,2,,,23,23,1,5,,B03,120.63977,24.112583,3
2022,5,22,2,35,臺中市,豐原區,0,1,0,6,3,5,50,11,9,1,4,4,5,7,4,4,5,5,5,1,17,23,2,9,1,1,C03,7,9,2,18,2,11,,23,23,1,16,8,C03,120.716311,24.2574,2
2022,5,22,2,42,臺中市,潭子區,1,0,0,7,3,5,50,14,9,1,4,4,5,7,4,4,10,5,5,2,29,21,1,9,1,1,C03,7,9,3,18,8,11,,21,21,1,22,8,C03,120.684778,24.216188,1
2022,5,22,3,43,臺中市,西屯區,0,3,0,8,3,5,40,14,8,1,4,4,5,7,4,4,4,5,4,2,13,16,2,1,1,1,C03,7,9,1,10,2,11,,16,16,1,18,8,C03,120.646541,24.164677,2
2022,5,22,5,21,臺中市,北屯區,0,0,0,8,,,50,,,,,,,,,,,,,,,43,,,,,,,,,,,,,43,43,1,,,,120.676945,24.174315,3
2022,5,22,6,14,臺中市,北屯區,0,0,0,7,1,5,50,3,1,1,5,4,5,7,2,1,10,5,5,2,29,23,3,10,3,4,B03,7,9,3,18,7,1,,23,23,1,22,8,B03,120.694218,24.161292,3
2022,5,22,6,30,臺中市,霧峰區,0,0,0,8,,,50,,,,,,,,,,,,,,,25,,,,,B03,,,1,,2,,,25,25,1,4,,B03,120.699959,24.075669,3
2022,5,22,6,46,臺中市,潭子區,0,1,0,8,1,5,50,14,7,1,5,4,5,7,3,1,5,4,4,2,17,43,,,,,,,,,,,,,43,43,2,,,,120.709687,24.215136,2
2022,5,22,6,55,臺中市,大里區,0,0,0,8,,,50,,,,,,,,,,,,,,,42,,,,,B03,,,1,,2,,,42,42,1,22,,B03,120.700116,24.118346,3
2022,5,22,6,57,臺中市,太平區,0,0,0,,,,40,,,,,,,,,,,,,,,23,,,,,C03,,,4,,2,11,,23,23,1,22,,C03,120.717693,24.129035,3
2022,5,22,7,0,臺中市,南屯區,0,0,0,8,,,50,,,,,,,,,,,,,,,18,,,,,B03,,,1,,9,,,18,18,1,22,,B03,120.612079,24.137198,3
2022,5,22,7,1,臺中市,豐原區,0,1,0,8,1,5,50,14,7,1,5,4,5,7,4,4,5,5,5,2,17,23,3,10,3,4,B03,7,9,1,8,2,5,,23,23,1,22,8,B03,120.715853,24.252122,2
2022,5,22,7,11,臺中市,后里區,0,1,0,8,1,5,30,14,9,1,5,4,5,7,4,4,10,5,5,1,2,23,3,10,1,1,B12,7,9,1,8,2,2,,23,23,1,22,8,B12,120.704579,24.294737,2
2022,5,22,7,39,臺中市,潭子區,0,0,0,8,,,30,,,,,,,,,,,,,,,43,,,,,,,,,,,,,43,43,1,,,,120.706513,24.229203,3
2022,5,22,8,19,臺中市,南區,0,1,0,8,1,5,50,4,1,1,5,4,5,7,2,1,1,4,4,2,12,9,3,10,1,1,B03,7,6,1,8,2,6,,9,9,1,22,8,B03,120.650286,24.120643,2
2022,5,22,8,31,臺中市,南屯區,0,0,0,8,,,50,,,,,,,,,,,,,,,12,,,,,B11,,,1,,1,,,12,12,1,22,,B11,120.611489,24.147442,3
2022,5,22,8,40,臺中市,北屯區,0,0,0,8,,,50,,,,,,,,,,,,,,,6,,,,,C03,,,1,,1,,,6,6,1,4,,C03,120.704678,24.169328,3
2022,5,22,8,48,臺中市,新社區,0,1,0,8,1,5,30,3,1,1,5,4,5,7,4,4,10,5,5,2,17,6,3,10,1,1,B12,7,6,1,8,2,1,,6,6,1,21,8,B12,120.788626,24.208061,2
2022,5,22,9,0,臺中市,北區,0,3,0,8,1,5,50,14,7,1,5,4,5,7,1,1,3,4,5,2,17,16,2,9,1,1,C03,7,9,1,10,2,11,,16,16,1,22,8,C03,120.68127,24.163286,2
2022,5,22,9,0,臺中市,大里區,0,0,0,8,,,50,,,,,,,,,,,,,,,44,,,,,B03,,,1,,9,,,44,44,1,20,,B03,120.683755,24.107595,3
2022,5,22,9,7,臺中市,北區,0,1,0,8,1,5,50,14,9,1,5,4,5,7,4,4,1,4,5,2,17,40,3,10,1,1,B03,7,13,1,8,2,4,,40,40,1,21,8,B03,120.676572,24.156289,2
2022,5,22,9,10,臺中市,豐原區,0,1,0,8,1,5,30,11,7,1,5,4,5,7,1,1,4,3,4,1,13,23,3,10,1,1,A11,7,9,1,7,2,1,,23,23,1,5,1,A11,120.702819,24.232231,2
2022,5,22,9,18,臺中市,南屯區,0,2,0,8,1,5,50,14,9,1,5,4,5,7,1,1,10,5,5,2,3,4,2,9,1,4,C04,7,11,3,18,2,11,,4,4,1,22,8,C04,120.652177,24.152327,2
2022,5,22,9,20,臺中市,沙鹿區,0,0,0,8,,,40,,,,,,,,,,,,,,,6,,,,,C03,,,6,,1,,,6,6,1,9,,C03,120.558754,24.233577,3
2022,5,22,9,23,臺中市,西區,0,0,0,8,,,50,,,,,,,,,,,,,,,12,,,,,B03,,,1,,1,,,12,12,1,21,,B03,120.680579,24.13527,3
2022,5,22,9,30,臺中市,大甲區,0,0,0,8,,,50,,,,,,,,,,,,,,,10,,,,,B03,,,1,,1,,,10,10,1,22,,B03,120.621521,24.350297,3
2022,5,22,9,31,臺中市,西屯區,0,0,0,8,,,30,,,,,,,,,,,,,,,12,,,,,B03,,,1,,1,,,12,12,1,22,,B03,120.648161,24.196246,3
2022,5,22,9,43,臺中市,北屯區,0,1,0,8,1,5,50,4,1,1,5,4,5,7,2,1,10,5,5,2,3,15,3,10,1,1,B03,7,9,1,8,2,1,,15,15,1,21,8,B03,120.690779,24.163004,2
2022,5,22,10,19,臺中市,南屯區,0,0,0,8,1,5,50,14,9,1,5,4,5,7,4,4,9,4,5,2,17,42,2,9,1,1,C03,7,9,3,18,11,11,,42,42,2,22,8,C03,120.612484,24.146937,3
2022,5,22,10,30,臺中市,西區,0,1,0,8,1,5,40,4,1,1,5,4,1,7,1,1,10,5,5,2,16,6,3,10,1,1,B03,7,11,1,8,1,7,,6,6,1,5,8,B03,120.655125,24.152342,2
2022,5,22,10,50,臺中市,霧峰區,0,2,0,8,1,5,50,4,1,1,5,4,5,7,4,4,10,5,5,2,2,23,2,8,1,1,C03,7,9,1,10,2,11,,23,23,1,21,5,C03,120.700365,24.06947,2
2022,5,22,11,2,臺中市,南區,0,0,0,7,1,5,50,4,9,1,5,4,5,7,2,1,5,4,5,2,17,19,3,10,1,1,B03,7,1,1,8,2,5,,19,19,1,21,8,B03,120.682677,24.13468,3
2022,5,22,11,4,臺中市,大里區,0,0,0,8,,,50,,,,,,,,,,,,,,,23,,,,,B03,,,1,,2,,,23,23,1,22,,B03,120.68145,24.104577,3
2022,5,22,11,6,臺中市,西屯區,0,2,0,8,1,5,50,14,9,1,5,4,5,7,4,4,5,4,5,2,16,19,2,9,1,1,C03,7,1,1,10,2,14,,19,19,1,21,8,C03,120.622025,24.186335,2
2022,5,22,11,8,臺中市,后里區,0,0,0,8,,,50,,,,,,,,,,,,,,,17,,,,,B12,,,1,,2,,,17,17,1,22,,B12,120.720409,24.325015,3
2022,5,22,11,9,臺中市,東區,0,0,0,,,,50,,,,,,,,,,,,,,,12,,,,,B03,,,1,,2,,,12,12,1,5,,B03,120.68728,24.143077,3
2022,5,22,11,16,臺中市,大甲區,0,1,0,8,1,5,50,14,9,1,5,4,5,7,4,4,5,5,5,1,17,26,3,10,1,1,C03,7,5,1,10,2,15,,26,26,1,4,7,C03,120.620993,24.34579,2
2022,5,22,11,20,臺中市,豐原區,0,2,0,8,1,5,50,4,9,1,5,4,5,7,4,4,5,5,5,2,16,6,3,10,3,4,B03,7,5,1,8,2,1,,6,6,1,22,8,B03,120.703309,24.243145,2
2022,5,22,11,26,臺中市,太平區,0,0,0,8,,,30,,,,,,,,,,,,,,,12,,,,,A12,,,1,6,2,,,12,12,1,21,,A12,120.728389,24.124332,3
2022,5,22,11,30,臺中市,神岡區,0,1,0,8,1,5,50,14,9,1,5,4,5,7,4,4,1,4,5,1,17,42,2,9,1,1,C03,7,9,1,10,2,12,,42,42,1,22,8,C03,120.68905,24.247639,2
2022,5,22,11,37,臺中市,南區,0,0,0,8,,,50,,,,,,,,,,,,,,,19,,,,,B03,,,1,,2,,,19,19,1,22,,B03,120.660373,24.111671,3
2022,5,22,11,40,臺中市,大雅區,0,2,0,8,1,5,50,3,2,1,5,4,5,7,3,1,5,5,4,1,16,8,2,9,1,1,C03,7,5,1,10,2,11,,8,8,1,22,9,C03,120.649826,24.222564,2
2022,5,22,12,5,臺中市,南屯區,0,1,0,8,1,5,40,4,1,1,5,4,5,7,1,1,10,5,5,2,13,23,2,9,1,4,C03,7,9,1,10,2,11,,23,23,1,22,8,C03,120.629364,24.150693,2
2022,5,22,12,8,臺中市,大里區,0,0,0,8,,,50,,,,,,,,,,,,,,,9,,,,,B03,,,1,,2,,,9,9,1,22,,B03,120.713343,24.094034,3
2022,5,22,12,25,臺中市,西屯區,0,0,0,8,,,30,,,,,,,,,,,,,,,67,,,,,,,,,,,,,67,67,1,,,,120.6607,24.175601,3
2022,5,22,12,49,臺中市,太平區,0,1,0,8,1,5,50,3,2,1,5,4,5,7,3,1,5,4,4,1,16,26,3,10,1,1,B03,7,11,1,8,2,4,8,26,26,1,22,8,B03,120.725871,24.149621,2
2022,5,22,12,52,臺中市,龍井區,0,0,0,8,,,60,,,,,,,,,,,,,,,23,,,,,A31,,,1,,2,,,23,23,1,10,,A31,120.534832,24.193782,3
2022,5,22,13,3,臺中市,潭子區,0,2,0,8,1,5,50,4,2,1,5,4,5,7,1,1,5,4,5,1,15,25,2,9,1,1,C03,7,9,1,10,2,12,,25,25,1,22,8,C03,120.707047,24.211383,2
2022,5,22,13,8,臺中市,沙鹿區,0,1,0,8,1,5,50,14,9,1,5,4,5,7,4,4,5,4,5,2,16,10,3,10,1,1,B03,7,11,1,8,2,8,,10,10,1,4,8,B03,120.577292,24.223618,2
2022,5,22,13,15,臺中市,太平區,0,0,0,8,,,50,,,,,,,,,,,,,,,17,,,,,C03,,,1,,1,,,17,17,1,18,,C03,120.715548,24.127406,3
2022,5,22,13,17,臺中市,豐原區,0,1,0,8,1,5,50,4,1,1,5,4,5,7,1,1,1,2,1,1,12,2,2,8,1,1,F03,7,9,8,20,2,16,,2,2,1,22,5,F03,120.72298,24.264072,2
2022,5,22,13,18,臺中市,大里區,0,3,0,8,1,5,50,4,1,1,5,4,5,7,1,1,10,5,5,2,15,25,2,9,3,4,C03,7,9,1,10,2,14,,25,25,1,22,8,C03,120.708988,24.086714,2
2022,5,22,13,20,臺中市,大里區,0,1,0,8,1,5,50,14,9,1,5,4,5,7,4,4,5,5,5,1,17,23,2,9,1,1,C03,7,9,1,10,2,14,,23,23,1,21,5,C03,120.714156,24.086034,2
2022,5,22,13,24,臺中市,豐原區,0,1,0,8,1,5,50,14,9,1,5,4,5,7,4,4,9,5,5,1,16,23,2,9,1,1,C03,7,9,1,10,2,11,,23,23,1,21,8,C03,120.711433,24.25316,2
2022,5,22,13,31,臺中市,東區,0,0,0,,,,50,,,,,,,,,,,,,,,6,,,,,B01,,,1,,2,,,6,6,1,5,,B01,120.686836,24.13384,3
2022,5,22,13,38,臺中市,大雅區,0,2,0,8,1,5,50,14,8,1,5,4,5,7,4,4,1,4,4,1,16,6,3,10,1,1,B03,7,6,1,8,2,2,,6,6,1,22,9,B03,120.645565,24.224897,2
2022,5,22,13,46,臺中市,大里區,0,1,0,7,1,5,40,4,1,1,5,4,5,7,1,1,10,5,5,2,18,42,2,9,1,1,C03,7,9,1,10,2,12,,42,42,1,21,1,C03,120.697026,24.111171,2
2022,5,22,13,48,臺中市,西屯區,0,1,0,8,1,5,50,4,1,1,5,4,5,7,2,1,10,5,5,2,16,26,3,10,1,1,B12,7,6,1,8,2,5,,26,26,1,19,8,B12,120.632135,24.1705,2
2022,5,22,13,50,臺中市,烏日區,0,0,0,8,,,30,,,,,,,,,,,,,,,23,,,,,B03,,,1,,2,,,23,23,1,21,,B03,120.619873,24.105307,3
2022,5,22,13,54,臺中市,太平區,0,2,0,8,1,5,50,3,2,1,5,4,5,7,4,4,5,4,5,2,16,26,3,10,1,1,B03,7,11,1,8,2,8,,26,26,1,22,8,B03,120.732559,24.14153,2
2022,5,22,13,57,臺中市,太平區,0,1,0,8,1,5,50,3,1,1,5,4,5,7,4,4,10,5,5,2,16,6,3,10,1,1,B03,7,5,1,8,2,1,,6,6,1,21,8,B03,120.716513,24.143263,2
2022,5,22,13,58,臺中市,北屯區,0,0,0,8,,,50,,,,,,,,,,,,,,,23,,,,,B03,,,1,,1,,,23,23,1,21,,B03,120.685304,24.17324,3
2022,5,22,14,3,臺中市,太平區,0,0,0,8,,,50,,,,,,,,,,,,,,,12,,,,,B12,,,6,,9,,,12,12,1,5,,B12,120.721502,24.119897,3
2022,5,22,14,6,臺中市,烏日區,0,0,0,8,,,40,,,,,,,,,,,,,,,23,,,,,B03,,,1,,2,,,23,23,1,22,,B03,120.612611,24.10294,3
2022,5,22,14,11,臺中市,大肚區,0,0,0,8,,,30,,,,,,,,,,,,,,,6,,,,,B03,,,1,,2,,,6,6,1,21,,B03,120.57979,24.170415,3
2022,5,22,14,13,臺中市,清水區,0,2,0,8,1,5,50,4,1,1,5,4,5,7,4,4,4,5,5,2,15,6,2,9,1,1,C03,7,9,1,10,2,12,,6,6,1,21,8,C03,120.576943,24.26895,2
2022,5,22,14,19,臺中市,大甲區,0,0,0,8,,,50,,,,,,,,,,,,,,,23,,,,,B03,,,3,,2,,,23,23,1,4,,B03,120.622253,24.344871,3
2022,5,22,14,22,臺中市,北區,0,1,0,8,1,5,50,4,1,1,5,4,5,7,4,4,8,5,5,2,16,6,3,10,1,1,C03,7,9,1,10,5,11,,6,6,1,4,8,C03,120.688721,24.16002,2
2022,5,22,14,23,臺中市,北區,0,0,0,8,,,50,,,,,,,,,,,,,,,23,,,,,B03,,,1,,2,,,23,23,1,22,,B03,120.677144,24.153529,3
2022,5,22,14,25,臺中市,霧峰區,0,0,0,8,,,60,,,,,,,,,,,,,,,12,,,,,B03,,,1,,2,,,12,12,1,22,,B03,120.696333,24.054986,3
2022,5,22,14,30,臺中市,清水區,0,0,0,8,,,50,,,,,,,,,,,,,,,19,,,,,B03,,,1,,2,,,19,19,1,21,,B03,120.569667,24.274157,3
2022,5,22,14,38,臺中市,北屯區,0,1,0,8,1,5,50,4,1,1,5,4,5,7,2,1,10,5,5,2,13,16,3,10,1,1,C03,7,9,1,10,2,11,,16,16,1,5,8,C03,120.669551,24.177173,2
2022,5,22,14,38,臺中市,豐原區,0,0,0,8,,,50,,,,,,,,,,,,,,,6,,,,,B03,,,1,,2,,,6,6,1,19,,B03,120.743415,24.254114,3
2022,5,22,14,42,臺中市,北區,0,0,0,8,,,30,,,,,,,,,,,,,,,67,,,,,,,,,,,,,67,67,1,,,,120.688202,24.158677,3
2022,5,22,14,53,臺中市,沙鹿區,0,0,0,8,,,50,,,,,,,,,,,,,,,7,,,,,B03,,,1,,2,,,7,7,1,21,,B03,120.597408,24.250488,3
2022,5,22,14,56,臺中市,大雅區,0,7,0,8,1,5,50,4,1,1,5,4,5,7,2,1,3,4,4,1,16,25,2,9,1,1,B03,7,5,1,8,2,5,,25,25,1,22,9,B03,120.656413,24.2207,2
2022,5,22,15,3,臺中市,烏日區,0,1,0,8,1,5,30,4,1,1,5,4,5,7,1,1,10,5,5,2,16,25,2,9,1,1,C03,7,9,1,10,2,14,,25,25,1,21,8,C03,120.615624,24.113934,2
2022,5,22,15,54,臺中市,豐原區,0,0,0,8,,,50,,,,,,,,,,,,,,,17,,,,,B12,,,1,,2,,,17,17,1,22,,B12,120.745683,24.269785,3
2022,5,22,15,56,臺中市,北屯區,0,2,0,8,1,5,50,11,9,1,5,4,5,7,4,4,1,4,5,2,13,16,2,9,1,1,C03,7,9,1,10,2,11,,16,16,1,16,8,C03,120.687934,24.181706,2
2022,5,22,16,1,臺中市,北區,0,3,0,8,1,5,50,3,18,1,5,4,5,7,1,1,10,5,5,2,3,25,2,9,1,1,C03,7,9,1,10,3,11,,25,25,1,22,8,C03,120.684085,24.149878,2
2022,5,22,16,1,臺中市,西屯區,0,0,0,8,,,50,,,,,,,,,,,,,,,43,,,,,B03,,,1,,11,,,43,43,1,22,,B03,120.636401,24.165157,3
2022,5,22,16,18,臺中市,大雅區,0,0,0,8,,,50,,,,,,,,,,,,,,,16,,,,,B03,,,1,,9,,,16,16,2,22,,B03,120.649112,24.216827,3
2022,5,22,16,26,臺中市,梧棲區,0,0,0,8,,,50,,,,,,,,,,,,,,,16,,,,,B03,,,1,,2,,,16,16,1,19,,B03,120.552432,24.254334,3
2022,5,22,16,30,臺中市,豐原區,0,0,0,8,,,30,,,,,,,,,,,,,,,17,,,,,B03,,,1,,2,,,17,17,1,5,,B03,120.730412,24.229493,3
2022,5,22,16,38,臺中市,東區,0,0,0,8,,,50,,,,,,,,,,,,,,,6,,,,,C03,,,1,,2,,,6,6,1,22,,C03,120.68369,24.134133,3