年,月,日,時,分,縣市,區,死,受傷,2-30,天候,光線,道路類別,速限,道路型態,事故位置,路面鋪裝,路面狀態,路面缺陷,障礙物,視距,號誌種類,號誌動作,分向設施,快車道或一般車道間,快慢車道間,路面邊線,事故類型及型態,主要肇因,受傷程度,主要傷處,保護裝備,行動電話,當事者區分,車輛用途,當事者行動狀態,駕駛資格情形,駕駛執照種類,飲酒情形,車輛撞擊部位最初,車輛撞擊部位其他,肇事因素個別,肇事因素主要,肇事逃逸,職業,旅次目的,車種,GPS緯度,GPS經度,事故類別
2022,5,24,11,40,臺中市,豐原區,0,2,0,8,1,5,30,3,1,1,5,4,5,7,4,4,4,3,4,1,11,6,2,8,1,1,C03,7,5,1,10,2,11,,6,6,1,22,5,C03,120.71999,24.251714,2
2022,5,24,11,49,臺中市,南屯區,0,2,0,8,1,5,50,4,1,1,5,4,5,7,4,4,10,5,5,2,15,6,2,9,1,1,C03,7,14,1,10,2,14,,6,6,1,22,8,C03,120.653981,24.142653,2
2022,5,24,11,50,臺中市,大肚區,0,3,0,8,1,5,30,4,1,1,5,4,5,7,4,4,10,5,5,2,15,6,2,9,1,4,C03,7,9,1,10,2,11,,6,6,1,22,8,C03,120.578701,24.173983,2
2022,5,24,11,57,臺中市,霧峰區,0,1,0,8,1,5,50,14,9,1,5,4,5,7,4,4,5,5,5,1,12,23,3,10,3,4,B03,7,9,1,8,2,2,,23,23,1,22,8,B03,120.680218,24.065151,2
2022,5,24,12,2,臺中市,北區,0,0,0,8,,,50,,,,,,,,,,,,,,,23,,,,,B12,,,1,,11,,,23,23,2,22,,B12,120.680896,24.149205,3
2022,5,24,12,2,臺中市,霧峰區,0,0,0,8,,,50,,,,,,,,,,,,,,,1,,,,,B12,,,1,,2,,,1,1,1,22,,B12,120.68009,24.065063,3
2022,5,24,12,6,臺中市,南屯區,0,0,0,8,,,40,,,,,,,,,,,,,,,43,,,,,B03,,,1,,11,,,43,43,1,22,,B03,120.612134,24.140193,3
2022,5,24,12,9,臺中市,南屯區,0,1,0,8,1,5,40,11,8,1,5,4,5,7,4,4,10,5,5,2,10,23,3,10,3,4,B11,7,9,1,8,2,1,,23,23,1,22,8,B11,120.629563,24.12534,2
2022,5,24,12,12,臺中市,北區,0,1,0,8,1,5,50,4,1,1,5,4,5,7,1,1,10,5,5,2,16,9,3,10,1,1,B03,7,6,1,8,2,2,,9,9,1,22,8,B03,120.675156,24.16698,2
2022,5,24,12,20,臺中市,梧棲區,0,2,0,8,1,5,50,3,2,1,5,4,5,7,4,4,10,5,5,2,17,14,2,9,1,1,C03,7,9,1,10,2,14,,14,14,1,5,8,C03,120.539408,24.245591,2
2022,5,24,12,31,臺中市,后里區,0,1,0,8,1,5,50,4,1,1,5,4,5,7,1,1,5,5,5,2,11,8,3,10,1,1,B03,7,5,1,8,2,6,,8,8,1,4,5,B03,120.718465,24.311556,2
2022,5,24,12,40,臺中市,大雅區,0,0,0,8,,,50,,,,,,,,,,,,,,,23,,,,,B03,,,1,,2,,,23,23,1,22,,B03,120.650926,24.227673,3
2022,5,24,12,48,臺中市,豐原區,0,0,0,8,,,30,,,,,,,,,,,,,,,12,,,,,B03,,,1,,2,,,12,12,1,21,,B03,120.730721,24.262016,3
2022,5,24,12,53,臺中市,北區,0,2,0,8,1,5,50,14,9,1,5,4,5,7,4,4,5,4,5,2,16,19,2,9,1,1,C03,7,1,1,10,2,14,,19,19,1,22,9,C03,120.680948,24.159108,2
2022,5,24,12,58,臺中市,龍井區,0,2,0,8,1,5,50,3,1,1,5,4,5,7,4,4,10,5,5,2,16,19,3,10,1,1,B12,7,1,1,7,2,4,,19,19,1,20,8,B12,120.527455,24.179328,2
2022,5,24,13,3,臺中市,大里區,0,0,0,8,,,50,,,,,,,,,,,,,,,12,,,,,B03,,,1,,1,,,12,12,1,22,,B03,120.676149,24.1133,3
2022,5,24,13,10,臺中市,后里區,0,0,0,8,,,40,,,,,,,,,,,,,,,12,,,,,B12,,,1,,2,,,12,12,1,22,,B12,120.738058,24.316695,3
2022,5,24,13,48,臺中市,西區,0,1,0,8,1,5,50,14,9,1,5,4,5,7,4,4,10,4,5,2,3,23,3,10,1,1,B02,7,9,1,8,2,2,,23,23,1,21,8,B02,120.657637,24.14783,2
2022,5,24,13,48,臺中市,北區,0,0,0,8,,,50,,,,,,,,,,,,,,,7,,,,,B03,,,1,,2,,,7,7,1,22,,B03,120.691981,24.160481,3
2022,5,24,13,51,臺中市,大雅區,0,1,0,7,1,5,50,14,9,1,5,4,5,7,4,4,9,4,5,1,16,19,2,9,1,1,C03,7,1,3,18,2,12,,19,19,1,22,9,C03,120.671262,24.227393,2
2022,5,24,13,57,臺中市,潭子區,0,0,0,8,,,40,,,,,,,,,,,,,,,23,,,,,B03,,,1,,2,,,23,23,1,22,,B03,120.704947,24.2117,3
2022,5,24,14,5,臺中市,東區,0,0,0,,,,40,,,,,,,,,,,,,,,12,,,,,B03,,,1,,2,,,12,12,1,5,,B03,120.710707,24.144436,3
2022,5,24,14,25,臺中市,霧峰區,0,0,0,8,,,50,,,,,,,,,,,,,,,23,,,,,B03,,,1,,2,,,23,23,1,4,,B03,120.714305,24.077282,3
2022,5,24,14,28,臺中市,北區,0,1,0,8,1,5,50,4,1,1,5,4,5,7,4,4,10,5,5,2,15,6,3,10,1,1,B03,7,9,1,8,2,2,,6,6,1,5,5,B03,120.691047,24.155863,2
2022,5,24,14,28,臺中市,南區,0,1,0,7,1,5,50,3,1,1,5,4,5,7,4,4,10,5,5,2,18,23,2,9,1,1,C03,7,5,1,10,2,12,,23,23,1,21,8,C03,120.659151,24.12719,2
2022,5,24,14,39,臺中市,北屯區,0,0,0,8,,,30,,,,,,,,,,,,,,,6,,,,,B03,,,1,,1,,,6,6,1,8,,B03,120.7049,24.1687,3
2022,5,24,14,39,臺中市,霧峰區,0,3,0,8,1,5,50,3,9,1,5,4,5,7,4,4,5,5,5,1,16,23,2,7,3,4,C03,7,9,1,10,2,14,,23,23,1,22,8,C03,120.700328,24.064783,2
2022,5,24,14,40,臺中市,后里區,0,0,0,8,,,30,,,,,,,,,,,,,,,19,,,,,B03,,,1,,1,,,19,19,1,10,,B03,120.721768,24.286185,3
2022,5,24,14,55,臺中市,太平區,0,0,0,8,,,50,,,,,,,,,,,,,,,42,,,,,,,,,,,,,,,,,,,120.72083,24.100209,3
2022,5,24,15,25,臺中市,南屯區,0,0,0,,,,40,,,,,,,,,,,,,,,23,,,,,B03,,,1,,1,,,23,23,1,4,,B03,120.639424,24.132246,3
2022,5,24,15,27,臺中市,龍井區,0,1,0,8,1,5,30,3,1,1,5,4,5,7,4,4,10,5,5,2,17,8,3,10,1,4,B03,7,5,1,8,2,1,,8,8,1,22,8,B03,120.597753,24.188996,2
2022,5,24,15,30,臺中市,大雅區,0,1,0,7,1,5,50,14,9,1,5,4,5,7,4,4,1,4,5,1,13,16,2,9,1,1,B03,7,9,1,8,2,1,,16,16,1,22,9,B03,120.613629,24.23137,2
2022,5,24,15,45,臺中市,清水區,0,1,0,6,1,5,50,4,1,1,4,4,5,7,1,1,10,5,5,1,16,23,3,10,3,4,B03,7,5,1,7,2,4,,23,23,1,22,8,B03,120.577708,24.300772,2
2022,5,24,15,54,臺中市,南區,0,0,0,,,,50,,,,,,,,,,,,,,,23,,,,,B03,,,1,,2,,,23,23,1,22,,B03,120.660102,24.110502,3
2022,5,24,16,6,臺中市,外埔區,0,1,0,8,1,5,50,14,7,1,5,4,5,7,4,4,8,4,4,1,13,16,3,10,1,1,B12,7,9,6,18,6,1,,16,16,1,22,8,B12,120.637376,24.342618,2
2022,5,24,16,14,臺中市,東勢區,0,0,0,8,,,50,,,,,,,,,,,,,,,26,,,,,B03,,,1,,2,,,26,26,1,5,,B03,120.833097,24.238968,3
2022,5,24,16,24,臺中市,潭子區,0,0,0,8,1,5,30,14,9,1,5,4,5,7,4,4,9,4,5,1,17,21,3,10,1,1,C03,7,9,5,18,5,11,,21,21,1,22,8,C03,120.702453,24.222116,3
2022,5,24,16,24,臺中市,東區,0,1,0,7,1,5,50,5,1,1,5,4,5,7,1,1,5,4,5,2,16,9,3,10,1,1,B03,7,6,1,7,2,6,,9,9,1,21,8,B03,120.692433,24.140548,2
2022,5,24,16,27,臺中市,北區,0,0,0,,,,50,,,,,,,,,,,,,,,16,,,,,B12,,,1,,1,,,16,16,1,5,,B12,120.694186,24.15918,3
2022,5,24,16,27,臺中市,神岡區,0,0,0,6,,,30,,,,,,,,,,,,,,,23,,,,,B11,,,1,,2,,,23,23,1,22,,B11,120.71394,24.257907,3
2022,5,24,16,30,臺中市,豐原區,0,1,0,7,1,5,50,14,8,1,4,4,1,7,4,4,5,4,4,2,12,7,3,10,1,1,B03,7,7,1,8,2,2,5,7,7,1,18,8,B03,120.727584,24.245026,2
2022,5,24,16,35,臺中市,大里區,0,0,0,6,,,50,,,,,,,,,,,,,,,18,,,,,B03,,,1,,2,,,18,18,1,12,,B03,120.703217,24.096012,3
2022,5,24,16,44,臺中市,豐原區,0,1,0,6,1,5,50,4,1,1,4,4,5,7,1,1,4,5,4,2,15,42,2,9,1,1,C03,7,9,3,18,2,11,,42,42,1,19,5,C03,120.70208,24.245452,2
2022,5,24,16,49,臺中市,大里區,0,1,0,6,1,5,50,3,1,1,4,4,5,7,4,4,5,4,4,2,17,6,3,10,3,4,A11,7,6,1,3,2,2,,6,6,1,10,8,A11,120.714693,24.097118,2
2022,5,24,16,50,臺中市,霧峰區,0,1,0,6,1,5,50,3,18,1,4,4,5,7,1,1,10,5,5,2,3,23,3,10,1,1,B03,7,5,1,8,2,5,,23,23,1,6,1,B03,120.697537,24.056201,2
2022,5,24,16,54,臺中市,大里區,0,1,0,6,1,5,40,13,9,1,4,4,5,7,4,4,10,5,5,2,16,23,3,10,1,1,B03,7,15,6,18,2,8,,23,23,1,22,8,B03,120.698966,24.120578,2
2022,5,24,17,5,臺中市,西區,0,1,0,6,1,5,50,3,1,1,4,4,5,7,4,4,10,5,5,2,13,23,2,9,1,1,C03,7,9,1,10,1,11,,23,23,1,22,9,C03,120.666021,24.140356,2
2022,5,24,17,5,臺中市,北區,0,1,0,6,1,5,50,4,1,1,4,4,5,7,4,4,10,5,5,2,18,23,2,8,1,1,C03,7,9,1,10,2,12,,23,23,1,22,8,C03,120.679953,24.151494,2
2022,5,24,17,9,臺中市,北區,0,0,0,6,1,5,50,4,1,1,4,4,5,7,2,1,10,5,5,2,15,25,,,,,B03,,,1,,1,,,25,25,1,22,,B03,120.663594,24.166806,3
2022,5,24,17,9,臺中市,霧峰區,0,2,0,6,1,5,50,4,1,1,4,4,5,7,1,1,10,5,5,2,16,26,2,5,1,1,C03,7,5,1,10,2,14,,26,26,1,12,8,C03,120.686626,24.053691,2
2022,5,24,17,10,臺中市,神岡區,0,1,0,6,1,5,50,4,2,1,4,4,5,7,1,1,5,5,5,1,12,42,2,9,3,4,C03,7,4,1,10,2,12,,42,42,1,22,9,C03,120.686375,24.25011,2
2022,5,24,17,15,臺中市,太平區,0,2,0,6,1,5,50,3,1,1,4,4,5,7,4,4,10,5,5,1,16,6,2,8,1,1,C03,7,5,1,10,2,11,,6,6,1,6,8,C03,120.712113,24.149947,2
2022,5,24,17,15,臺中市,沙鹿區,0,0,0,6,,,40,,,,,,,,,,,,,,,23,,,,,C03,,,1,,2,,,23,23,1,21,,C03,120.581421,24.209662,3
2022,5,24,17,19,臺中市,東區,0,1,0,6,1,5,50,4,1,1,4,4,5,7,1,1,10,5,5,2,18,23,2,9,1,1,C03,7,9,1,10,2,12,,23,23,1,22,8,C03,120.709155,24.144469,2
2022,5,24,17,23,臺中市,大里區,0,1,0,6,1,5,50,5,1,1,4,4,5,7,1,1,5,4,5,1,12,9,3,10,1,1,B03,7,6,1,8,2,2,,9,9,1,21,1,B03,120.68992,24.11286,2
2022,5,24,17,24,臺中市,潭子區,0,0,0,6,1,5,30,13,9,1,4,4,5,7,4,4,10,5,5,2,14,12,,,,,B12,,,1,,2,,,12,12,1,22,,B12,120.71468,24.20635,3
2022,5,24,17,24,臺中市,神岡區,0,1,0,6,1,5,30,5,1,1,4,4,5,7,2,1,4,5,5,1,16,25,3,10,1,1,B03,7,9,1,7,2,8,,25,25,1,22,8,B03,120.6648,24.273813,2
2022,5,24,17,26,臺中市,南屯區,0,0,0,6,,,30,,,,,,,,,,,,,,,17,,,,,A05,,,1,,2,,,17,17,1,22,,A05,120.595031,24.140811,3
2022,5,24,17,31,臺中市,北區,0,0,0,,,,50,,,,,,,,,,,,,,,16,,,,,B03,,,1,,1,,,16,16,1,5,,B03,120.680792,24.149435,3
2022,5,24,17,36,臺中市,西屯區,0,1,0,6,2,5,50,4,1,1,4,4,5,7,1,1,10,5,5,2,16,6,2,9,1,1,C03,7,9,1,10,2,12,,6,6,1,4,8,C03,120.620157,24.187166,2
2022,5,24,17,51,臺中市,北區,0,0,0,6,,,50,,,,,,,,,,,,,,,23,,,,,C03,,,1,,1,,,23,23,1,22,,C03,120.694553,24.154291,3
2022,5,24,17,51,臺中市,大里區,0,1,0,6,1,5,40,14,8,1,4,4,5,7,4,4,1,5,4,1,17,6,3,10,1,1,B03,7,6,1,8,2,15,,6,6,1,22,8,B03,120.663538,24.09122,2
2022,5,24,17,55,臺中市,太平區,0,0,0,8,,,40,,,,,,,,,,,,,,,12,,,,,B11,,,1,,2,,,12,12,1,4,,B11,120.758377,24.123812,3
2022,5,24,18,9,臺中市,潭子區,0,0,0,6,,,50,,,,,,,,,,,,,,,9,,,,,B03,,,1,,2,,,9,9,1,22,,B03,120.711494,24.229613,3
2022,5,24,18,10,臺中市,北區,0,0,0,6,1,5,50,14,8,1,4,4,5,7,4,4,8,3,4,2,12,17,,,,,B03,,,1,,11,,,17,17,2,22,,B03,120.673034,24.159099,3
2022,5,24,18,10,臺中市,南屯區,0,0,0,6,,,50,,,,,,,,,,,,,,,26,,,,,B12,,,1,,2,,,26,26,1,22,,B12,120.622806,24.14976,3
2022,5,24,18,13,臺中市,大雅區,0,0,0,8,,,50,,,,,,,,,,,,,,,43,,,,,A12,,,1,,11,,,43,43,1,22,,A12,120.651644,24.227889,3
2022,5,24,18,14,臺中市,西區,0,2,0,7,3,5,50,4,1,1,4,4,1,7,1,1,10,5,5,2,13,42,2,9,3,4,C03,7,9,1,10,2,11,,42,42,1,21,8,C03,120.677224,24.14022,2
2022,5,24,18,22,臺中市,太平區,0,1,0,7,2,5,50,4,1,1,4,4,5,7,4,4,10,5,5,2,16,23,3,10,1,1,B03,7,5,1,8,1,8,,23,23,1,5,8,B03,120.709551,24.160182,2
2022,5,24,18,23,臺中市,中區,0,1,0,8,3,5,50,4,1,1,4,4,5,7,1,1,10,5,5,2,16,10,3,10,1,1,B03,7,11,3,18,2,8,,10,10,1,22,9,B03,120.675078,24.143592,2
2022,5,24,18,23,臺中市,西屯區,0,1,0,8,3,5,50,3,1,1,5,4,5,7,2,1,10,5,5,2,16,6,3,10,1,1,B03,7,5,1,8,2,7,,6,6,1,22,8,B03,120.649121,24.173241,2
2022,5,24,18,25,臺中市,南屯區,0,1,0,6,3,5,40,14,12,1,4,4,5,7,4,4,5,4,4,2,18,13,2,9,1,1,C03,7,9,1,10,2,12,,13,13,1,22,8,C03,120.61677,24.139446,2
2022,5,24,18,26,臺中市,豐原區,0,1,0,6,3,5,50,14,7,1,4,4,5,7,4,4,7,4,4,2,18,42,2,9,3,4,C03,7,9,1,10,2,14,,42,42,1,22,8,C03,120.717098,24.255715,2
2022,5,24,18,30,臺中市,霧峰區,0,0,0,6,,,60,,,,,,,,,,,,,,,16,,,,,B03,,,1,,2,,,16,16,1,12,,B03,120.695101,24.059821,3
2022,5,24,18,39,臺中市,東區,0,0,0,,,,50,,,,,,,,,,,,,,,12,,,,,A11,,,1,,2,,,12,12,1,22,,A11,120.696955,24.141803,3
2022,5,24,18,48,臺中市,南屯區,0,1,0,7,3,5,50,4,18,1,4,4,5,7,2,1,5,4,4,2,3,15,3,10,1,1,B03,7,5,1,8,1,8,,15,15,1,4,8,B03,120.649912,24.136676,2
2022,5,24,18,48,臺中市,大里區,0,0,0,6,,,30,,,,,,,,,,,,,,,23,,,,,B12,,,1,,11,,,23,23,1,22,,B12,120.699764,24.088998,3
2022,5,24,19,3,臺中市,神岡區,0,0,0,8,,,50,,,,,,,,,,,,,,,16,,,,,B03,,,1,,2,,,16,16,1,22,,B03,120.673964,24.261213,3
2022,5,24,19,12,臺中市,豐原區,0,1,0,6,3,5,30,3,1,1,4,4,5,7,4,4,5,5,5,2,16,6,3,10,1,1,B03,7,6,1,8,2,8,,6,6,1,22,8,B03,120.702801,24.249421,2
2022,5,24,19,14,臺中市,西區,0,0,0,6,,,50,,,,,,,,,,,,,,,42,,,,,B12,,,1,,1,,,42,42,1,21,,B12,120.655538,24.140017,3
2022,5,24,19,20,臺中市,中區,0,0,0,6,3,5,30,3,2,1,4,4,5,7,4,4,10,5,5,2,12,42,,,,,B03,,,1,,1,,,42,42,1,22,,B03,120.681243,24.143535,3
2022,5,24,19,32,臺中市,南屯區,0,2,0,6,3,5,50,4,18,1,4,4,5,7,1,1,5,4,5,2,9,15,3,10,1,1,B03,7,5,1,8,2,1,,15,15,1,22,8,B03,120.637397,24.142577,2
2022,5,24,19,33,臺中市,北區,0,0,0,,,,50,,,,,,,,,,,,,,,19,,,,,B03,,,1,,2,,,19,19,1,22,,B03,120.67753,24.152837,3
2022,5,24,19,34,臺中市,北屯區,0,2,0,6,3,5,50,3,1,1,4,4,5,7,4,4,5,4,4,2,16,6,2,9,1,1,C03,7,5,1,10,2,12,,6,6,1,21,8,C03,120.696199,24.18187,2
2022,5,24,19,35,臺中市,西屯區,0,3,0,6,3,5,40,11,8,1,4,4,5,7,4,4,1,4,3,1,17,23,2,9,1,1,C03,7,9,1,10,2,11,,23,23,1,1,9,C03,120.615946,24.182604,2
2022,5,24,19,37,臺中市,西屯區,0,1,0,6,2,5,50,4,1,1,4,4,5,7,1,1,1,4,5,2,16,26,3,10,1,1,B02,7,5,1,8,2,5,,26,26,1,22,8,B02,120.655703,24.199481,2
2022,5,24,19,45,臺中市,西屯區,0,1,0,6,3,5,50,14,9,1,4,4,5,7,4,4,5,4,5,2,17,6,3,10,1,1,C03,7,6,1,10,1,12,,6,6,1,4,8,C03,120.614847,24.180432,2
2022,5,24,19,57,臺中市,大里區,0,1,0,6,3,5,50,14,9,1,4,4,5,7,1,1,3,4,4,1,13,23,2,9,1,1,C03,7,9,1,10,2,11,,23,23,1,22,8,C03,120.670304,24.104926,2
2022,5,24,20,0,臺中市,北區,0,1,0,6,3,5,50,4,1,1,4,4,5,7,4,4,10,5,5,2,15,6,2,9,1,1,C03,7,9,1,10,2,11,,6,6,1,10,4,C03,120.697407,24.153966,2
2022,5,24,20,0,臺中市,西屯區,0,1,0,6,3,5,40,14,8,1,4,4,5,7,4,4,1,5,5,2,17,23,2,9,3,4,C03,7,9,1,10,2,11,14,23,23,1,22,8,C03,120.62625,24.206746,2
2022,5,24,20,5,臺中市,南屯區,0,0,0,6,,,50,,,,,,,,,,,,,,,7,,,,,B03,,,1,,1,,,7,7,1,22,,B03,120.622122,24.150344,3
2022,5,24,20,7,臺中市,大雅區,0,1,0,6,3,5,40,5,1,1,4,4,5,7,1,1,1,4,4,1,16,43,3,10,1,1,C03,7,9,6,10,8,11,,43,43,1,22,9,C03,120.628105,24.242383,2
2022,5,24,20,9,臺中市,神岡區,0,0,0,6,,,50,,,,,,,,,,,,,,,23,,,,,B03,,,1,,1,,,23,23,1,22,,B03,120.656563,24.250869,3
2022,5,24,21,0,臺中市,烏日區,0,1,0,6,3,5,50,3,1,1,4,4,5,7,3,1,5,4,4,1,16,6,3,10,1,1,B03,7,6,1,8,2,2,,6,6,1,21,8,B03,120.651752,24.094078,2
2022,5,24,21,14,臺中市,西屯區,0,0,0,6,,,30,,,,,,,,,,,,,,,5,,,,,C03,,,1,,2,,,5,5,1,22,,C03,120.622213,24.172583,3
2022,5,24,21,21,臺中市,西屯區,0,0,0,6,,,50,,,,,,,,,,,,,,,7,,,,,B02,,,1,,1,,,7,7,1,4,,B02,120.63491,24.161189,3
2022,5,24,21,30,臺中市,北屯區,0,1,0,6,3,5,50,4,1,1,4,4,5,7,4,4,10,5,5,2,16,6,3,10,1,1,C03,7,5,1,10,2,14,,6,6,1,22,8,C03,120.695417,24.174408,2
2022,5,24,21,47,臺中市,南屯區,0,1,0,6,3,5,50,4,1,1,4,4,5,7,2,1,10,5,5,2,17,23,2,9,1,4,C03,7,9,1,10,2,14,,23,23,1,21,8,C03,120.646478,24.133358,2
2022,5,24,22,40,臺中市,潭子區,0,0,0,8,,,30,,,,,,,,,,,,,,,6,,,,,B03,,,1,,2,,,6,6,1,22,,B03,120.679496,24.204565,3
2022,5,25,0,6,臺中市,霧峰區,0,0,0,6,,,40,,,,,,,,,,,,,,,16,,,,,B12,,,1,,2,,,16,16,1,4,,B12,120.662944,24.063028,3
2022,5,25,0,25,臺中市,烏日區,0,2,0,8,3,5,40,4,1,1,5,4,5,7,3,1,1,4,4,1,16,6,2,7,1,1,C03,7,9,1,10,2,14,,6,6,1,21,8,C03,120.644256,24.112747,2
2022,5,25,1,37,臺中市,大雅區,0,1,0,8,3,5,50,4,1,1,5,4,5,7,4,4,10,5,5,2,12,23,2,7,1,1,C03,7,9,1,10,2,14,,23,23,1,22,9,C03,120.64609,24.22931,2
2022,5,25,2,2,臺中市,北屯區,0,1,0,6,3,5,50,4,1,1,4,4,5,7,3,1,10,5,5,2,15,6,2,9,1,1,C03,7,9,1,10,2,11,,6,6,1,22,8,C03,120.687023,24.168108,2
2022,5,25,5,20,臺中市,大肚區,0,0,0,,,,50,,,,,,,,,,,,,,,7,,,,,B03,,,1,,2,,,7,7,1,19,,B03,120.576976,24.118668,3
2022,5,25,5,39,臺中市,大里區,0,1,0,8,1,5,50,4,1,1,5,4,5,7,3,1,5,4,4,1,16,6,2,9,1,1,C03,7,9,6,10,2,11,,6,6,1,20,8,C03,120.682086,24.109998,2
2022,5,25,6,0,臺中市,東區,0,1,0,8,1,5,50,4,7,1,5,4,5,7,1,1,9,4,4,2,12,7,3,10,1,1,B03,7,9,1,8,2,2,,44,7,1,5,1,B03,120.694556,24.146605,2
2022,5,25,6,20,臺中市,大肚區,0,0,0,,,,50,,,,,,,,,,,,,,,23,,,,,B03,,,3,,2,,,23,23,1,22,,B03,120.565537,24.122675,3
2022,5,25,6,52,臺中市,西屯區,0,2,0,7,1,5,50,4,1,1,4,4,5,7,3,1,10,5,5,2,15,6,2,9,3,4,C03,7,9,1,10,2,11,,6,6,1,22,8,C03,120.640385,24.18365,2
2022,5,25,6,58,臺中市,北屯區,0,2,0,8,2,5,50,14,9,1,5,4,5,7,4,4,5,4,5,2,17,42,2,9,4,5,F01,7,15,8,20,2,16,,42,42,1,20,8,F01,120.713808,24.173395,2
2022,5,25,7,14,臺中市,烏日區,0,1,0,8,1,5,50,4,1,1,5,4,5,7,1,1,10,5,5,2,16,9,3,10,1,1,B03,7,6,1,8,2,6,,9,9,1,21,1,B03,120.625907,24.106109,2
2022,5,25,7,30,臺中市,神岡區,0,2,0,8,1,5,50,14,9,1,5,4,5,7,4,4,5,5,5,1,16,10,2,9,4,1,F01,7,11,8,20,2,16,,10,10,1,15,9,F01,120.655224,24.279546,2
2022,5,25,7,34,臺中市,豐原區,0,2,0,7,1,5,60,4,2,1,5,4,5,7,1,1,3,3,3,1,17,26,2,8,3,4,C03,7,5,1,10,2,11,,26,26,1,22,8,C03,120.726927,24.238227,2
2022,5,25,7,37,臺中市,梧棲區,0,1,0,7,1,5,50,14,8,1,4,4,5,7,1,1,5,5,4,2,17,40,3,10,2,1,B03,7,15,1,8,2,5,,40,40,1,7,8,B03,120.546119,24.244639,2
2022,5,25,7,40,臺中市,潭子區,0,1,0,8,1,5,30,14,9,1,5,4,5,7,4,4,10,5,5,2,9,23,2,9,1,1,C03,7,9,1,10,2,11,,23,23,1,22,8,C03,120.698003,24.218472,2
2022,5,25,7,40,臺中市,霧峰區,0,2,0,8,1,5,50,3,1,1,5,4,5,7,4,4,10,5,5,2,16,23,2,7,1,1,C03,7,9,1,10,2,12,,23,23,1,22,9,C03,120.674673,24.0615,2
2022,5,25,7,50,臺中市,龍井區,0,1,0,7,1,5,40,14,8,1,5,4,5,7,4,4,1,3,1,2,18,23,2,9,1,1,C03,7,9,1,10,2,12,,23,23,1,5,1,C03,120.509441,24.219165,2
2022,5,25,7,51,臺中市,梧棲區,0,2,0,8,1,5,30,4,1,1,4,4,5,7,4,4,10,5,5,2,16,8,2,9,1,1,C03,7,5,1,10,2,14,,8,8,1,9,1,C03,120.530487,24.229247,2
2022,5,25,7,52,臺中市,西屯區,0,1,0,7,2,5,30,11,9,1,4,4,5,7,4,4,10,5,5,2,18,42,,,,,,,,,,,,,67,42,1,,,,120.657575,24.203823,2
2022,5,25,7,58,臺中市,南屯區,0,2,0,8,1,5,50,4,1,1,5,4,5,7,2,1,10,5,5,2,16,8,2,7,1,1,F01,7,5,8,20,2,16,,8,8,1,5,8,F01,120.640702,24.14426,2
2022,5,25,8,0,臺中市,大肚區,0,0,0,8,,,50,,,,,,,,,,,,,,,7,,,,,A31,,,1,,2,,,7,7,1,10,,A31,120.584623,24.114578,3
2022,5,25,8,5,臺中市,沙鹿區,0,0,0,6,1,5,60,14,7,1,4,4,5,7,4,4,2,3,2,1,13,23,,,,,B03,,,1,,2,,,23,23,1,3,,B03,120.572113,24.232797,3
2022,5,25,8,6,臺中市,大里區,0,1,0,7,1,5,50,4,1,1,5,4,5,7,1,1,10,5,5,2,12,23,3,10,1,1,B12,7,9,1,8,2,8,,23,23,1,22,1,B12,120.69469,24.111536,2
2022,5,25,8,8,臺中市,西屯區,0,0,0,8,,,50,,,,,,,,,,,,,,,16,,,,,C03,,,1,,2,,,16,16,1,12,,C03,120.607001,24.160528,3
2022,5,25,8,8,臺中市,大甲區,0,0,0,6,,,50,,,,,,,,,,,,,,,42,,,,,B03,,,3,,2,,,42,42,1,21,,B03,120.647748,24.40532,3
2022,5,25,8,14,臺中市,大里區,0,1,0,8,1,5,50,5,2,1,5,4,5,7,1,1,10,5,5,2,16,25,2,9,3,4,C03,7,6,1,10,3,14,,25,25,1,22,8,C03,120.709769,24.089209,2
2022,5,25,8,15,臺中市,烏日區,0,0,0,,,,50,,,,,,,,,,,,,,,26,,,,,B03,,,1,,2,,,26,26,1,21,,B03,120.613747,24.10299,3
2022,5,25,8,28,臺中市,北區,0,1,0,7,1,5,50,4,1,1,5,4,5,7,2,1,10,5,5,2,12,23,2,7,1,1,C03,7,9,1,10,2,11,,23,23,1,4,8,C03,120.677381,24.165419,2
2022,5,25,8,28,臺中市,大肚區,0,1,0,7,1,5,50,4,2,1,5,4,5,7,4,4,10,5,5,2,16,23,2,8,1,1,C03,7,9,1,10,2,14,,23,23,1,2,1,C03,120.545186,24.15352,2
2022,5,25,8,43,臺中市,南區,0,0,0,,,,50,,,,,,,,,,,,,,,23,,,,,B03,,,1,,2,,,23,23,1,22,,B03,120.665967,24.114104,3
2022,5,25,8,51,臺中市,南屯區,0,0,0,8,,,50,,,,,,,,,,,,,,,17,,,,,B03,,,1,,1,,,17,17,1,22,,B03,120.63617,24.146811,3
2022,5,25,8,55,臺中市,南區,0,1,0,7,1,5,50,4,1,1,5,4,5,7,1,1,10,5,5,2,3,15,3,10,1,1,B03,7,5,1,8,2,8,,15,15,1,21,8,B03,120.668275,24.116869,2