年,月,日,時,分,縣市,區,死,受傷,2-30,天候,光線,道路類別,速限,道路型態,事故位置,路面鋪裝,路面狀態,路面缺陷,障礙物,視距,號誌種類,號誌動作,分向設施,快車道或一般車道間,快慢車道間,路面邊線,事故類型及型態,主要肇因,受傷程度,主要傷處,保護裝備,行動電話,當事者區分,車輛用途,當事者行動狀態,駕駛資格情形,駕駛執照種類,飲酒情形,車輛撞擊部位最初,車輛撞擊部位其他,肇事因素個別,肇事因素主要,肇事逃逸,職業,旅次目的,車種,GPS緯度,GPS經度,事故類別
2022,5,25,8,55,臺中市,北屯區,0,2,0,7,1,5,40,14,16,1,5,4,5,7,4,4,2,5,5,1,13,23,3,10,1,1,A41,1,9,1,1,2,1,,23,23,1,5,8,A41,120.667105,24.201236,2
2022,5,25,9,5,臺中市,北屯區,0,2,0,7,1,5,30,4,1,1,5,4,5,7,4,4,10,5,5,2,15,6,2,9,1,1,C03,7,9,1,10,2,11,,6,6,1,21,8,C03,120.680653,24.179328,2
2022,5,25,9,9,臺中市,太平區,0,1,0,8,1,5,50,4,2,1,5,4,5,7,1,1,10,5,5,2,18,23,2,9,1,1,C03,7,6,1,10,2,14,,23,23,1,5,8,C03,120.72602,24.133707,2
2022,5,25,9,15,臺中市,清水區,0,1,0,7,1,5,50,9,9,1,5,4,5,7,4,4,5,5,5,2,29,23,2,3,1,1,B12,7,9,1,8,2,9,,23,23,1,22,8,B12,120.574437,24.273515,2
2022,5,25,9,21,臺中市,梧棲區,0,1,0,8,1,5,50,4,1,1,4,4,5,7,1,1,10,5,5,2,15,25,2,9,1,1,C03,7,9,3,18,2,11,,25,25,2,9,8,C03,120.534649,24.234241,2
2022,5,25,9,25,臺中市,潭子區,0,1,0,7,1,5,50,4,2,1,4,4,5,7,4,4,10,5,5,1,17,6,3,10,1,1,B03,7,9,1,8,2,8,,6,6,1,22,8,B03,120.704677,24.228314,2
2022,5,25,9,33,臺中市,北區,0,0,0,8,,,50,,,,,,,,,,,,,,,26,,,,,C03,,,1,,11,,,26,26,1,22,,C03,120.697301,24.160702,3
2022,5,25,9,35,臺中市,沙鹿區,0,0,0,6,1,5,50,3,9,1,4,4,5,7,1,1,5,3,5,1,12,9,,,,,B03,,,1,,2,,,9,9,1,3,,B03,120.568734,24.209379,3
2022,5,25,9,36,臺中市,北區,0,0,0,6,,,50,,,,,,,,,,,,,,,19,,,,,F03,,,8,,2,,,19,19,1,22,,F03,120.678743,24.161758,3
2022,5,25,9,37,臺中市,豐原區,0,0,0,6,,,50,,,,,,,,,,,,,,,12,,,,,B12,,,1,,2,,,12,12,1,4,,B12,120.698525,24.245911,3
2022,5,25,9,50,臺中市,神岡區,0,1,0,6,1,5,30,11,9,1,4,4,5,7,4,4,10,5,5,1,11,14,2,9,1,1,C03,7,9,1,10,2,11,,14,14,1,22,8,C03,120.65376,24.277592,2
2022,5,25,9,52,臺中市,北區,0,1,0,6,1,5,50,4,1,1,4,4,5,7,4,4,10,5,5,2,15,6,3,10,1,1,B03,7,9,1,8,2,8,,6,6,1,9,8,B03,120.691357,24.155616,2
2022,5,25,10,0,臺中市,烏日區,0,0,0,8,,,50,,,,,,,,,,,,,,,10,,,,,C03,,,1,,10,,,44,10,1,22,,C03,120.598672,24.109889,3
2022,5,25,10,12,臺中市,烏日區,0,1,0,7,1,5,30,4,1,1,5,4,5,7,4,4,9,5,5,1,16,8,2,9,4,1,F01,7,5,8,20,2,16,,8,8,1,22,8,F01,120.651703,24.041789,2
2022,5,25,10,34,臺中市,西區,0,0,0,8,,,50,,,,,,,,,,,,,,,43,,,,,,,,,,,,,43,43,1,,,,120.669107,24.141394,3
2022,5,25,10,44,臺中市,霧峰區,0,1,0,6,1,5,40,14,9,1,4,4,5,7,4,4,5,2,5,1,13,23,3,10,1,1,C03,7,9,1,10,2,11,,23,23,1,22,9,C03,120.68178,24.065371,2
2022,5,25,10,52,臺中市,西區,0,2,0,6,1,5,30,3,1,1,4,4,5,7,4,4,10,5,5,2,16,6,2,7,1,1,C03,7,5,1,10,2,11,,6,6,1,21,8,C03,120.672875,24.151121,2
2022,5,25,10,52,臺中市,豐原區,0,1,0,6,1,5,50,4,9,1,4,4,5,7,2,1,3,5,5,2,16,25,3,10,3,4,B03,7,5,1,8,2,8,,25,25,1,22,8,B03,120.699207,24.248976,2
2022,5,25,10,54,臺中市,大甲區,0,1,0,6,1,5,30,3,2,1,4,4,5,7,4,4,10,5,5,2,16,17,2,7,1,1,B12,7,6,1,8,1,8,,17,17,1,4,1,B12,120.640125,24.372275,2
2022,5,25,11,0,臺中市,東區,0,0,0,6,,,50,,,,,,,,,,,,,,,7,,,,,C03,,,1,,2,,,7,7,1,22,,C03,120.701198,24.142591,3
2022,5,25,11,0,臺中市,北屯區,0,0,0,6,,,50,,,,,,,,,,,,,,,23,,,,,B03,,,1,,1,,,23,23,1,21,,B03,120.704808,24.169497,3
2022,5,25,11,3,臺中市,大雅區,0,1,0,6,1,5,50,14,8,1,4,4,5,6,4,4,1,4,4,1,17,7,3,10,1,1,B03,7,8,1,8,2,2,,7,7,1,22,8,B03,120.645078,24.225909,2
2022,5,25,11,17,臺中市,梧棲區,0,0,0,8,,,50,,,,,,,,,,,,,,,12,,,,,B03,,,1,,2,,,12,12,1,21,,B03,120.543626,24.245738,3
2022,5,25,11,28,臺中市,北區,0,0,1,6,1,5,50,3,1,1,4,4,5,7,1,1,5,5,4,2,16,6,3,10,1,1,B03,7,5,1,10,2,1,,6,6,1,5,8,B03,120.669247,24.166837,2
2022,5,25,11,40,臺中市,龍井區,0,1,0,6,1,5,40,14,9,1,4,4,5,7,4,4,5,5,5,1,13,16,3,10,1,4,B03,7,9,1,8,2,5,,16,16,1,22,8,B03,120.59379,24.190806,2
2022,5,25,11,45,臺中市,大雅區,0,0,0,8,,,50,,,,,,,,,,,,,,,19,,,,,B12,,,1,,2,,,19,19,1,22,,B12,120.668259,24.21596,3
2022,5,25,11,48,臺中市,東區,0,0,0,6,,,50,,,,,,,,,,,,,,,23,,,,,B03,,,1,8,2,,,23,23,1,21,,B03,120.693796,24.140736,3
2022,5,25,11,50,臺中市,大甲區,0,0,0,6,,,40,,,,,,,,,,,,,,,67,,,,,B12,,,1,,1,,,67,67,1,22,,B12,120.619805,24.346446,3
2022,5,25,11,52,臺中市,沙鹿區,0,1,0,7,1,5,50,3,1,1,3,4,5,7,3,1,5,5,5,2,12,6,3,10,1,1,B12,7,5,1,3,2,4,,6,6,1,10,3,B12,120.560116,24.206867,2
2022,5,25,11,53,臺中市,西屯區,0,1,0,6,1,5,50,4,1,1,4,4,5,7,1,1,10,5,5,2,17,43,2,9,1,1,C03,7,9,1,1,2,13,,43,43,1,22,8,C03,120.606794,24.160184,2
2022,5,25,11,53,臺中市,太平區,0,0,0,6,,,30,,,,,,,,,,,,,,,18,,,,,B03,,,1,,2,,,18,18,1,19,,B03,120.720569,24.119972,3
2022,5,25,11,59,臺中市,龍井區,0,2,0,7,1,5,30,4,1,1,4,4,5,7,4,4,10,5,5,2,16,6,2,9,1,1,C03,7,9,2,18,2,11,,6,6,1,5,7,C03,120.531118,24.187593,2
2022,5,25,12,2,臺中市,梧棲區,0,0,0,8,,,30,,,,,,,,,,,,,,,12,,,,,B03,,,1,,2,,,12,12,1,21,,B03,120.531152,24.267269,3
2022,5,25,12,12,臺中市,大里區,0,1,0,6,1,5,50,4,1,1,4,4,5,7,1,1,10,5,5,2,17,10,3,10,1,1,B03,7,11,1,3,2,15,,10,10,1,22,9,B03,120.693733,24.108906,2
2022,5,25,12,17,臺中市,東勢區,0,2,0,6,1,5,50,14,9,1,4,4,5,7,4,4,9,4,5,1,16,7,2,9,1,1,C03,7,7,1,10,2,14,,7,7,1,22,9,C03,120.838153,24.223498,2
2022,5,25,12,20,臺中市,北區,0,1,0,6,1,5,50,14,9,1,4,4,5,7,4,4,1,4,5,2,17,40,3,10,1,1,B02,7,13,1,8,2,8,,40,40,1,22,8,B02,120.671518,24.172396,2
2022,5,25,12,25,臺中市,大里區,0,1,0,6,1,5,50,3,1,1,4,4,5,7,4,4,10,5,5,2,16,9,3,10,3,4,B03,7,6,1,8,2,5,,9,9,1,21,8,B03,120.692727,24.091959,2
2022,5,25,12,26,臺中市,西區,0,0,0,6,,,50,,,,,,,,,,,,,,,6,,,,,B03,,,1,,1,,,6,6,1,5,,B03,120.656796,24.146133,3
2022,5,25,12,26,臺中市,梧棲區,0,0,0,8,,,50,,,,,,,,,,,,,,,12,,,,,B12,,,1,,2,,,12,12,1,21,,B12,120.526335,24.227743,3
2022,5,25,12,28,臺中市,龍井區,0,0,0,8,,,30,,,,,,,,,,,,,,,23,,,,,B12,,,1,,2,,,23,23,1,10,,B12,120.545962,24.212447,3
2022,5,25,12,30,臺中市,神岡區,0,0,0,6,,,1,,,,,,,,,,,,,,,42,,,,,A12,,,1,,11,,,42,42,1,22,,A12,120.666127,24.257942,3
2022,5,25,12,52,臺中市,霧峰區,0,0,0,6,,,50,,,,,,,,,,,,,,,23,,,,,B03,,,6,,2,,,23,23,1,22,,B03,120.650492,24.086393,3
2022,5,25,12,55,臺中市,清水區,0,2,0,6,1,5,60,14,9,1,4,4,5,7,1,1,1,4,4,1,15,25,2,9,1,1,C03,7,9,1,10,2,11,,25,25,1,5,8,C03,120.545147,24.270174,2
2022,5,25,12,57,臺中市,西區,0,1,0,6,1,5,50,3,1,1,4,4,5,7,4,4,10,5,5,2,16,9,3,10,3,4,B03,7,6,1,8,1,2,,9,9,1,21,8,B03,120.665904,24.156076,2
2022,5,25,13,4,臺中市,大里區,0,1,0,6,1,5,60,14,9,1,4,4,5,7,4,4,1,4,4,1,17,42,2,9,3,4,C03,7,9,1,10,2,15,,42,42,1,22,8,C03,120.688958,24.07693,2
2022,5,25,13,6,臺中市,西屯區,0,1,0,6,1,5,40,14,7,1,4,4,5,7,4,4,5,4,4,2,12,10,3,10,3,4,B03,7,11,1,8,2,3,,10,10,1,22,8,B03,120.635128,24.169475,2
2022,5,25,13,9,臺中市,太平區,0,1,0,6,1,5,50,3,1,1,4,4,5,7,4,4,10,5,5,2,16,6,3,10,1,1,C03,7,5,1,10,2,11,,6,6,1,3,8,C03,120.712981,24.124411,2
2022,5,25,13,11,臺中市,南屯區,0,1,0,6,1,5,30,14,9,1,4,4,5,7,4,4,1,5,5,2,12,19,3,10,1,1,B03,7,1,1,5,2,8,,19,19,1,22,8,B03,120.625395,24.141641,2
2022,5,25,13,13,臺中市,霧峰區,0,0,0,6,,,50,,,,,,,,,,,,,,,6,,,,,B03,,,1,,2,,,6,6,1,22,,B03,120.697894,24.067373,3
2022,5,25,13,17,臺中市,北區,0,1,0,6,1,5,50,14,9,1,4,4,5,7,4,4,5,2,5,2,16,10,3,10,1,1,B03,7,11,1,8,2,4,8,10,10,1,5,8,B03,120.683904,24.157765,2
2022,5,25,13,17,臺中市,南區,0,1,0,6,1,5,50,14,9,1,4,4,5,7,4,4,5,4,5,2,16,26,2,9,1,1,C03,7,5,1,10,2,14,,26,26,1,5,8,C03,120.649106,24.119988,2
2022,5,25,13,17,臺中市,龍井區,0,0,0,6,,,30,,,,,,,,,,,,,,,14,,,,,C03,,,1,,1,,,14,14,1,22,,C03,120.588614,24.182958,3
2022,5,25,13,19,臺中市,西屯區,0,0,0,6,,,50,,,,,,,,,,,,,,,7,,,,,B03,,,1,,1,,,7,7,1,22,,B03,120.651798,24.207279,3
2022,5,25,13,20,臺中市,西區,0,1,0,6,1,5,50,4,1,1,4,4,5,7,1,1,10,5,5,2,15,25,3,10,1,1,B02,7,9,1,8,2,5,,25,25,1,21,8,B02,120.652993,24.15096,2
2022,5,25,13,22,臺中市,東區,0,0,0,,,,50,,,,,,,,,,,,,,,6,,,,,A12,,,1,,2,,,6,6,1,21,,A12,120.685822,24.129763,3
2022,5,25,13,31,臺中市,南屯區,0,1,0,6,1,5,50,4,1,1,4,4,5,7,2,1,1,5,5,2,16,7,3,10,1,1,B03,7,9,1,8,2,2,,23,7,1,22,8,B03,120.640663,24.143866,2
2022,5,25,13,33,臺中市,烏日區,0,1,0,6,1,5,70,4,1,1,4,4,5,7,1,1,10,5,5,2,18,23,2,9,1,1,C03,7,9,1,10,2,11,,23,23,1,21,1,C03,120.603904,24.109671,2
2022,5,25,13,37,臺中市,南屯區,0,0,0,6,,,30,,,,,,,,,,,,,,,23,,,,,B12,,,1,,1,,,23,23,1,22,,B12,120.645011,24.135251,3
2022,5,25,13,47,臺中市,北屯區,0,0,0,,,,50,,,,,,,,,,,,,,,23,,,,,B12,,9,1,8,1,8,,23,23,1,21,8,B12,120.690865,24.172156,3
2022,5,25,13,48,臺中市,東區,0,0,0,,,,50,,,,,,,,,,,,,,,40,,,,,B03,,,1,,2,,,40,40,1,22,,B03,120.688562,24.143159,3
2022,5,25,13,57,臺中市,梧棲區,0,1,0,6,1,5,40,3,1,1,4,4,5,7,1,1,8,3,4,1,14,12,3,10,1,1,B03,7,2,1,8,2,7,,12,12,1,21,8,B03,120.532864,24.260198,2
2022,5,25,14,1,臺中市,西區,0,1,0,6,1,5,5,4,1,1,4,4,5,7,4,4,10,5,5,2,16,23,2,8,1,1,C03,7,9,1,10,1,11,,44,23,1,5,8,C03,120.667898,24.142827,2
2022,5,25,14,5,臺中市,北屯區,0,0,0,6,,,50,,,,,,,,,,,,,,,43,,,,,B03,,,1,,1,,,43,42,1,21,,B03,120.695951,24.164926,3
2022,5,25,14,5,臺中市,大甲區,0,1,0,8,1,5,50,3,1,1,4,4,5,7,4,4,10,5,5,2,18,43,2,7,1,1,C03,7,5,6,18,7,14,12,43,43,1,20,8,C03,120.628885,24.419776,2
2022,5,25,14,11,臺中市,西區,0,0,0,6,,,50,,,,,,,,,,,,,,,6,,,,,B03,,,1,,2,,,6,6,1,19,,B03,120.65682,24.150825,3
2022,5,25,14,35,臺中市,沙鹿區,0,0,0,6,,,50,,,,,,,,,,,,,,,6,,,,,B03,,,1,,2,,,6,6,1,3,,B03,120.55473,24.23155,3
2022,5,25,14,55,臺中市,南區,0,1,0,6,1,5,30,3,1,1,4,4,5,7,4,4,10,5,5,2,11,5,3,10,1,1,C03,7,9,1,10,2,11,,5,5,1,22,8,C03,120.655181,24.117438,2
2022,5,25,14,59,臺中市,清水區,0,2,0,6,1,5,40,14,8,1,4,4,5,7,1,1,1,2,4,2,15,25,2,9,1,1,C03,7,9,1,10,2,11,,25,25,1,5,1,C03,120.572572,24.261972,2
2022,5,25,15,5,臺中市,東區,0,1,0,6,1,5,50,5,1,1,4,4,5,7,1,1,10,5,5,2,17,23,2,8,1,1,C03,7,9,1,10,2,11,,23,23,1,5,8,C03,120.692569,24.146209,2
2022,5,25,15,6,臺中市,南區,0,2,0,6,1,5,50,4,1,1,4,4,5,7,2,1,10,5,5,2,15,25,2,9,1,1,C03,7,9,1,10,2,12,,25,25,1,21,8,C03,120.685066,24.12957,2
2022,5,25,15,11,臺中市,北區,0,0,0,6,,,50,,,,,,,,,,,,,,,12,,,,,B03,,,6,,1,,,12,12,1,5,,B03,120.680831,24.167023,3
2022,5,25,15,30,臺中市,中區,0,2,0,6,1,5,50,3,1,1,4,4,5,7,4,4,10,5,5,2,15,11,2,5,1,1,C03,7,11,1,10,2,12,,11,11,1,19,7,C03,120.678815,24.147178,2
2022,5,25,15,30,臺中市,新社區,0,1,0,6,1,5,50,14,9,1,4,4,5,7,4,4,9,4,5,1,12,19,3,10,1,1,B03,7,1,1,8,2,6,,19,19,1,22,9,B03,120.807504,24.25687,2
2022,5,25,15,43,臺中市,清水區,0,0,0,6,1,5,50,14,9,1,4,4,5,7,3,1,5,5,5,1,16,6,3,10,1,1,B03,7,5,1,8,1,5,,6,6,2,5,1,B03,120.575198,24.264844,3
2022,5,25,15,45,臺中市,中區,0,1,0,6,1,5,50,3,1,1,4,4,5,7,4,4,10,5,5,2,17,6,3,10,3,4,A11,7,6,1,2,2,15,,6,6,1,21,8,A11,120.675064,24.14212,2
2022,5,25,15,46,臺中市,北區,0,0,0,6,,,50,,,,,,,,,,,,,,,6,,,,,B03,,,1,,2,,,6,6,1,22,,B03,120.679622,24.151407,3
2022,5,25,15,46,臺中市,北區,0,1,0,6,1,5,50,14,9,1,4,4,5,7,4,4,1,4,5,2,12,6,2,8,1,1,C03,7,7,1,10,2,14,,6,6,1,5,8,C03,120.675544,24.173399,2
2022,5,25,15,54,臺中市,南區,0,2,0,6,1,5,50,14,9,1,4,4,5,7,4,4,1,5,5,2,18,43,2,9,1,1,C03,7,9,1,10,2,12,,43,43,1,21,8,C03,120.671589,24.127779,2
2022,5,25,16,1,臺中市,大雅區,0,0,0,6,,,50,,,,,,,,,,,,,,,23,,,,,A02,,,1,,2,,,23,23,1,22,,A02,120.650221,24.211854,3
2022,5,25,16,2,臺中市,西屯區,0,0,0,6,,,40,,,,,,,,,,,,,,,23,,,,,B03,,,1,,1,,,23,23,1,22,,B03,120.588021,24.186038,3
2022,5,25,16,2,臺中市,太平區,0,1,0,6,1,5,50,4,1,1,4,4,5,7,3,1,5,5,5,1,18,42,2,9,1,1,C03,7,9,1,10,2,14,,42,42,1,3,8,C03,120.723077,24.142281,2
2022,5,25,16,8,臺中市,北區,0,0,0,,,,50,,,,,,,,,,,,,,,9,,,,,B03,,,1,,2,,,9,9,1,5,,B03,120.685169,24.166985,3
2022,5,25,16,10,臺中市,大里區,0,0,0,6,,,50,,,,,,,,,,,,,,,11,,,,,C03,,,1,,2,,,11,11,1,22,,C03,120.692168,24.091081,3
2022,5,25,16,10,臺中市,豐原區,0,0,0,6,,,50,,,,,,,,,,,,,,,23,,,,,A12,,,1,,2,,,23,23,1,21,,A12,120.754666,24.274315,3
2022,5,25,16,15,臺中市,神岡區,0,1,0,6,1,5,60,5,1,1,4,4,5,7,1,1,1,4,4,1,17,25,3,10,1,1,A12,7,5,1,3,2,15,,25,25,1,22,8,A12,120.694705,24.232634,2
2022,5,25,16,23,臺中市,西屯區,0,0,0,6,,,50,,,,,,,,,,,,,,,7,,,,,B01,,,1,,1,,,7,7,1,4,,B01,120.624865,24.178406,3
2022,5,25,16,26,臺中市,西屯區,0,0,0,6,,,50,,,,,,,,,,,,,,,7,,,,,B03,,,1,,1,,,7,7,1,22,,B03,120.635136,24.181825,3
2022,5,25,16,30,臺中市,大里區,0,0,0,8,,,50,,,,,,,,,,,,,,,23,,,,,B12,,,1,,2,,,23,23,1,9,,B12,120.686444,24.088528,3
2022,5,25,16,32,臺中市,西屯區,0,1,0,6,1,5,30,14,9,1,4,4,5,7,4,4,10,5,5,2,12,40,3,10,3,4,B03,7,13,1,8,1,4,,40,40,1,22,8,B03,120.613466,24.186203,2
2022,5,25,16,39,臺中市,北屯區,0,0,0,6,,,50,,,,,,,,,,,,,,,16,,,,,B03,,,1,,1,,,16,16,1,22,,B03,120.699976,24.182446,3
2022,5,25,16,39,臺中市,太平區,0,1,0,6,1,5,50,3,1,1,4,4,5,7,4,4,10,5,5,2,16,6,3,10,1,1,B03,7,5,1,8,2,4,,6,6,1,21,8,B03,120.729451,24.127067,2
2022,5,25,16,46,臺中市,南區,0,0,0,,,,50,,,,,,,,,,,,,,,23,,,,,B03,,,1,,2,,,44,23,1,22,,B03,120.651991,24.121899,3
2022,5,25,16,50,臺中市,霧峰區,0,0,0,6,,,30,,,,,,,,,,,,,,,17,,,,,B12,,,1,,2,,,17,17,1,12,,B12,120.699773,24.064895,3
2022,5,25,16,50,臺中市,龍井區,0,2,0,6,1,5,50,4,2,1,4,4,5,7,1,1,10,5,5,2,3,23,2,9,1,1,C01,7,9,1,9,2,11,,23,23,1,9,1,C01,120.551857,24.213393,2
2022,5,25,16,54,臺中市,太平區,0,0,0,6,,,80,,,,,,,,,,,,,,,23,,,,,B12,,,1,,2,,,23,23,1,3,,B12,120.716488,24.153533,3
2022,5,25,16,58,臺中市,西區,0,0,0,6,,,50,,,,,,,,,,,,,,,19,,,,,B02,,,1,,2,,,19,19,1,4,,B02,120.660186,24.146726,3
2022,5,25,16,58,臺中市,大里區,0,2,0,8,1,5,50,14,8,1,5,4,5,7,4,4,9,5,4,1,13,19,2,9,1,1,C03,7,1,1,10,2,13,,19,19,1,22,8,C03,120.703758,24.093468,2
2022,5,25,16,59,臺中市,梧棲區,0,1,0,6,1,5,50,4,1,1,4,4,5,7,4,4,10,5,5,2,16,10,3,10,1,1,B11,7,11,1,4,2,5,,10,10,1,10,8,B11,120.537079,24.261289,2
2022,5,25,17,0,臺中市,潭子區,0,0,0,8,,,50,,,,,,,,,,,,,,,23,,,,,B12,,,1,,2,,,23,23,1,22,,B12,120.719546,24.218027,3
2022,5,25,17,0,臺中市,大甲區,0,1,0,6,1,5,50,4,1,1,4,4,5,7,4,4,9,5,5,2,16,6,3,10,1,1,B03,7,9,1,8,2,6,,6,6,1,21,8,B03,120.644955,24.406278,2
2022,5,25,17,7,臺中市,大里區,0,1,0,6,1,5,30,14,9,1,4,4,5,7,4,4,10,5,5,1,14,12,3,10,1,1,B12,7,2,1,8,2,3,,12,12,1,5,8,B12,120.665816,24.09975,2
2022,5,25,17,12,臺中市,大雅區,0,0,0,6,,,30,,,,,,,,,,,,,,,5,,,,,B03,,,3,,2,,,5,5,1,22,,B03,120.656345,24.217483,3
2022,5,25,17,14,臺中市,東勢區,0,1,0,6,1,5,60,5,2,1,4,4,5,7,1,1,5,5,5,1,17,25,3,10,3,4,B03,7,5,1,8,2,8,,44,25,1,22,8,B03,120.8117,24.30385,2
2022,5,25,17,16,臺中市,大甲區,0,0,0,6,,,50,,,,,,,,,,,,,,,23,,,,,C03,,,1,,2,,,23,23,1,4,,C03,120.659056,24.397533,3
2022,5,25,17,25,臺中市,大里區,0,0,0,8,,,80,,,,,,,,,,,,,,,23,,,,,B03,,,1,,2,,,23,23,1,9,,B03,120.682391,24.082588,3
2022,5,25,17,28,臺中市,南區,0,0,0,8,,,50,,,,,,,,,,,,,,,8,,,,,B03,,,1,,2,,,8,8,1,22,,B03,120.683924,24.125638,3
2022,5,25,17,30,臺中市,大里區,0,1,0,6,2,5,50,4,2,1,4,4,5,7,1,1,9,4,5,1,12,17,3,10,1,1,B12,7,4,1,8,2,5,,17,17,2,12,8,B12,120.690064,24.092694,2
2022,5,25,17,34,臺中市,大雅區,0,0,0,6,,,50,,,,,,,,,,,,,,,23,,,,,B03,,,1,,2,,,23,23,1,22,,B03,120.644525,24.2048,3
2022,5,25,17,34,臺中市,北屯區,0,0,0,6,,,80,,,,,,,,,,,,,,,16,,,,,B01,,,1,,2,,,16,16,1,10,,B01,120.71881,24.163381,3
2022,5,25,17,36,臺中市,西屯區,0,1,0,6,2,5,50,14,7,1,4,4,5,7,4,4,5,4,4,2,17,23,2,9,1,1,C03,7,9,1,10,1,14,,23,23,1,4,8,C03,120.633591,24.169846,2
2022,5,25,17,37,臺中市,大里區,0,1,0,7,1,5,50,4,1,1,4,4,5,7,1,1,5,4,4,1,12,9,3,10,1,1,B03,7,6,1,8,2,5,,9,9,1,22,8,B03,120.674495,24.097661,2
2022,5,25,17,47,臺中市,霧峰區,0,1,0,6,1,5,40,4,1,1,4,4,5,7,1,1,1,4,4,1,16,9,3,10,1,1,B12,7,6,1,8,2,5,,9,9,1,22,8,B12,120.703756,24.093363,2
2022,5,25,17,48,臺中市,南屯區,0,0,0,6,,,50,,,,,,,,,,,,,,,6,,,,,B03,,,1,,1,,,6,6,1,4,,B03,120.63625,24.151284,3
2022,5,25,17,51,臺中市,大雅區,0,1,0,6,1,5,30,11,9,1,4,4,5,6,4,4,10,5,5,2,17,9,3,10,1,1,B03,7,6,1,8,2,8,,9,9,1,22,8,B03,120.641666,24.227849,2
2022,5,25,17,51,臺中市,梧棲區,0,0,0,6,,,40,,,,,,,,,,,,,,,23,,,,,B03,,,1,,1,,,23,23,1,12,,B03,120.526314,24.22244,3
2022,5,25,17,55,臺中市,霧峰區,0,1,0,8,2,5,50,4,1,1,5,4,5,7,4,4,10,5,5,2,18,23,2,9,1,1,C03,7,9,2,18,2,14,,23,23,1,9,8,C03,120.700067,24.069486,2
2022,5,25,17,55,臺中市,清水區,0,1,0,6,3,5,40,14,8,1,4,4,5,7,1,1,1,4,4,1,16,6,3,10,1,1,B03,7,6,1,8,2,2,,6,6,1,5,1,B03,120.575202,24.278148,2
2022,5,25,18,0,臺中市,西屯區,0,0,0,6,,,40,,,,,,,,,,,,,,,42,,,,,B03,,,1,,1,,,44,42,1,22,,B03,120.644603,24.194155,3
2022,5,25,18,15,臺中市,梧棲區,0,1,0,6,1,5,50,14,9,1,4,4,5,7,4,4,5,5,5,1,17,10,3,10,1,1,B03,7,11,1,8,2,8,,10,10,1,12,8,B03,120.543798,24.26008,2
2022,5,25,18,15,臺中市,豐原區,0,1,0,6,3,5,50,4,9,1,4,4,5,7,4,4,5,5,5,2,17,23,3,10,3,4,B03,7,5,1,8,2,8,,23,23,1,22,8,B03,120.713935,24.249236,2
2022,5,25,18,16,臺中市,北區,0,0,0,8,,,40,,,,,,,,,,,,,,,6,,,,,F01,,,8,,1,,,6,6,1,21,,F01,120.680408,24.14836,3
2022,5,25,18,19,臺中市,西區,0,1,0,6,3,5,50,3,2,1,4,4,5,7,1,1,5,4,5,2,18,42,2,9,3,4,C03,7,15,1,10,2,12,,42,42,1,21,8,C03,120.669815,24.146711,2
2022,5,25,18,24,臺中市,大里區,0,1,0,6,3,5,50,3,2,1,4,4,5,7,3,1,10,5,5,1,16,19,3,10,1,1,B03,7,1,1,8,2,1,,19,19,1,5,8,B03,120.701094,24.110551,2
2022,5,25,18,28,臺中市,大甲區,0,1,0,6,2,5,50,14,8,1,4,4,5,7,4,4,10,5,5,2,16,10,3,10,1,1,B12,7,11,1,8,2,4,,10,10,1,4,1,B12,120.611998,24.348055,2
2022,5,25,18,30,臺中市,霧峰區,0,1,0,6,2,5,40,4,1,1,4,4,5,7,4,4,10,5,5,2,16,23,3,10,1,1,B03,7,9,1,8,2,2,,23,23,1,12,8,B03,120.682421,24.06539,2
2022,5,25,18,32,臺中市,烏日區,0,1,0,6,3,5,50,4,1,1,4,4,5,7,2,1,10,5,5,2,16,9,3,10,1,1,B03,7,6,1,8,2,6,,9,9,1,21,1,B03,120.597933,24.110172,2
2022,5,25,18,37,臺中市,大雅區,0,0,0,6,,,50,,,,,,,,,,,,,,,12,,,,,B01,,,1,,2,,,12,12,1,22,,B01,120.656417,24.220458,3
2022,5,25,18,39,臺中市,豐原區,0,1,0,6,3,5,50,3,1,1,4,4,5,7,4,4,10,5,5,1,17,19,3,10,1,1,B03,7,1,1,8,2,4,,19,19,1,21,8,B03,120.731562,24.250114,2
2022,5,25,19,19,臺中市,潭子區,0,1,0,6,3,5,60,3,1,1,4,4,5,7,1,1,1,4,4,1,16,6,3,10,1,1,B03,7,6,1,8,2,6,,6,6,1,22,9,B03,120.708263,24.228798,2
2022,5,25,19,25,臺中市,梧棲區,0,0,0,6,,,50,,,,,,,,,,,,,,,6,,,,,B03,,,1,,2,,,6,6,1,12,,B03,120.539388,24.261773,3
2022,5,25,19,34,臺中市,南屯區,0,0,0,,,,50,,,,,,,,,,,,,,,23,,,,,C03,,,1,,2,,,23,23,1,22,,C03,120.646632,24.143832,3
2022,5,25,19,34,臺中市,西屯區,0,1,0,6,2,5,50,14,8,1,4,4,5,7,4,4,9,5,5,2,18,43,2,9,1,1,C03,7,9,1,10,2,14,,43,43,1,22,8,C03,120.611288,24.165633,2