年,月,日,時,分,縣市,區,死,受傷,2-30,天候,光線,道路類別,速限,道路型態,事故位置,路面鋪裝,路面狀態,路面缺陷,障礙物,視距,號誌種類,號誌動作,分向設施,快車道或一般車道間,快慢車道間,路面邊線,事故類型及型態,主要肇因,受傷程度,主要傷處,保護裝備,行動電話,當事者區分,車輛用途,當事者行動狀態,駕駛資格情形,駕駛執照種類,飲酒情形,車輛撞擊部位最初,車輛撞擊部位其他,肇事因素個別,肇事因素主要,肇事逃逸,職業,旅次目的,車種,GPS緯度,GPS經度,事故類別
2022,5,25,19,40,臺中市,北屯區,0,2,0,8,1,5,50,14,9,1,4,4,5,7,4,4,9,4,5,2,17,16,2,9,1,1,C03,7,9,1,10,2,12,11,16,16,1,5,8,C03,120.665784,24.186368,2
2022,5,25,19,45,臺中市,西屯區,0,1,0,6,3,5,50,14,9,1,4,4,5,7,4,4,5,5,5,2,17,19,3,10,1,1,B03,7,1,1,8,2,15,,19,19,1,4,8,B03,120.659257,24.161435,2
2022,5,25,19,55,臺中市,南區,0,0,0,6,,,30,,,,,,,,,,,,,,,12,,,,,B03,,,1,,2,,,12,12,1,22,,B03,120.66724,24.115598,3
2022,5,25,20,0,臺中市,潭子區,0,0,0,6,,,50,,,,,,,,,,,,,,,42,,,,,A11,,,1,,2,,,42,42,1,22,,A11,120.709077,24.206492,3
2022,5,25,20,2,臺中市,北區,0,1,0,6,3,5,50,3,1,1,4,4,5,7,4,4,5,5,4,2,18,23,2,9,1,1,C03,7,9,1,10,2,12,,23,23,1,22,9,C03,120.670493,24.158453,2
2022,5,25,20,5,臺中市,潭子區,0,1,0,6,3,5,60,14,8,1,4,4,5,7,4,4,1,4,4,1,13,23,2,9,1,1,C03,7,9,1,10,2,11,,23,23,1,22,9,C03,120.705006,24.214442,2
2022,5,25,20,8,臺中市,南屯區,0,2,0,6,3,5,50,14,7,1,4,4,5,7,4,4,9,5,4,2,16,10,2,8,1,1,C03,7,11,1,10,2,14,,10,10,1,4,4,C03,120.647256,24.15381,2
2022,5,25,20,14,臺中市,豐原區,0,1,0,6,3,5,40,14,7,1,4,4,5,7,4,4,5,4,4,2,12,10,3,10,1,1,B03,7,11,1,8,2,8,,10,10,1,22,8,B03,120.733691,24.25225,2
2022,5,25,20,23,臺中市,南區,0,0,0,6,,,50,,,,,,,,,,,,,,,7,,,,,B03,,,1,,2,,,7,7,1,22,,B03,120.662701,24.123531,3
2022,5,25,20,30,臺中市,霧峰區,0,1,0,6,3,5,50,4,1,1,4,4,5,7,1,1,9,5,5,1,17,25,3,10,1,1,B03,7,9,1,1,2,15,,25,25,1,22,8,B03,120.662636,24.059936,2
2022,5,25,20,42,臺中市,西區,0,1,0,6,3,5,50,4,1,1,4,4,5,7,1,1,10,5,5,2,3,23,3,10,1,1,B03,7,5,1,8,2,1,,23,23,1,4,5,B03,120.661687,24.152547,2
2022,5,25,20,43,臺中市,北屯區,0,0,0,6,,,50,,,,,,,,,,,,,,,16,,,,,B12,,,1,,2,,,16,16,1,22,,B12,120.686373,24.201045,3
2022,5,25,20,45,臺中市,霧峰區,0,0,0,6,,,50,,,,,,,,,,,,,,,44,,,,,B03,,,1,,2,,,44,44,1,9,,B03,120.685178,24.065585,3
2022,5,25,21,3,臺中市,清水區,0,0,0,6,3,5,40,15,7,1,4,4,5,7,4,4,5,4,4,2,12,19,3,10,1,1,B03,7,1,1,8,2,8,,19,19,1,5,5,B03,120.550847,24.261582,3
2022,5,25,21,20,臺中市,潭子區,0,0,0,6,4,5,30,4,1,1,4,4,5,7,4,4,10,5,5,2,15,6,3,10,1,1,B03,7,9,1,8,2,4,,6,6,1,22,8,B03,120.693387,24.217543,3
2022,5,25,21,42,臺中市,西屯區,0,0,0,6,,,30,,,,,,,,,,,,,,,23,,,,,B02,,,1,,2,,,23,23,1,22,,B02,120.651768,24.165119,3
2022,5,25,21,47,臺中市,豐原區,0,1,0,6,3,5,30,4,1,1,4,4,5,7,4,4,10,5,5,2,17,6,3,10,1,1,B03,7,9,1,8,2,5,,6,6,1,22,8,B03,120.709942,24.252661,2
2022,5,25,22,10,臺中市,西區,0,1,0,6,3,5,40,4,1,1,4,4,5,7,1,1,10,5,5,2,18,23,2,9,1,1,C03,7,9,1,10,2,12,,23,23,1,21,1,C03,120.662378,24.155443,2
2022,5,25,22,15,臺中市,西屯區,0,1,0,6,3,5,30,14,9,1,4,4,5,7,4,4,5,5,5,2,14,12,3,10,1,1,B03,7,2,1,8,2,3,,12,12,1,4,8,B03,120.643993,24.19066,2
2022,5,25,22,53,臺中市,沙鹿區,0,1,0,6,3,5,40,4,1,1,4,4,5,7,2,1,10,5,5,2,16,25,2,9,1,1,C03,7,9,1,10,2,11,,25,25,1,18,5,C03,120.580758,24.201702,2
2022,5,25,23,18,臺中市,清水區,0,1,0,6,3,5,30,4,1,1,4,4,5,7,4,4,5,4,5,1,16,6,2,9,1,1,C03,7,9,1,10,2,12,,6,6,1,5,5,C03,120.549926,24.270879,2
2022,5,25,23,20,臺中市,南屯區,0,0,0,8,,,50,,,,,,,,,,,,,,,12,,,,,B12,,,1,,2,,,12,12,1,22,,B12,120.612204,24.136795,3
2022,5,26,0,0,臺中市,大雅區,0,0,0,8,,,50,,,,,,,,,,,,,,,7,,,,,B03,,,1,,2,,,7,7,1,22,,B03,120.66759,24.21573,3
2022,5,26,1,27,臺中市,北屯區,0,1,0,7,3,5,50,14,7,1,4,4,5,7,4,4,1,4,4,2,16,19,3,10,1,1,B03,7,1,1,8,2,4,,19,19,1,22,8,B03,120.665735,24.182585,2
2022,5,26,2,15,臺中市,北屯區,0,2,0,6,3,5,50,14,7,1,4,4,5,7,4,4,5,5,4,2,9,51,2,9,1,1,H01,8,16,8,20,10,16,,51,51,1,22,8,H01,120.694684,24.173045,2
2022,5,26,3,34,臺中市,西區,0,1,0,7,3,5,50,14,9,1,4,4,5,7,4,4,5,4,5,2,18,42,2,8,1,1,C03,7,1,3,18,8,14,,42,42,1,21,8,C03,120.65648,24.146821,2
2022,5,26,4,50,臺中市,沙鹿區,0,0,0,,,,30,,,,,,,,,,,,,,,23,,,,,B03,,,1,,9,,,23,23,1,22,,B03,120.567191,24.247708,3
2022,5,26,5,2,臺中市,大里區,0,1,0,6,2,5,60,4,2,1,4,4,5,7,1,1,10,5,5,2,18,42,2,9,1,1,C03,7,9,1,10,2,12,,42,42,1,21,1,C03,120.674786,24.10262,2
2022,5,26,5,11,臺中市,北屯區,0,1,0,6,2,5,50,14,8,1,4,4,5,7,4,4,1,4,4,2,17,13,2,8,1,1,B03,7,12,1,8,2,1,,13,13,1,22,1,B03,120.665423,24.183472,2
2022,5,26,6,35,臺中市,太平區,0,1,0,6,1,5,50,4,1,1,4,4,5,7,1,1,10,5,5,2,15,25,2,9,1,1,C03,7,9,1,10,2,11,,25,25,1,21,8,C03,120.715287,24.158896,2
2022,5,26,6,52,臺中市,沙鹿區,0,1,0,6,1,5,50,4,1,1,4,4,5,7,4,4,10,5,5,2,15,6,3,10,1,1,B12,7,9,1,8,2,1,,6,6,1,9,9,B12,120.57232,24.260018,2
2022,5,26,7,3,臺中市,大雅區,0,1,0,6,1,5,50,3,2,1,4,4,5,6,1,1,1,4,5,1,17,16,2,8,1,1,C03,7,9,1,10,2,12,,16,16,1,22,8,C03,120.647372,24.22106,2
2022,5,26,7,8,臺中市,大雅區,0,1,0,6,1,5,30,5,1,1,4,4,5,7,1,1,1,4,5,1,17,23,2,9,1,1,C03,7,9,3,18,2,11,,23,23,1,22,9,C03,120.630658,24.240688,2
2022,5,26,7,12,臺中市,新社區,0,2,0,6,1,5,50,4,2,1,4,4,5,7,3,1,4,4,5,2,16,6,2,9,1,1,B12,7,9,1,8,1,1,,6,6,1,22,9,B12,120.812342,24.202752,2
2022,5,26,7,12,臺中市,神岡區,0,0,0,6,,,50,,,,,,,,,,,,,,,12,,,,,B03,,,1,,2,,,12,12,1,22,,B03,120.66066,24.258992,3
2022,5,26,7,15,臺中市,北屯區,0,0,0,6,,,80,,,,,,,,,,,,,,,16,,,,,B03,,,1,,2,,,16,16,1,4,,B03,120.7208,24.173,3
2022,5,26,7,26,臺中市,潭子區,0,0,0,6,1,5,50,3,2,1,4,4,5,7,1,1,5,2,4,1,12,26,,,,,B03,,,1,,2,,,26,26,1,22,,B03,120.72312,24.214866,3
2022,5,26,7,27,臺中市,北屯區,0,1,0,6,1,5,50,4,1,1,4,4,5,7,1,1,10,5,5,2,16,26,3,10,1,1,B12,7,6,1,8,2,2,,26,26,1,10,1,B12,120.682121,24.185431,2
2022,5,26,7,27,臺中市,北屯區,0,0,0,6,,,50,,,,,,,,,,,,,,,42,,,,,B03,,,1,,2,,,42,42,1,5,,B03,120.687881,24.175648,3
2022,5,26,7,42,臺中市,西區,0,0,0,8,,,50,,,,,,,,,,,,,,,23,,,,,C03,,,1,,1,,,23,23,1,22,,C03,120.651322,24.147729,3
2022,5,26,7,42,臺中市,東區,0,0,0,,,,50,,,,,,,,,,,,,,,10,,,,,B12,,,1,,2,,,10,10,1,21,,B12,120.699956,24.140549,3
2022,5,26,7,45,臺中市,西區,0,1,0,7,1,5,5,4,18,1,4,4,5,7,4,4,10,5,5,2,3,15,3,10,1,1,B12,7,11,1,8,2,8,,15,15,1,4,8,B12,120.660775,24.14661,2
2022,5,26,7,46,臺中市,龍井區,0,0,0,6,,,40,,,,,,,,,,,,,,,17,,,,,B03,,,1,,2,,,17,17,1,21,,B03,120.524019,24.208778,3
2022,5,26,7,52,臺中市,西區,0,2,0,8,2,5,50,4,1,1,4,4,5,7,1,1,10,5,5,2,15,25,2,9,1,1,C03,7,9,1,10,2,11,,25,25,1,5,9,C03,120.667688,24.150865,2
2022,5,26,7,57,臺中市,南屯區,0,2,0,7,1,5,50,3,2,1,4,4,3,5,4,4,5,5,4,2,3,51,2,9,4,5,H01,8,18,8,20,2,16,,51,51,1,10,4,H01,120.61102,24.14549,2
2022,5,26,8,0,臺中市,霧峰區,0,1,0,7,1,5,40,14,9,1,5,4,5,7,4,4,9,5,5,1,16,19,3,10,1,1,B03,7,1,1,8,2,4,,19,19,1,11,8,B03,120.665782,24.060208,2
2022,5,26,8,2,臺中市,西屯區,0,0,0,6,,,50,,,,,,,,,,,,,,,26,,,,,B03,,,1,,1,,,26,26,1,22,,B03,120.639491,24.18494,3
2022,5,26,8,14,臺中市,東區,0,2,0,8,1,5,50,3,1,1,5,4,5,7,4,4,5,4,5,2,16,26,2,9,1,1,F03,7,5,8,20,2,16,,26,26,1,22,8,F03,120.698569,24.144769,2
2022,5,26,8,14,臺中市,南屯區,0,0,0,8,1,5,50,14,8,1,5,4,5,7,4,4,9,5,4,2,14,12,3,10,1,1,B03,7,2,1,7,1,2,,12,12,2,9,1,B03,120.61167,24.147798,3
2022,5,26,8,15,臺中市,北屯區,0,0,0,6,,,50,,,,,,,,,,,,,,,23,,,,,C03,,,1,,2,,,23,23,1,9,,C03,120.686121,24.17995,3
2022,5,26,8,18,臺中市,西區,0,1,0,7,1,5,60,4,1,1,5,4,5,7,4,4,1,4,1,2,13,23,2,8,3,4,B03,7,9,1,8,2,1,,23,23,1,21,8,B03,120.660876,24.156341,2
2022,5,26,8,20,臺中市,南區,0,2,0,7,1,5,50,4,1,1,4,4,5,7,2,1,10,5,5,2,13,23,2,9,1,1,C03,7,9,1,10,2,11,,23,23,1,21,1,C03,120.679525,24.118788,2
2022,5,26,8,23,臺中市,南區,0,2,0,7,1,5,50,4,2,1,5,4,5,7,1,1,10,5,5,2,17,13,2,7,1,1,C03,7,9,3,18,2,14,11,13,13,1,18,8,C03,120.662685,24.127648,2
2022,5,26,8,30,臺中市,大甲區,0,1,0,6,1,5,70,14,8,1,4,4,5,7,3,1,1,4,4,1,17,42,3,10,1,1,B12,7,3,1,8,2,3,,42,42,1,4,8,B12,120.643448,24.411514,2
2022,5,26,8,33,臺中市,太平區,0,2,0,7,1,5,50,3,1,1,4,4,5,7,4,4,10,5,5,2,16,4,2,9,4,1,F01,7,5,8,20,1,16,,4,4,1,3,8,F01,120.719333,24.120832,2
2022,5,26,8,37,臺中市,大里區,0,0,0,6,,,50,,,,,,,,,,,,,,,17,,,,,A12,,,1,,2,,,17,17,1,21,,A12,120.6911,24.107776,3
2022,5,26,9,5,臺中市,北屯區,0,2,0,8,1,5,50,3,1,1,4,4,5,7,4,4,10,5,5,2,16,6,2,9,1,1,F03,7,5,8,20,2,16,,6,6,1,20,8,F03,120.6905,24.1776,2
2022,5,26,9,10,臺中市,東勢區,0,1,0,8,1,5,50,5,2,1,5,4,5,7,1,1,4,3,4,1,16,23,3,10,1,1,B12,7,9,1,8,2,2,,23,23,1,22,9,B12,120.832357,24.246711,2
2022,5,26,9,12,臺中市,西區,0,1,0,8,1,5,50,4,1,1,5,4,5,7,2,1,10,5,5,2,18,23,2,8,1,1,C03,7,9,1,10,2,14,,23,23,1,4,8,C03,120.666736,24.141067,2
2022,5,26,9,20,臺中市,北區,0,1,0,8,1,5,40,3,8,1,5,4,5,7,4,4,3,4,4,2,13,16,2,9,1,1,C03,7,9,1,10,11,11,,16,16,1,22,9,C03,120.67402,24.16398,2
2022,5,26,9,25,臺中市,大肚區,0,0,0,8,,,50,,,,,,,,,,,,,,,23,,,,,B12,,,1,,2,,,23,23,1,10,,B12,120.558177,24.127184,3
2022,5,26,9,30,臺中市,梧棲區,0,1,0,8,1,5,30,4,8,1,5,4,5,7,4,4,8,3,2,1,16,9,3,10,1,1,B03,7,6,1,8,2,2,,9,9,1,21,8,B03,120.522943,24.248612,2
2022,5,26,9,40,臺中市,東區,0,0,0,,,,30,,,,,,,,,,,,,,,38,,,,,B03,,,1,,2,,,38,38,1,21,,B03,120.69581,24.130457,3
2022,5,26,9,44,臺中市,大里區,0,0,0,7,1,5,50,14,13,1,5,4,5,7,4,4,5,5,4,1,17,23,,,,,B03,,,1,,1,,,23,23,1,4,,B03,120.705566,24.095542,3
2022,5,26,9,44,臺中市,龍井區,0,0,0,8,,,60,,,,,,,,,,,,,,,23,,,,,B12,,,4,,1,,,23,23,1,22,,B12,120.577118,24.177244,3
2022,5,26,9,46,臺中市,北屯區,0,1,0,8,1,5,50,14,7,1,5,4,5,7,4,4,9,5,4,2,16,19,3,10,1,1,B12,7,1,1,8,2,2,,19,19,1,5,8,B12,120.723955,24.172293,2
2022,5,26,9,49,臺中市,大里區,0,0,0,6,,,50,,,,,,,,,,,,,,,42,,,,,B03,,,1,,2,,,42,42,1,22,,B03,120.674563,24.103228,3
2022,5,26,9,49,臺中市,烏日區,0,1,0,8,1,5,50,4,1,1,5,4,5,7,1,1,10,5,5,2,17,8,2,9,1,1,C03,7,5,1,10,2,14,,8,8,1,19,8,C03,120.627575,24.103778,2
2022,5,26,9,55,臺中市,梧棲區,0,0,0,,,,30,,,,,,,,,,,,,,,12,,,,,B03,,,1,,2,,,12,12,1,21,,B03,120.538406,24.248603,3
2022,5,26,9,56,臺中市,大肚區,0,1,0,8,1,5,50,14,9,1,5,4,5,7,4,4,9,5,5,1,17,23,2,9,3,4,C03,7,9,4,11,2,11,,23,23,1,22,9,C03,120.577488,24.165747,2
2022,5,26,9,56,臺中市,龍井區,0,0,0,8,,,30,,,,,,,,,,,,,,,42,,,,,C03,,,1,,2,,,42,42,1,22,,C03,120.581893,24.176974,3
2022,5,26,10,1,臺中市,梧棲區,0,0,0,8,,,60,,,,,,,,,,,,,,,23,,,,,B03,,,1,,9,,,23,23,1,9,,B03,120.536158,24.250226,3
2022,5,26,10,8,臺中市,外埔區,0,0,0,,,,50,,,,,,,,,,,,,,,7,,,,,A03,,,1,,2,,,7,7,1,10,,A03,120.655791,24.332294,3
2022,5,26,10,10,臺中市,東區,0,0,0,,,,50,,,,,,,,,,,,,,,12,,,,,B03,,,1,,2,,,44,12,1,22,,B03,120.693497,24.142672,3
2022,5,26,10,10,臺中市,西屯區,0,0,0,8,,,1,,,,,,,,,,,,,,,23,,,,,C03,,,1,,2,,,23,23,1,21,,C03,120.639599,24.15893,4
2022,5,26,10,12,臺中市,霧峰區,0,2,0,8,1,5,50,11,8,1,5,4,5,7,4,4,9,4,4,1,12,17,2,9,1,1,C03,7,9,1,10,2,14,12,17,17,1,22,9,C03,120.693488,24.072924,2
2022,5,26,10,14,臺中市,中區,0,0,0,8,,,50,,,,,,,,,,,,,,,42,,,,,A02,,,1,,2,,,42,42,1,10,,A02,120.682169,24.136149,3
2022,5,26,10,15,臺中市,南屯區,0,0,0,8,1,5,60,4,1,1,5,4,5,7,2,1,10,5,5,2,12,26,3,10,1,1,B12,7,9,1,8,1,5,,26,26,1,9,4,B12,120.615268,24.14779,3
2022,5,26,10,25,臺中市,南區,0,1,0,7,1,5,50,14,9,1,5,4,5,7,4,4,5,5,5,2,17,23,2,9,1,1,C03,7,15,1,10,2,11,,23,23,1,21,8,C03,120.665085,24.121878,2
2022,5,26,10,27,臺中市,西區,0,1,0,7,1,5,40,14,7,1,5,4,5,7,4,4,9,4,4,2,16,42,2,5,3,4,C03,7,5,1,10,2,14,,42,42,1,21,8,C03,120.666206,24.132189,2
2022,5,26,10,35,臺中市,霧峰區,0,0,0,7,1,5,50,14,9,1,5,4,5,7,4,4,5,5,4,2,13,23,,,,,B12,,,1,,2,,,23,23,1,10,,B12,120.698542,24.059369,3
2022,5,26,10,37,臺中市,東區,0,1,0,8,1,5,50,4,1,1,5,4,5,7,1,1,10,5,5,2,2,15,3,10,1,1,B03,7,5,1,8,2,1,,15,15,1,22,8,B03,120.702163,24.139069,2
2022,5,26,10,37,臺中市,沙鹿區,0,1,0,8,1,5,50,14,7,1,5,4,5,7,4,4,9,5,4,2,17,19,3,10,1,1,B03,7,1,1,8,2,7,,19,19,1,21,8,B03,120.57959,24.217635,2
2022,5,26,10,44,臺中市,大里區,0,0,0,8,,,40,,,,,,,,,,,,,,,23,,,,,B03,,,1,,2,,,23,23,1,22,,B03,120.696035,24.110274,3
2022,5,26,10,47,臺中市,南區,0,0,0,8,,,50,,,,,,,,,,,,,,,23,,,,,B03,,,1,,2,,,23,23,1,22,,B03,120.668363,24.119085,3
2022,5,26,11,0,臺中市,東區,0,2,0,8,1,5,50,4,1,1,5,4,5,7,1,1,10,5,5,2,16,25,2,9,1,1,C03,7,5,3,18,2,11,,25,25,1,5,8,C03,120.705974,24.140478,2
2022,5,26,11,2,臺中市,太平區,0,0,0,6,,,50,,,,,,,,,,,,,,,23,,,,,B12,,,1,,2,,,23,23,1,4,,B12,120.718103,24.135427,3
2022,5,26,11,10,臺中市,南屯區,0,1,0,8,1,5,50,4,1,1,5,4,5,7,2,1,10,5,5,2,15,25,2,7,1,1,C03,7,9,1,10,2,11,,25,25,1,18,4,C03,120.614335,24.14375,2
2022,5,26,11,11,臺中市,南區,0,2,0,7,1,5,50,14,9,1,5,4,5,7,4,4,3,4,5,2,13,23,2,9,1,1,C03,7,9,1,10,2,14,,23,23,1,21,8,C03,120.669853,24.118331,2
2022,5,26,11,14,臺中市,清水區,0,1,0,7,1,5,50,14,7,1,5,4,5,7,1,1,5,5,4,2,16,6,3,10,1,1,B03,7,5,1,8,2,2,,6,6,1,5,1,B03,120.556773,24.266315,2
2022,5,26,11,15,臺中市,潭子區,0,1,0,8,1,5,50,5,2,1,5,4,5,7,2,1,1,3,4,1,17,26,2,9,1,1,C03,7,9,1,10,2,14,,26,26,1,22,8,C03,120.702514,24.193999,2
2022,5,26,11,17,臺中市,新社區,0,0,0,8,,,30,,,,,,,,,,,,,,,42,,,,,B03,,,1,,2,,,42,42,1,20,,B03,120.78622,24.244065,3
2022,5,26,11,19,臺中市,烏日區,0,2,0,8,1,5,30,4,1,1,5,4,5,7,3,1,10,5,5,2,15,6,2,9,1,1,C03,7,9,6,18,9,11,,6,6,2,20,8,C03,120.637325,24.110295,2
2022,5,26,11,25,臺中市,后里區,0,0,0,8,1,4,50,3,1,1,4,4,5,7,4,4,8,3,4,2,12,9,3,10,1,1,B12,7,6,1,8,1,2,,9,9,1,22,9,B12,120.717788,24.285723,3
2022,5,26,11,35,臺中市,西區,0,1,0,8,1,5,50,4,18,1,5,4,5,7,2,1,10,5,5,2,3,15,3,10,1,1,B03,7,5,1,8,2,8,,15,15,1,5,8,B03,120.664298,24.150856,2
2022,5,26,11,40,臺中市,龍井區,0,1,0,8,1,5,30,4,2,1,5,4,5,7,4,4,5,5,5,2,17,6,2,9,3,4,C03,7,9,1,10,2,11,,6,6,1,22,9,C03,120.590954,24.188856,2
2022,5,26,11,42,臺中市,西屯區,0,0,0,8,,,40,,,,,,,,,,,,,,,12,,,,,B11,,,1,,1,,,12,12,1,21,,B11,120.637594,24.177917,3
2022,5,26,11,47,臺中市,南區,0,1,0,8,1,5,50,14,9,1,5,4,5,7,4,4,1,4,5,2,13,23,3,10,1,1,B03,7,9,1,8,2,1,,23,23,1,22,8,B03,120.670005,24.122847,2
2022,5,26,11,52,臺中市,南區,0,1,0,7,1,5,50,3,7,1,5,4,5,7,4,4,9,5,4,2,16,8,2,8,1,1,C03,7,5,1,10,2,12,,8,8,1,16,8,C03,120.674835,24.12757,2
2022,5,26,11,55,臺中市,南區,0,0,0,8,,,50,,,,,,,,,,,,,,,12,,,,,B11,,,1,,2,,,12,12,1,22,,B11,120.657478,24.12572,3
2022,5,26,11,55,臺中市,大里區,0,1,0,7,1,5,50,3,1,1,5,4,5,7,1,1,10,5,5,2,16,8,2,8,1,1,C03,7,5,1,10,2,14,,8,8,1,18,8,C03,120.694593,24.089306,2
2022,5,26,12,8,臺中市,北屯區,0,1,0,7,1,5,50,14,9,1,5,4,5,7,1,1,1,2,5,2,12,42,3,10,1,1,B03,7,15,1,8,2,2,,42,42,1,19,8,B03,120.671517,24.173934,2
2022,5,26,12,10,臺中市,北區,0,1,0,8,1,5,50,4,1,1,5,4,5,7,4,4,5,4,4,1,16,6,3,10,3,4,B01,7,9,1,8,2,2,,6,6,1,22,9,B01,120.669449,24.171635,2
2022,5,26,12,10,臺中市,南區,0,2,0,7,1,5,50,4,2,1,5,4,5,7,2,1,10,5,5,2,16,6,2,9,1,1,C03,7,6,1,10,2,12,,6,6,1,21,8,C03,120.653832,24.122322,2
2022,5,26,12,11,臺中市,后里區,0,1,0,7,1,5,50,4,1,1,5,4,5,7,1,1,10,5,5,2,16,27,3,10,1,1,B03,7,6,1,8,2,5,,27,27,1,20,8,B03,120.710477,24.301202,2
2022,5,26,12,15,臺中市,大里區,0,2,0,8,1,5,50,14,7,1,5,4,5,7,4,4,5,2,4,1,13,23,2,9,1,1,C03,7,9,1,10,2,11,,23,23,1,21,8,C03,120.687056,24.115206,2
2022,5,26,12,25,臺中市,北區,0,0,0,8,,,50,,,,,,,,,,,,,,,23,,,,,B03,,,1,,2,,,23,23,1,20,,B03,120.683064,24.148305,3
2022,5,26,12,31,臺中市,大安區,0,1,0,7,1,5,50,4,1,1,5,4,5,7,1,1,10,5,5,2,16,6,3,10,1,1,B03,7,5,1,8,2,1,8,6,6,1,4,1,B03,120.603535,24.36088,2
2022,5,26,12,33,臺中市,大安區,0,1,0,7,1,5,50,3,1,1,5,4,5,7,1,1,10,5,5,2,16,9,3,10,1,1,B12,7,6,1,8,2,5,,9,9,1,4,1,B12,120.6048,24.359,2
2022,5,26,12,36,臺中市,大里區,0,0,0,8,,,50,,,,,,,,,,,,,,,23,,,,,C03,,,1,,11,,,23,23,1,22,,C03,120.702638,24.088243,3
2022,5,26,12,50,臺中市,豐原區,0,1,0,8,1,5,30,14,9,1,5,4,5,7,1,1,1,5,5,2,16,23,3,10,1,1,C03,7,9,1,10,2,11,,23,23,1,3,8,C03,120.737368,24.251156,2
2022,5,26,12,56,臺中市,潭子區,0,0,0,6,1,5,30,3,2,1,4,4,5,7,1,1,5,5,5,2,13,23,,,,,B11,,,6,,2,,,23,23,1,22,,B11,120.674343,24.203811,3
2022,5,26,12,58,臺中市,西屯區,0,1,0,7,1,5,30,3,1,1,5,4,5,7,4,4,10,5,1,2,13,23,3,10,1,1,A12,7,9,1,3,2,1,,23,23,1,22,8,A12,120.641754,24.192707,2
2022,5,26,13,0,臺中市,西區,0,0,0,6,,,50,,,,,,,,,,,,,,,6,,,,,B03,,,1,,1,,,6,6,1,21,,B03,120.66018,24.152542,3
2022,5,26,13,8,臺中市,西區,0,1,0,8,1,5,50,4,1,1,5,4,5,7,1,1,10,5,5,2,17,6,3,10,1,1,B03,7,5,1,8,2,4,,6,6,1,22,7,B03,120.661725,24.144333,2
2022,5,26,13,13,臺中市,太平區,0,2,0,6,1,5,50,4,1,1,4,4,5,7,1,1,5,5,5,2,12,9,2,9,1,5,F02,7,6,8,20,2,16,,9,9,1,19,5,F02,120.718806,24.142525,2
2022,5,26,13,21,臺中市,南屯區,0,0,0,,,,50,,,,,,,,,,,,,,,19,,,,,B03,,,1,,2,,,19,19,1,22,,B03,120.648788,24.1501,3
2022,5,26,13,23,臺中市,西屯區,0,1,0,6,1,5,30,3,1,1,4,4,5,7,4,4,10,5,5,2,16,6,3,10,1,1,C03,7,5,1,10,2,14,,6,6,1,21,8,C03,120.638484,24.17885,2
2022,5,26,13,25,臺中市,新社區,0,1,0,6,1,5,30,4,1,1,4,4,5,7,3,1,10,5,5,2,16,6,2,9,1,4,C03,7,9,1,10,2,11,,6,6,1,22,9,C03,120.79835,24.2033,2
2022,5,26,13,29,臺中市,潭子區,0,0,0,6,,,30,,,,,,,,,,,,,,,19,,,,,B03,,,1,,2,,,19,19,1,22,,B03,120.707187,24.216627,3
2022,5,26,13,30,臺中市,神岡區,0,0,0,6,,,50,,,,,,,,,,,,,,,23,,,,,A12,,,1,,1,,,23,23,1,22,,A12,120.683925,24.246161,3
2022,5,26,13,33,臺中市,大里區,0,1,0,8,1,5,50,3,12,1,5,4,5,7,4,4,5,2,5,1,16,10,3,10,1,1,B12,7,11,1,8,2,5,,10,10,1,22,9,B12,120.707329,24.09514,2
2022,5,26,13,40,臺中市,大雅區,0,1,0,6,1,5,50,14,9,1,4,4,5,7,4,4,5,2,5,1,16,6,3,10,1,1,B03,7,5,1,8,2,8,,6,6,1,22,9,B03,120.652953,24.237496,2
2022,5,26,14,5,臺中市,大里區,0,0,0,7,1,5,50,14,9,1,5,4,5,7,1,1,5,5,5,1,14,12,,,,,B12,,,1,,2,,,12,12,1,7,,B12,120.68709,24.087548,3
2022,5,26,14,6,臺中市,豐原區,0,3,0,6,1,5,30,14,7,1,4,4,5,7,4,4,9,5,4,2,16,19,3,10,1,1,C03,7,1,6,10,2,11,,19,19,1,21,8,C03,120.719736,24.266968,2
2022,5,26,14,9,臺中市,西區,0,0,0,6,,,50,,,,,,,,,,,,,,,7,,,,,B03,,,1,,1,,,7,7,1,22,,B03,120.664567,24.146685,3
2022,5,26,14,10,臺中市,中區,0,0,0,6,1,5,50,4,1,1,4,4,5,7,1,1,9,4,4,2,13,23,2,10,3,4,B12,7,9,1,8,2,1,,23,23,1,5,8,B12,120.684914,24.137597,3
2022,5,26,14,14,臺中市,豐原區,0,2,0,6,1,5,50,3,2,1,4,4,5,7,4,4,8,3,4,1,17,6,2,8,3,4,C03,7,5,1,10,2,11,,6,6,1,22,8,C03,120.732925,24.251094,2
2022,5,26,14,22,臺中市,北區,0,0,0,6,,,50,,,,,,,,,,,,,,,23,,,,,B03,,,1,,2,,,23,23,1,22,,B03,120.68127,24.150453,3