年,月,日,時,分,縣市,區,死,受傷,2-30,天候,光線,道路類別,速限,道路型態,事故位置,路面鋪裝,路面狀態,路面缺陷,障礙物,視距,號誌種類,號誌動作,分向設施,快車道或一般車道間,快慢車道間,路面邊線,事故類型及型態,主要肇因,受傷程度,主要傷處,保護裝備,行動電話,當事者區分,車輛用途,當事者行動狀態,駕駛資格情形,駕駛執照種類,飲酒情形,車輛撞擊部位最初,車輛撞擊部位其他,肇事因素個別,肇事因素主要,肇事逃逸,職業,旅次目的,車種,GPS緯度,GPS經度,事故類別
2022,5,26,14,34,臺中市,北區,0,0,0,,,,50,,,,,,,,,,,,,,,60,,,,,B03,,,1,,2,,,60,60,1,22,,B03,120.681845,24.152749,3
2022,5,26,14,45,臺中市,大里區,0,1,0,6,1,5,50,4,1,1,4,4,5,7,1,1,10,5,5,1,13,23,2,8,1,1,C03,7,9,1,10,2,11,,23,23,1,22,9,C03,120.695903,24.084247,2
2022,5,26,14,57,臺中市,西區,0,0,0,6,,,50,,,,,,,,,,,,,,,12,,,,,B03,,,1,,1,,,12,12,1,4,,B03,120.655389,24.149504,3
2022,5,26,15,4,臺中市,大里區,0,0,0,8,,,50,,,,,,,,,,,,,,,17,,,,,B03,,,1,,1,,,17,17,1,5,,B03,120.676957,24.115827,3
2022,5,26,15,16,臺中市,南區,0,1,0,6,1,5,50,4,1,1,4,4,5,7,1,1,10,5,5,2,16,6,3,10,1,1,B03,7,5,1,8,2,5,,6,6,1,5,8,B03,120.653289,24.121969,2
2022,5,26,15,16,臺中市,大里區,0,0,0,6,,,30,,,,,,,,,,,,,,,17,,,,,B03,,,1,,1,,,17,17,1,4,,B03,120.716187,24.087215,3
2022,5,26,15,17,臺中市,西屯區,0,0,0,6,,,30,,,,,,,,,,,,,,,23,,,,,B03,,,1,,2,,,23,23,1,22,,B03,120.647294,24.176259,3
2022,5,26,15,19,臺中市,烏日區,0,1,0,6,1,5,50,4,1,1,4,4,5,7,4,4,10,5,5,2,11,8,3,10,1,1,A02,7,5,1,2,2,8,,8,8,1,10,1,A02,120.61262,24.108668,2
2022,5,26,15,25,臺中市,中區,0,0,0,6,1,5,50,14,9,1,4,4,5,7,4,4,10,5,5,2,17,23,,,,,C03,,,3,,1,,,23,23,1,21,,C03,120.677034,24.145927,3
2022,5,26,15,28,臺中市,大里區,0,0,0,6,,,50,,,,,,,,,,,,,,,12,,,,,A11,,,1,,2,,,12,12,1,21,,A11,120.681795,24.117558,3
2022,5,26,15,31,臺中市,大里區,0,1,0,6,1,5,50,3,1,1,4,4,5,7,4,4,10,5,5,1,17,10,3,10,1,1,B12,7,11,1,8,2,15,,10,10,1,5,8,B12,120.692506,24.118178,2
2022,5,26,15,32,臺中市,大里區,0,0,0,8,,,80,,,,,,,,,,,,,,,35,,,,,A41,,,1,,9,,,35,35,1,22,,A41,120.690704,24.098029,3
2022,5,26,15,38,臺中市,后里區,0,0,0,6,1,5,50,3,1,1,4,4,5,7,4,4,10,5,5,1,11,9,,,,,B03,,,1,,2,,,9,9,1,22,,B03,120.707715,24.325926,3
2022,5,26,15,40,臺中市,北屯區,0,1,0,6,1,5,30,14,9,1,4,4,5,7,4,4,10,4,5,2,11,23,2,8,1,1,C03,7,9,1,10,2,14,,23,23,1,5,1,C03,120.738208,24.18002,2
2022,5,26,15,40,臺中市,豐原區,0,0,0,6,,,50,,,,,,,,,,,,,,,4,,,,,B11,,,1,,2,,,4,4,1,21,,B11,120.741448,24.250998,3
2022,5,26,15,45,臺中市,北屯區,0,0,0,6,,,80,,,,,,,,,,,,,,,7,,,,,B12,,,1,,2,,,7,7,1,22,,B12,120.705625,24.200861,3
2022,5,26,15,47,臺中市,中區,0,1,0,6,1,5,50,4,1,1,4,4,5,7,1,1,10,5,5,2,18,43,2,9,1,1,C03,7,9,1,10,2,12,,43,43,1,4,1,C03,120.684456,24.142287,2
2022,5,26,15,58,臺中市,太平區,0,1,0,6,1,5,50,4,1,1,4,4,5,7,4,4,10,5,5,2,15,42,2,8,1,1,C03,7,9,1,10,2,14,,42,42,1,9,5,C03,120.723944,24.144998,2
2022,5,26,15,59,臺中市,西區,0,1,0,6,1,5,50,14,9,1,4,4,5,7,4,4,5,4,5,2,29,23,2,8,1,1,C03,7,9,1,10,2,14,,23,23,1,4,8,C03,120.664773,24.150654,2
2022,5,26,16,0,臺中市,東區,0,0,0,,,,50,,,,,,,,,,,,,,,23,,,,,B03,,,1,,2,,,23,23,1,22,,B03,120.710533,24.14148,3
2022,5,26,16,3,臺中市,西屯區,0,0,0,6,,,50,,,,,,,,,,,,,,,6,,,,,B03,,,1,,2,,,6,6,1,22,,B03,120.65481,24.198964,3
2022,5,26,16,4,臺中市,北區,0,0,0,6,,,50,,,,,,,,,,,,,,,23,,,,,B03,,,1,,1,,,23,23,1,20,,B03,120.682424,24.159902,3
2022,5,26,16,14,臺中市,西區,0,1,0,6,1,5,50,4,1,1,4,4,5,7,1,1,10,5,5,2,13,23,2,9,3,4,B03,7,9,1,8,2,1,,23,23,1,22,8,B03,120.658839,24.140149,2
2022,5,26,16,28,臺中市,東區,0,1,0,6,1,5,50,14,9,1,4,4,5,7,4,4,5,4,5,2,12,26,2,8,1,1,C03,7,7,1,10,2,14,,26,26,1,5,8,C03,120.694006,24.132996,2
2022,5,26,16,29,臺中市,大雅區,0,1,0,6,1,5,50,4,1,1,4,4,5,6,1,1,10,5,5,2,2,15,3,10,1,1,B03,7,5,1,8,2,8,,15,15,1,22,8,B03,120.649958,24.221651,2
2022,5,26,16,30,臺中市,梧棲區,0,0,0,6,,,50,,,,,,,,,,,,,,,18,,,,,B12,,,1,,1,,,18,18,1,12,,B12,120.535072,24.253251,3
2022,5,26,16,34,臺中市,北屯區,0,1,0,6,1,5,50,3,7,1,4,4,5,7,4,4,5,4,5,2,17,26,2,3,1,1,B03,7,5,1,8,2,6,,26,26,1,5,8,B03,120.6908,24.171926,2
2022,5,26,16,35,臺中市,大雅區,0,1,0,6,2,5,30,4,1,1,4,4,5,7,4,4,10,5,5,2,17,6,3,10,1,1,B03,7,5,1,8,2,8,,6,6,1,22,9,B03,120.64866,24.22927,2
2022,5,26,16,44,臺中市,西區,0,0,0,,,,50,,,,,,,,,,,,,,,44,,,,,B03,,,1,,1,,,16,44,1,21,,B03,120.656368,24.146694,3
2022,5,26,16,48,臺中市,北區,0,1,0,8,1,5,50,14,8,1,4,4,5,7,4,4,5,4,4,2,12,7,3,10,1,1,B03,7,8,1,8,2,2,,7,7,1,5,5,B03,120.677828,24.150344,2
2022,5,26,16,57,臺中市,西屯區,0,0,0,6,,,50,,,,,,,,,,,,,,,17,,,,,B12,,,1,,1,,,17,17,1,22,,B12,120.661176,24.200693,3
2022,5,26,16,58,臺中市,大雅區,0,0,0,6,,,50,,,,,,,,,,,,,,,23,,,,,B03,,,1,,2,,,23,23,1,22,,B03,120.65705,24.23055,3
2022,5,26,16,58,臺中市,豐原區,0,1,0,6,1,5,50,14,9,1,4,4,5,7,4,4,8,3,5,1,9,17,3,10,3,4,B03,7,9,1,8,2,2,,17,17,1,22,8,B03,120.719344,24.24673,2
2022,5,26,17,0,臺中市,大里區,0,1,0,6,1,5,60,4,1,1,4,4,5,7,1,1,3,4,4,1,17,42,2,8,1,1,C03,7,14,3,18,2,12,,42,42,1,22,8,C03,120.688733,24.080958,2
2022,5,26,17,2,臺中市,南屯區,0,0,0,6,,,50,,,,,,,,,,,,,,,17,,,,,B03,,,1,,2,,,17,17,1,22,,B03,120.624341,24.115844,3
2022,5,26,17,2,臺中市,豐原區,0,0,0,6,,,40,,,,,,,,,,,,,,,16,,,,,B12,,,1,,2,,,16,16,1,21,,B12,120.72031,24.233485,3
2022,5,26,17,3,臺中市,西屯區,0,1,0,6,1,5,40,3,2,1,4,4,5,7,2,1,1,4,4,2,23,23,2,9,1,1,C03,7,9,1,10,2,11,,23,23,1,21,1,C03,120.614291,24.183433,2
2022,5,26,17,8,臺中市,神岡區,0,2,0,6,1,5,50,4,2,1,4,4,5,7,4,4,10,5,5,2,16,6,2,9,4,4,F01,7,5,8,20,2,16,,6,6,1,22,9,F01,120.67302,24.259716,2
2022,5,26,17,10,臺中市,霧峰區,0,0,0,6,,,50,,,,,,,,,,,,,,,23,,,,,B03,,,1,,2,,,23,23,1,9,,B03,120.69579,24.052968,3
2022,5,26,17,13,臺中市,大甲區,0,0,0,,,,50,,,,,,,,,,,,,,,44,,,,,C03,,,1,,1,,,44,44,1,22,,C03,120.623141,24.345716,3
2022,5,26,17,15,臺中市,潭子區,0,1,0,6,2,5,60,4,1,1,4,4,5,7,1,1,1,5,5,2,12,6,3,10,1,1,B12,7,6,1,8,2,5,,6,6,1,22,8,B12,120.70515,24.215575,2
2022,5,26,17,20,臺中市,大雅區,0,1,0,6,1,5,50,14,8,1,4,4,5,7,4,4,1,4,4,1,13,23,2,9,1,1,C03,7,9,1,10,2,14,,23,23,1,22,9,C03,120.645441,24.225077,2
2022,5,26,17,20,臺中市,沙鹿區,0,1,0,6,1,5,50,4,1,1,4,4,5,7,4,4,10,5,5,2,15,6,2,9,1,1,C03,7,9,1,10,2,11,,6,6,1,3,5,C03,120.564991,24.211845,2
2022,5,26,17,24,臺中市,東區,0,0,0,6,,,50,,,,,,,,,,,,,,,12,,,,,B12,,,1,,1,,,12,12,1,22,,B12,120.693319,24.142981,3
2022,5,26,17,30,臺中市,大肚區,0,0,0,6,,,50,,,,,,,,,,,,,,,16,,,,,B03,,,1,,2,,,16,16,1,4,,B03,120.560822,24.125326,3
2022,5,26,17,32,臺中市,西屯區,0,1,0,6,2,5,50,4,18,1,4,4,5,7,2,1,10,5,5,2,3,15,3,10,1,1,B03,7,5,1,8,2,1,,15,15,1,22,8,B03,120.654193,24.157238,2
2022,5,26,17,37,臺中市,大雅區,0,0,0,6,,,50,,,,,,,,,,,,,,,23,,,,,B03,,,1,,2,,,23,23,1,22,,B03,120.65367,24.22377,3
2022,5,26,17,38,臺中市,大里區,0,1,0,6,3,5,50,4,1,1,4,4,5,7,1,1,3,4,5,2,13,23,2,7,1,1,C03,7,9,1,10,2,11,,23,23,1,22,8,C03,120.690318,24.092551,2
2022,5,26,17,46,臺中市,梧棲區,0,1,0,6,1,5,30,14,9,5,4,4,5,7,4,4,10,5,5,2,14,12,3,10,1,1,B03,7,2,1,8,2,3,,12,12,1,9,1,B03,120.514883,24.230175,2
2022,5,26,17,54,臺中市,南區,0,2,0,6,3,5,50,3,1,1,4,4,5,7,4,4,10,5,5,2,13,16,2,9,1,1,C03,7,9,1,10,2,11,,16,16,1,22,8,C03,120.670347,24.123013,2
2022,5,26,18,0,臺中市,北屯區,0,1,0,6,3,5,50,4,1,1,4,4,5,7,2,1,10,5,5,2,16,16,2,9,1,1,C03,7,9,1,10,2,11,,16,16,1,21,8,C03,120.685183,24.170836,2
2022,5,26,18,0,臺中市,大里區,0,0,0,6,,,50,,,,,,,,,,,,,,,17,,,,,B12,,,1,,2,,,17,17,1,9,,B12,120.69928,24.092433,4
2022,5,26,18,0,臺中市,龍井區,0,0,0,,,,40,,,,,,,,,,,,,,,67,,,,,B12,,,1,,2,,,67,67,1,22,,B12,120.548316,24.19187,3
2022,5,26,18,2,臺中市,后里區,0,0,0,6,,,50,,,,,,,,,,,,,,,23,,,,,A04,,,1,,2,,,23,23,1,10,,A04,120.694497,24.313583,3
2022,5,26,18,3,臺中市,太平區,0,1,0,6,3,5,50,3,1,1,4,4,5,7,1,1,10,5,5,2,16,27,3,10,1,1,B03,7,9,1,8,2,1,,27,27,1,4,5,B03,120.711271,24.152801,2
2022,5,26,18,5,臺中市,北屯區,0,0,0,6,,,50,,,,,,,,,,,,,,,25,,,,,B03,,,1,,1,,,25,25,1,22,,B03,120.721811,24.181854,3
2022,5,26,18,7,臺中市,西屯區,0,1,0,6,2,5,40,14,8,1,4,4,5,7,4,4,1,4,4,2,13,23,3,10,3,4,B03,7,9,1,8,2,5,,23,23,1,22,8,B03,120.651145,24.208985,2
2022,5,26,18,11,臺中市,潭子區,0,1,0,6,3,5,30,11,9,1,4,4,5,7,4,4,10,5,5,1,11,5,3,10,1,1,B03,7,9,1,8,2,8,,5,5,1,22,8,B03,120.706156,24.21605,2
2022,5,26,18,13,臺中市,龍井區,0,0,0,6,,,50,,,,,,,,,,,,,,,19,,,,,B02,,,1,,2,,,38,19,1,22,,B02,120.584101,24.182026,3
2022,5,26,18,14,臺中市,太平區,0,1,0,6,3,5,50,4,1,1,4,4,5,7,1,1,10,5,5,2,16,6,3,10,1,1,B03,7,5,6,8,4,1,,6,6,1,4,5,B03,120.701057,24.148004,2
2022,5,26,18,15,臺中市,大里區,0,1,0,6,3,5,30,5,1,1,4,4,5,7,1,3,5,4,4,1,17,19,3,10,1,1,C03,7,1,1,10,1,11,,19,19,1,21,1,C03,120.679717,24.102313,2
2022,5,26,18,21,臺中市,西屯區,0,1,0,6,2,5,35,11,8,1,4,4,5,7,4,4,1,3,2,2,12,43,3,10,1,1,B03,7,6,1,8,2,5,,43,43,1,22,8,B03,120.633106,24.173305,2
2022,5,26,18,22,臺中市,潭子區,0,0,0,6,,,50,,,,,,,,,,,,,,,25,,,,,B03,,,1,,2,,,25,25,1,22,,B03,120.686701,24.210647,3
2022,5,26,18,22,臺中市,西區,0,1,0,6,1,5,50,4,1,1,4,4,5,7,1,1,10,5,5,2,17,25,3,10,1,1,B03,7,6,1,8,2,15,,25,25,1,22,9,B03,120.673517,24.147762,2
2022,5,26,18,25,臺中市,烏日區,0,2,0,6,3,5,60,4,2,1,4,4,5,6,2,1,10,5,5,2,13,16,3,10,1,1,B03,7,9,1,8,2,5,,16,16,1,21,1,B03,120.638134,24.107693,2
2022,5,26,18,28,臺中市,西區,0,1,0,6,3,5,50,4,1,1,4,4,5,7,1,1,10,5,5,2,17,6,3,10,1,1,B03,7,5,1,8,2,7,,6,6,1,22,7,B03,120.652997,24.146726,2
2022,5,26,18,30,臺中市,沙鹿區,0,1,0,6,3,5,50,3,2,1,4,4,5,7,1,1,1,2,4,2,12,26,3,10,1,1,B03,7,8,3,18,2,5,,26,26,1,20,8,B03,120.570946,24.215951,2
2022,5,26,18,39,臺中市,太平區,0,0,0,6,,,50,,,,,,,,,,,,,,,16,,,,,C03,,,1,,1,,,16,16,1,9,,C03,120.721753,24.120442,3
2022,5,26,18,40,臺中市,東區,0,0,0,6,,,50,,,,,,,,,,,,,,,6,,,,,B03,,,1,8,2,,,6,6,1,5,,B03,120.70704,24.131906,3
2022,5,26,18,40,臺中市,北屯區,0,1,0,6,3,5,50,14,9,1,4,4,5,7,4,4,1,4,5,2,13,23,3,10,1,1,B03,7,9,1,8,2,1,,23,23,1,21,8,B03,120.685216,24.172409,2
2022,5,26,18,40,臺中市,龍井區,0,0,0,6,,,60,,,,,,,,,,,,,,,43,,,,,A11,,,1,,2,,,43,43,1,22,,A11,120.576338,24.177272,3
2022,5,26,18,53,臺中市,北屯區,0,2,0,6,3,5,50,14,9,1,4,4,5,7,4,4,5,5,5,2,17,23,2,9,1,1,C03,7,9,1,10,2,11,,23,23,1,22,8,C03,120.69085,24.182621,2
2022,5,26,18,54,臺中市,北屯區,0,1,0,6,3,5,50,4,1,1,4,4,5,7,4,4,10,5,5,2,3,23,3,10,1,1,C03,7,6,1,10,2,11,,23,23,1,21,8,C03,120.705143,24.16848,2
2022,5,26,18,55,臺中市,南屯區,0,0,0,6,,,1,,,,,,,,,,,,,,,17,,,,,B03,,,1,,11,,,17,17,1,4,,B03,120.635249,24.150553,3
2022,5,26,18,55,臺中市,大里區,0,0,0,6,,,30,,,,,,,,,,,,,,,18,,,,,B03,,,1,,9,,,44,18,1,22,,B03,120.687149,24.116691,3
2022,5,26,18,55,臺中市,大里區,0,0,0,6,,,50,,,,,,,,,,,,,,,7,,,,,B03,,,1,,2,,,7,7,1,5,,B03,120.689673,24.10848,3
2022,5,26,18,57,臺中市,北屯區,0,0,0,6,,,50,,,,,,,,,,,,,,,7,,,,,B03,,,1,,1,,,7,7,1,22,,B03,120.659876,24.192706,3
2022,5,26,19,0,臺中市,大里區,0,0,0,6,,,30,,,,,,,,,,,,,,,12,,,,,B03,,,1,,1,,,12,12,1,5,,B03,120.682598,24.096235,3
2022,5,26,19,0,臺中市,龍井區,0,1,0,6,3,5,30,4,1,1,4,4,5,7,4,4,10,5,5,2,15,6,2,9,3,4,C03,7,9,1,10,2,11,,6,6,1,9,8,C03,120.524696,24.203546,2
2022,5,26,19,3,臺中市,西屯區,0,1,0,6,3,5,50,14,9,1,4,4,5,7,4,4,5,2,5,2,17,43,2,9,1,1,C03,7,9,1,10,2,14,,43,43,1,22,8,C03,120.624093,24.194593,2
2022,5,26,19,4,臺中市,北區,0,0,0,6,,,50,,,,,,,,,,,,,,,25,,,,,C03,,,1,,2,,,25,25,1,22,,C03,120.67612,24.158495,3
2022,5,26,19,15,臺中市,西屯區,0,0,0,6,,,70,,,,,,,,,,,,,,,23,,,,,B03,,,1,,2,,,23,23,1,22,,B03,120.624383,24.178531,3
2022,5,26,19,15,臺中市,西屯區,0,1,0,6,2,5,80,14,7,1,4,4,5,7,4,4,1,4,5,2,20,43,2,9,3,4,B03,7,9,1,8,2,8,,43,43,1,22,8,B03,120.660012,24.200984,2
2022,5,26,19,23,臺中市,大雅區,0,0,0,6,,,50,,,,,,,,,,,,,,,25,,,,,B03,,,1,,2,,,25,25,1,22,,B03,120.65703,24.24065,3
2022,5,26,19,25,臺中市,潭子區,0,0,0,6,,,50,,,,,,,,,,,,,,,23,,,,,B03,,,1,,2,,,23,23,1,22,,B03,120.686851,24.209334,3
2022,5,26,19,27,臺中市,南屯區,0,0,0,6,,,50,,,,,,,,,,,,,,,9,,,,,B03,,,1,,2,,,9,9,1,22,,B03,120.64995,24.129494,3
2022,5,26,19,27,臺中市,西屯區,0,0,0,6,,,50,,,,,,,,,,,,,,,6,,,,,B03,,,1,,1,,,6,6,1,22,,B03,120.593641,24.180198,3
2022,5,26,19,30,臺中市,烏日區,0,0,0,8,,,40,,,,,,,,,,,,,,,12,,,,,B02,,,1,,2,,,12,12,1,22,,B02,120.640077,24.109869,3
2022,5,26,19,31,臺中市,東區,0,0,0,6,,,50,,,,,,,,,,,,,,,23,,,,,B03,,,1,,2,,,23,23,1,22,,B03,120.708048,24.136086,3
2022,5,26,19,35,臺中市,潭子區,0,1,0,6,3,5,30,4,1,1,4,4,5,7,1,1,10,5,5,2,17,6,3,10,1,1,B03,7,5,1,8,2,8,,6,6,1,22,8,B03,120.682528,24.213286,2
2022,5,26,19,42,臺中市,中區,0,1,0,6,1,5,50,4,1,1,4,4,5,7,2,1,10,5,5,2,9,23,3,10,1,1,B12,7,9,1,8,9,4,,23,23,1,5,8,B12,120.677263,24.140206,2
2022,5,26,19,42,臺中市,南屯區,0,1,0,6,3,5,50,4,1,1,4,4,5,7,2,1,5,5,5,2,16,7,3,10,1,1,C03,7,8,1,10,2,12,,7,7,1,22,8,C03,120.635213,24.151303,2
2022,5,26,19,45,臺中市,梧棲區,0,1,0,6,3,5,60,4,1,1,4,4,5,7,1,1,1,4,4,1,17,23,3,10,1,1,B12,7,9,1,8,2,8,,23,23,1,9,1,B12,120.524798,24.222768,2
2022,5,26,19,49,臺中市,龍井區,0,0,0,6,,,70,,,,,,,,,,,,,,,23,,,,,B03,,,1,,2,,,23,23,1,22,,B03,120.542693,24.173118,4
2022,5,26,19,52,臺中市,西屯區,0,0,0,6,,,50,,,,,,,,,,,,,,,16,,,,,B02,,,1,,1,,,16,16,1,22,,B02,120.630648,24.161893,3
2022,5,26,19,52,臺中市,龍井區,0,1,0,6,4,5,40,3,1,1,4,4,5,7,4,4,9,4,5,1,13,23,2,9,1,1,C03,7,9,1,10,2,11,,23,23,1,21,1,C03,120.594246,24.190788,2
2022,5,26,19,58,臺中市,北區,0,0,0,,,,50,,,,,,,,,,,,,,,16,,,,,B03,,,1,,1,,,16,16,1,21,,B03,120.676764,24.163126,3
2022,5,26,20,0,臺中市,西屯區,0,0,0,6,,,80,,,,,,,,,,,,,,,7,,,,,B03,,,1,,1,,,7,7,1,22,,B03,120.65917,24.200818,3
2022,5,26,20,1,臺中市,梧棲區,0,0,0,6,,,50,,,,,,,,,,,,,,,12,,,,,B03,,,1,,1,,,12,12,1,9,,B03,120.538038,24.246915,3
2022,5,26,20,7,臺中市,太平區,0,0,0,6,,,50,,,,,,,,,,,,,,,12,,,,,B03,,,1,,2,,,12,12,1,19,,B03,120.715514,24.115552,3
2022,5,26,20,17,臺中市,西屯區,0,0,0,6,,,50,,,,,,,,,,,,,,,7,,,,,B02,,,1,,2,,,7,7,1,22,,B02,120.636578,24.170819,3
2022,5,26,20,30,臺中市,潭子區,0,2,0,6,3,5,50,14,9,1,4,4,5,7,4,4,10,5,5,1,17,23,2,9,1,1,C03,7,9,1,10,2,11,,23,23,1,22,8,C03,120.69978,24.216253,2
2022,5,26,20,42,臺中市,南屯區,0,0,0,6,,,50,,,,,,,,,,,,,,,27,,,,,B02,,,1,,1,,,27,27,1,4,,B02,120.646712,24.150935,3
2022,5,26,20,44,臺中市,北屯區,0,0,0,6,,,50,,,,,,,,,,,,,,,19,,,,,B02,,,1,,1,,,19,19,1,22,,B02,120.696457,24.172973,3
2022,5,26,20,55,臺中市,西屯區,0,0,0,6,,,50,,,,,,,,,,,,,,,43,,,,,B03,,,1,,11,,,43,43,1,22,,B03,120.604001,24.186374,3
2022,5,26,20,55,臺中市,神岡區,0,0,0,6,,,30,,,,,,,,,,,,,,,12,,,,,B12,,,1,,2,,,12,12,1,22,,B12,120.687718,24.249581,3
2022,5,26,21,1,臺中市,西屯區,0,1,0,6,3,5,50,14,9,1,4,4,5,7,4,4,1,4,5,2,17,43,2,9,1,1,C03,7,9,1,10,2,12,,43,43,1,22,8,C03,120.651829,24.166066,2
2022,5,26,21,12,臺中市,大雅區,0,0,0,6,,,50,,,,,,,,,,,,,,,12,,,,,B03,,,1,,2,,,12,12,1,22,,B03,120.6454,24.225689,3
2022,5,26,21,21,臺中市,大肚區,0,0,0,6,,,60,,,,,,,,,,,,,,,23,,,,,B03,,,1,,2,,,23,23,1,21,,B03,120.582588,24.171751,3
2022,5,26,21,24,臺中市,西屯區,0,0,0,6,,,50,,,,,,,,,,,,,,,12,,,,,B03,,,6,,11,,,12,12,1,22,,B03,120.664254,24.178147,3
2022,5,26,21,25,臺中市,北區,0,1,0,6,3,5,50,14,9,1,4,4,5,7,4,4,3,4,5,2,13,23,3,10,1,1,B03,7,9,1,8,2,1,,23,23,1,22,9,B03,120.676764,24.163126,2
2022,5,26,21,34,臺中市,清水區,0,2,0,6,3,5,50,14,9,1,4,4,5,7,4,4,5,5,5,1,10,42,2,7,1,1,F03,7,9,8,20,2,16,,42,42,1,5,5,F03,120.591479,24.304691,2
2022,5,26,21,51,臺中市,東區,0,1,0,7,3,5,50,4,1,1,4,4,5,7,2,1,10,5,5,2,16,6,2,9,3,4,C03,7,9,1,10,2,11,,23,6,1,5,8,C03,120.682923,24.134078,2
2022,5,26,22,9,臺中市,外埔區,0,1,0,6,3,5,40,4,1,1,4,4,5,3,3,1,10,5,5,1,15,6,2,9,1,1,C03,7,9,1,10,2,14,,6,6,1,22,8,C03,120.655772,24.333014,2
2022,5,26,22,15,臺中市,東區,0,0,0,6,,,50,,,,,,,,,,,,,,,23,,,,,B03,,,1,,1,,,23,23,1,22,,B03,120.701676,24.13172,3
2022,5,26,22,30,臺中市,西屯區,0,0,0,6,,,50,,,,,,,,,,,,,,,6,,,,,B03,,,1,,1,,,6,6,1,22,,B03,120.631282,24.165965,3
2022,5,26,22,40,臺中市,潭子區,0,0,0,6,,,50,,,,,,,,,,,,,,,23,,,,,B03,,,1,,2,,,38,23,1,22,,B03,120.704461,24.212082,3
2022,5,26,22,45,臺中市,大里區,0,1,0,8,3,5,50,4,1,1,5,4,5,7,4,4,9,4,5,1,13,23,2,9,1,1,B03,7,9,1,8,2,8,,23,23,1,22,8,B03,120.698901,24.089371,2
2022,5,26,23,42,臺中市,西屯區,0,1,0,6,3,5,30,3,1,1,4,4,5,7,4,4,10,5,5,2,17,42,2,9,3,4,C03,7,6,1,10,2,11,,42,42,1,22,9,C03,120.622113,24.201806,2
2022,5,26,23,42,臺中市,豐原區,0,1,0,6,3,5,50,5,1,1,4,4,5,7,1,1,10,5,5,2,16,6,3,10,3,4,B12,7,6,1,8,2,6,,6,6,1,22,8,B12,120.700211,24.249088,2
2022,5,27,0,20,臺中市,烏日區,0,1,0,6,3,5,50,4,1,1,4,4,5,7,2,1,5,4,4,1,16,25,2,9,1,1,C03,7,9,1,10,2,14,,25,25,1,21,8,C03,120.652887,24.09456,2
2022,5,27,5,55,臺中市,后里區,0,0,0,8,,,50,,,,,,,,,,,,,,,12,,,,,B12,,,1,,1,,,12,12,1,22,,B12,120.723579,24.294608,3
2022,5,27,6,33,臺中市,潭子區,0,2,0,6,1,5,60,14,8,1,4,4,5,7,4,4,1,4,4,1,13,23,2,9,1,1,C03,7,12,1,10,2,11,,23,23,1,22,8,C03,120.707101,24.223504,2
2022,5,27,6,47,臺中市,豐原區,0,2,0,6,1,5,50,5,1,1,4,4,5,7,2,1,10,5,5,2,15,25,2,9,3,4,C03,7,9,1,10,9,11,,25,25,2,22,8,C03,120.718886,24.247086,2
2022,5,27,6,56,臺中市,后里區,0,1,0,6,1,5,30,3,1,1,4,4,5,7,4,4,10,5,5,1,17,23,2,9,1,1,C03,7,9,1,10,2,14,,23,23,1,22,8,C03,120.732432,24.308223,2
2022,5,27,7,6,臺中市,梧棲區,0,0,0,6,,,60,,,,,,,,,,,,,,,7,,,,,B03,,,1,,2,,,7,7,1,9,,B03,120.534638,24.246484,3
2022,5,27,7,9,臺中市,西區,0,1,0,6,1,5,50,4,1,1,4,4,5,7,1,1,10,5,5,2,9,15,3,10,3,4,B03,7,5,1,8,2,1,,15,15,1,22,5,B03,120.661803,24.154396,2
2022,5,27,7,10,臺中市,大里區,0,1,0,6,1,5,30,14,9,1,4,4,5,7,4,4,10,5,5,2,16,6,3,10,1,1,B03,7,1,1,8,2,4,,6,6,1,5,8,B03,120.705182,24.09491,2
2022,5,27,7,16,臺中市,梧棲區,0,0,0,6,,,50,,,,,,,,,,,,,,,6,,,,,B03,,,1,,1,,,6,6,1,9,,B03,120.535574,24.246018,3
2022,5,27,7,27,臺中市,南屯區,0,1,0,6,1,5,50,14,9,1,4,4,5,7,4,4,3,4,5,2,12,17,2,9,1,1,C03,7,9,1,10,2,14,,17,17,1,22,8,C03,120.615635,24.147541,2
2022,5,27,7,30,臺中市,大雅區,0,1,0,6,1,5,50,3,2,1,4,4,5,7,4,4,1,4,4,1,16,6,3,10,1,1,B12,7,6,1,8,5,6,,6,6,1,22,9,B12,120.631349,24.240068,2
2022,5,27,7,35,臺中市,東區,0,1,0,6,1,5,50,4,1,1,4,4,5,7,1,1,10,5,5,2,13,16,2,7,1,1,C03,7,9,1,10,2,12,,16,16,1,22,8,C03,120.705251,24.137659,2
2022,5,27,7,38,臺中市,南屯區,0,0,0,6,,,30,,,,,,,,,,,,,,,6,,,,,B03,,,1,,1,,,6,6,1,22,,B03,120.612791,24.148444,3