年,月,日,時,分,縣市,區,死,受傷,2-30,天候,光線,道路類別,速限,道路型態,事故位置,路面鋪裝,路面狀態,路面缺陷,障礙物,視距,號誌種類,號誌動作,分向設施,快車道或一般車道間,快慢車道間,路面邊線,事故類型及型態,主要肇因,受傷程度,主要傷處,保護裝備,行動電話,當事者區分,車輛用途,當事者行動狀態,駕駛資格情形,駕駛執照種類,飲酒情形,車輛撞擊部位最初,車輛撞擊部位其他,肇事因素個別,肇事因素主要,肇事逃逸,職業,旅次目的,車種,GPS緯度,GPS經度,事故類別
2022,5,27,7,39,臺中市,太平區,0,2,0,6,1,5,30,4,1,1,4,4,5,7,4,4,10,5,5,2,15,6,2,7,1,1,C03,7,9,3,18,2,11,,6,6,1,4,1,C03,120.706363,24.157739,2
2022,5,27,7,44,臺中市,烏日區,0,1,0,6,1,5,80,10,8,1,4,4,5,7,4,4,1,5,1,1,18,23,2,9,1,1,C03,7,9,1,10,2,11,,23,23,1,22,9,C03,120.616521,24.107356,2
2022,5,27,7,44,臺中市,外埔區,0,1,0,6,1,5,50,3,1,1,3,4,5,7,4,4,5,5,5,2,12,8,3,10,1,1,B03,7,5,1,8,2,8,,8,8,1,4,1,B03,120.695516,24.333885,2
2022,5,27,7,45,臺中市,西屯區,0,1,0,6,1,5,50,3,1,1,4,4,5,7,1,2,4,3,5,2,16,16,2,8,1,1,C03,7,9,1,10,2,11,,16,16,1,22,8,C03,120.605256,24.171538,2
2022,5,27,7,47,臺中市,太平區,0,0,0,6,,,40,,,,,,,,,,,,,,,40,,,,,B12,,,1,,1,,,40,40,1,9,,B12,120.717256,24.152313,3
2022,5,27,7,48,臺中市,大雅區,0,0,0,6,,,30,,,,,,,,,,,,,,,35,,,,,B12,,,1,,2,,,35,35,1,22,,B12,120.666879,24.238545,3
2022,5,27,7,51,臺中市,龍井區,0,0,0,6,,,40,,,,,,,,,,,,,,,23,,,,,B12,,,1,,2,,,23,23,1,21,,B12,120.503011,24.21106,3
2022,5,27,7,53,臺中市,大里區,0,1,0,6,1,5,30,5,1,1,4,4,5,7,4,4,10,5,5,2,17,23,3,10,1,1,C03,7,9,1,10,2,15,,23,23,1,22,9,C03,120.711466,24.087336,2
2022,5,27,7,53,臺中市,梧棲區,0,0,0,6,,,50,,,,,,,,,,,,,,,6,,,,,B03,,,1,,1,,,6,6,1,9,,B03,120.546143,24.242792,3
2022,5,27,7,56,臺中市,大雅區,0,1,0,6,1,5,50,14,9,1,4,4,5,7,4,4,5,2,5,1,16,6,3,10,1,1,B12,7,6,1,8,2,5,,6,6,1,22,9,B12,120.668848,24.214543,2
2022,5,27,7,57,臺中市,北區,0,2,0,6,1,5,50,4,1,1,4,4,5,7,1,1,5,5,5,2,10,25,2,9,1,1,C03,7,9,1,10,11,11,,25,25,1,21,8,C03,120.685725,24.155948,2
2022,5,27,8,5,臺中市,北區,0,1,0,6,1,5,50,14,7,1,4,4,5,7,4,4,3,4,4,2,17,7,3,10,1,1,A02,7,7,1,2,2,2,,44,7,1,22,8,A02,120.6901,24.158352,2
2022,5,27,8,5,臺中市,北屯區,0,1,0,6,1,5,50,4,1,1,4,4,5,7,1,1,10,5,5,2,16,27,3,10,1,1,B03,7,5,1,8,2,4,,27,27,1,21,1,B03,120.723564,24.175015,2
2022,5,27,8,5,臺中市,后里區,0,1,0,6,1,5,50,14,9,1,4,4,5,7,4,4,5,4,5,1,18,22,2,9,1,1,C03,7,9,1,10,2,14,,22,22,1,20,5,C03,120.730265,24.33383,2
2022,5,27,8,11,臺中市,西屯區,0,3,0,6,1,5,50,4,1,1,4,4,5,7,2,1,5,4,4,2,16,6,2,9,3,4,C03,7,5,1,10,2,12,,6,6,1,22,8,C03,120.659055,24.160068,2
2022,5,27,8,14,臺中市,西屯區,0,3,0,1,1,5,40,14,8,1,4,4,5,7,4,4,10,5,1,2,18,42,2,9,1,1,C03,7,9,1,10,2,14,,42,42,1,22,8,C03,120.639989,24.203023,2
2022,5,27,8,21,臺中市,太平區,0,1,0,6,1,5,50,3,2,1,4,4,5,7,4,4,5,5,5,2,16,6,2,8,1,1,C03,7,6,1,10,2,11,,6,6,1,4,1,C03,120.720211,24.142559,2
2022,5,27,8,26,臺中市,北區,0,2,0,6,1,5,50,14,14,1,4,4,5,7,4,4,2,4,4,2,12,16,2,9,1,1,C03,7,12,1,10,2,14,,44,16,1,5,5,C03,120.684622,24.151374,2
2022,5,27,8,27,臺中市,南屯區,0,0,0,6,,,50,,,,,,,,,,,,,,,25,,,,,B03,,,1,,1,,,25,25,1,22,,B03,120.648375,24.13478,3
2022,5,27,8,29,臺中市,龍井區,0,1,0,6,1,5,50,14,9,1,4,4,5,7,4,4,5,5,5,1,17,23,2,9,3,4,C03,7,9,1,10,2,14,,23,23,1,22,9,C03,120.510541,24.215097,2
2022,5,27,8,30,臺中市,大甲區,0,0,0,6,,,50,,,,,,,,,,,,,,,23,,,,,B03,,,1,,1,,,23,23,1,21,,B03,120.650641,24.381588,3
2022,5,27,8,32,臺中市,豐原區,0,1,0,6,1,5,30,3,1,1,4,4,5,7,4,4,8,3,5,1,11,6,3,10,1,1,B03,7,5,1,8,2,8,,6,6,1,22,5,B03,120.74152,24.251112,2
2022,5,27,8,36,臺中市,南區,0,1,0,6,1,5,50,14,7,1,4,4,5,7,4,4,5,4,4,2,17,23,2,9,1,1,C03,7,9,1,10,2,12,11,23,23,1,21,8,C03,120.662135,24.126616,2
2022,5,27,8,39,臺中市,南區,0,1,0,6,1,5,40,14,7,1,4,4,5,7,4,4,9,4,4,2,12,19,3,10,3,4,B03,7,1,1,8,2,4,,19,19,1,21,8,B03,120.658524,24.115271,2
2022,5,27,8,42,臺中市,太平區,0,0,0,6,,,30,,,,,,,,,,,,,,,12,,,,,A11,,,1,,9,,,12,12,1,10,,A11,120.717631,24.137426,3
2022,5,27,8,44,臺中市,西區,0,1,0,6,1,5,50,4,1,1,4,4,5,7,1,1,10,5,5,2,3,23,3,10,3,4,B03,7,5,1,8,2,1,,23,23,1,22,8,B03,120.660183,24.136552,2
2022,5,27,8,50,臺中市,神岡區,0,0,0,6,,,50,,,,,,,,,,,,,,,19,,,,,B03,,,1,,1,,,19,19,1,21,,B03,120.696033,24.251655,3
2022,5,27,8,56,臺中市,外埔區,0,1,0,6,1,5,70,14,9,1,4,4,5,7,4,4,1,4,5,2,16,19,3,10,1,1,B03,7,1,1,8,2,8,,19,19,1,22,8,B03,120.64577,24.329846,2
2022,5,27,9,3,臺中市,西屯區,0,1,0,6,1,5,40,3,1,1,4,4,5,7,4,4,10,5,5,2,16,6,3,10,1,1,B03,7,6,6,8,2,8,,6,6,1,21,8,B03,120.616736,24.18218,2
2022,5,27,9,5,臺中市,北區,0,0,0,,,,30,,,,,,,,,,,,,,,6,,,,,B03,,,1,,1,,,6,6,1,21,,B03,120.670538,24.16628,3
2022,5,27,9,6,臺中市,大里區,0,0,0,6,1,5,30,11,9,1,4,4,5,7,4,4,10,5,5,2,11,17,,,,,B03,,,1,,2,,,17,17,1,3,,B03,120.712523,24.086775,3
2022,5,27,9,10,臺中市,梧棲區,0,0,0,,,,50,,,,,,,,,,,,,,,18,,,,,B03,,,1,,2,,,18,18,1,9,,B03,120.538839,24.250388,3
2022,5,27,9,11,臺中市,大雅區,0,0,0,6,,,50,,,,,,,,,,,,,,,12,,,,,B03,,,1,,2,,,12,12,1,22,,B03,120.649427,24.216226,3
2022,5,27,9,12,臺中市,大里區,0,2,0,6,1,5,50,14,9,1,4,4,5,7,4,4,5,2,5,1,16,10,3,10,1,1,B12,7,11,1,7,2,4,,10,10,1,22,9,B12,120.709037,24.088103,2
2022,5,27,9,17,臺中市,石岡區,0,0,0,6,,,50,,,,,,,,,,,,,,,16,,,,,B03,,,1,,2,,,16,16,1,22,,B03,120.791268,24.272253,3
2022,5,27,9,25,臺中市,清水區,0,0,0,6,1,5,40,14,7,1,4,4,5,7,1,1,1,4,4,1,12,23,3,10,1,1,B03,7,7,1,8,2,4,,23,23,1,5,5,B03,120.54384,24.267979,3
2022,5,27,9,29,臺中市,南屯區,0,1,0,6,1,5,50,3,9,1,4,4,5,7,4,4,5,4,5,2,17,42,2,9,1,1,C03,7,9,1,10,2,14,,42,42,1,22,8,C03,120.6441,24.122572,2
2022,5,27,9,30,臺中市,東區,0,1,0,6,1,5,50,4,1,1,4,4,5,7,1,1,10,5,5,2,15,43,2,7,1,1,C03,7,9,4,8,2,11,,43,43,1,22,8,C03,120.708898,24.135543,2
2022,5,27,9,37,臺中市,北區,0,0,0,6,,,50,,,,,,,,,,,,,,,23,,,,,B03,,,1,,1,,,23,23,1,22,,B03,120.680949,24.15816,3
2022,5,27,9,39,臺中市,大里區,0,1,0,7,1,5,50,14,9,1,5,4,5,7,1,1,5,5,5,1,3,15,3,10,1,1,B03,7,5,1,8,2,1,,15,15,1,22,8,B03,120.685978,24.102633,2
2022,5,27,9,45,臺中市,東區,0,0,0,,,,50,,,,,,,,,,,,,,,23,,,,,B03,,,1,,2,,,23,23,1,22,,B03,120.689252,24.129433,4
2022,5,27,9,45,臺中市,西屯區,0,1,0,6,1,5,40,14,8,1,4,3,5,7,4,4,1,4,1,2,18,43,2,8,1,1,C03,7,9,1,10,2,11,,43,43,1,22,8,C03,120.64258,24.201859,2
2022,5,27,9,50,臺中市,南區,0,0,0,,,,50,,,,,,,,,,,,,,,23,,,,,B12,,,1,,2,,,23,23,1,21,,B12,120.683641,24.125166,3
2022,5,27,9,53,臺中市,西屯區,0,1,0,6,1,5,50,4,1,1,4,4,5,7,2,1,10,5,5,2,16,6,2,9,1,1,C03,7,5,1,10,2,14,,6,6,1,21,8,C03,120.622185,24.174168,2
2022,5,27,9,55,臺中市,烏日區,0,1,0,6,1,5,60,4,1,1,4,4,5,6,2,1,10,5,5,2,12,7,3,10,1,1,C03,7,8,1,10,2,12,,7,7,1,21,8,C03,120.634166,24.106398,2
2022,5,27,10,5,臺中市,南屯區,0,1,0,6,1,5,50,4,1,1,4,4,5,7,4,4,5,4,5,2,16,26,3,10,1,1,B12,7,5,1,8,2,1,,26,26,1,22,8,B12,120.649958,24.139453,2
2022,5,27,10,5,臺中市,大肚區,0,1,0,6,1,5,50,3,2,1,4,4,5,7,1,1,10,5,5,2,16,9,3,10,1,1,B02,7,6,1,8,2,5,,9,9,1,2,1,B02,120.577083,24.118678,2
2022,5,27,10,6,臺中市,南屯區,0,0,0,6,,,30,,,,,,,,,,,,,,,23,,,,,B12,,,1,,2,,,23,23,1,22,,B12,120.628293,24.12058,3
2022,5,27,10,9,臺中市,烏日區,0,1,0,6,1,5,60,3,1,1,4,4,5,7,3,3,1,5,5,2,16,9,3,10,1,1,A11,7,6,1,2,2,5,,9,9,1,10,4,A11,120.63032,24.10034,2
2022,5,27,10,10,臺中市,北區,0,0,0,,,,50,,,,,,,,,,,,,,,12,,,,,B03,,,1,,2,,,12,12,1,5,,B03,120.675799,24.15971,3
2022,5,27,10,13,臺中市,潭子區,0,0,0,6,1,5,50,3,1,1,4,4,5,7,1,1,1,2,4,1,13,23,,,,,B03,,,1,,2,,,23,23,1,22,,B03,120.686755,24.209103,3
2022,5,27,10,18,臺中市,大雅區,0,1,0,6,1,5,50,14,8,1,4,4,5,7,4,4,1,4,4,1,17,23,2,9,1,1,C03,7,9,1,10,2,15,,23,23,1,22,9,C03,120.649345,24.216116,2
2022,5,27,10,27,臺中市,西屯區,0,2,0,6,1,5,50,4,1,1,4,4,5,7,1,1,1,3,5,2,16,16,2,9,1,1,C03,7,9,1,10,2,11,,16,16,1,22,8,C03,120.652432,24.166923,2
2022,5,27,10,30,臺中市,清水區,0,0,0,6,,,50,,,,,,,,,,,,,,,6,,,,,B03,,,1,,1,,,6,6,1,21,,B03,120.565874,24.271447,3
2022,5,27,10,36,臺中市,大里區,0,0,0,6,,,30,,,,,,,,,,,,,,,12,,,,,B03,,,1,,2,,,12,12,1,5,,B03,120.672455,24.102038,3
2022,5,27,10,38,臺中市,大里區,0,1,0,8,1,5,50,14,9,1,5,4,5,7,4,4,5,5,5,1,16,6,3,10,1,1,B03,7,5,1,8,2,8,,6,6,1,22,8,B03,120.690701,24.112575,2
2022,5,27,10,40,臺中市,大雅區,0,0,0,6,,,30,,,,,,,,,,,,,,,5,,,,,B11,,,1,,2,,,5,5,1,22,,B11,120.661925,24.229451,3
2022,5,27,10,42,臺中市,東區,0,0,0,,,,50,,,,,,,,,,,,,,,23,,,,,C03,,,1,,1,,,38,23,1,4,,C03,120.684905,24.135266,3
2022,5,27,10,50,臺中市,清水區,0,0,0,,,,60,,,,,,,,,,,,,,,23,,,,,A41,,,1,,2,,,23,23,1,10,,A41,120.552533,24.294823,3
2022,5,27,10,50,臺中市,豐原區,0,0,0,6,,,60,,,,,,,,,,,,,,,23,,,,,B03,,,1,,2,,,23,23,1,21,,B03,120.703546,24.23808,3
2022,5,27,10,58,臺中市,南屯區,0,1,0,6,1,5,50,14,9,1,4,4,5,7,4,4,9,4,4,2,17,10,3,10,1,1,B03,7,11,1,8,2,2,,10,10,1,22,9,B03,120.650279,24.136574,2
2022,5,27,11,0,臺中市,神岡區,0,0,0,,,,50,,,,,,,,,,,,,,,23,,,,,B03,,,7,,1,,,23,23,1,22,,B03,120.686428,24.24998,3
2022,5,27,11,4,臺中市,豐原區,0,0,0,6,,,50,,,,,,,,,,,,,,,17,,,,,B12,,,6,,2,,,17,17,1,5,,B12,120.698664,24.244969,3
2022,5,27,11,5,臺中市,大里區,0,0,0,6,1,5,50,14,9,1,5,4,5,7,4,4,9,5,5,2,14,12,,,,,B12,,,1,,2,,,12,12,1,7,,B12,120.698452,24.084903,3
2022,5,27,11,7,臺中市,西區,0,1,0,6,1,5,50,14,9,1,4,4,5,7,4,4,5,4,5,2,17,23,2,8,1,1,C03,7,9,1,10,2,12,,23,23,1,4,1,C03,120.671764,24.135006,2
2022,5,27,11,16,臺中市,神岡區,0,0,0,8,,,50,,,,,,,,,,,,,,,16,,,,,B03,,,1,,1,,,16,16,1,22,,B03,120.692251,24.248113,3
2022,5,27,11,17,臺中市,潭子區,0,0,0,6,,,60,,,,,,,,,,,,,,,23,,,,,B03,,,1,,2,,,23,23,1,22,,B03,120.706306,24.220646,3
2022,5,27,11,20,臺中市,豐原區,0,1,0,6,1,5,50,3,1,1,4,4,5,7,4,4,10,5,5,2,16,19,3,10,1,1,B03,7,1,1,8,2,5,,19,19,1,21,8,B03,120.721949,24.255177,2
2022,5,27,11,20,臺中市,神岡區,0,0,0,6,,,50,,,,,,,,,,,,,,,16,,,,,A12,,,1,,1,,,16,16,1,10,,A12,120.690746,24.247732,3
2022,5,27,11,30,臺中市,后里區,0,0,0,6,1,5,50,4,2,1,4,4,5,1,2,1,1,4,5,1,13,16,,,,,B03,,,1,,2,,,16,16,1,22,,B03,120.725341,24.32099,3
2022,5,27,11,30,臺中市,大甲區,0,1,0,7,1,5,50,3,1,1,4,4,5,7,3,1,10,5,5,2,16,6,3,10,1,1,B03,7,5,1,8,2,8,,6,6,1,4,8,B03,120.628511,24.420278,2
2022,5,27,11,35,臺中市,北區,0,0,0,,,,50,,,,,,,,,,,,,,,43,,,,,B03,,,1,,2,,,43,43,1,21,,B03,120.665783,24.166801,3
2022,5,27,11,40,臺中市,霧峰區,0,0,0,6,,,40,,,,,,,,,,,,,,,23,,,,,B03,,,1,,2,,,23,23,1,22,,B03,120.68757,24.043624,3
2022,5,27,11,41,臺中市,北屯區,0,0,0,6,,,50,,,,,,,,,,,,,,,23,,,,,B03,,,1,,2,,,23,23,1,21,,B03,120.694732,24.164947,3
2022,5,27,11,46,臺中市,西區,0,1,0,6,1,5,50,15,7,1,4,4,5,7,4,4,3,4,4,2,13,23,2,9,1,4,C03,7,15,1,10,2,11,,23,23,1,22,8,C03,120.662693,24.161146,2
2022,5,27,11,50,臺中市,梧棲區,0,2,0,6,1,5,50,4,1,1,4,4,5,7,4,4,10,5,5,1,15,6,2,9,1,1,B12,7,9,1,8,2,5,,6,6,1,12,8,B12,120.530199,24.248064,2
2022,5,27,11,58,臺中市,太平區,0,0,0,6,,,50,,,,,,,,,,,,,,,23,,,,,B03,,,1,,1,,,23,23,1,8,,B03,120.715396,24.13573,3
2022,5,27,12,0,臺中市,豐原區,0,2,0,6,1,5,30,3,1,1,4,4,5,7,3,1,4,3,4,1,15,6,2,7,1,1,C03,7,9,6,18,2,11,,6,6,1,22,5,C03,120.726037,24.250011,2
2022,5,27,12,6,臺中市,大里區,0,0,0,6,,,50,,,,,,,,,,,,,,,12,,,,,B03,,,1,,2,,,12,12,1,5,,B03,120.692078,24.100625,3
2022,5,27,12,10,臺中市,南屯區,0,3,0,6,1,5,50,14,7,1,4,4,5,7,4,4,5,4,5,2,12,16,2,9,1,1,C03,7,9,1,10,2,12,,16,16,1,22,8,C03,120.611006,24.145441,2
2022,5,27,12,15,臺中市,龍井區,0,0,0,8,,,50,,,,,,,,,,,,,,,23,,,,,B03,,,1,,2,,,38,23,1,22,,B03,120.592583,24.181537,3
2022,5,27,12,21,臺中市,西屯區,0,0,0,8,,,50,,,,,,,,,,,,,,,42,,,,,B03,,,1,,1,,,42,42,1,22,,B03,120.643535,24.165605,3
2022,5,27,12,25,臺中市,梧棲區,0,0,0,6,,,60,,,,,,,,,,,,,,,7,,,,,A31,,,1,,2,,,7,7,1,10,,A31,120.534654,24.245571,3
2022,5,27,12,33,臺中市,南屯區,0,0,0,8,,,40,,,,,,,,,,,,,,,10,,,,,B12,,,2,,2,,,10,10,1,22,,B12,120.614981,24.146021,3
2022,5,27,12,42,臺中市,北屯區,0,0,0,8,,,40,,,,,,,,,,,,,,,16,,,,,A11,,,1,,2,,,16,16,1,10,,A11,120.666716,24.201153,3
2022,5,27,12,43,臺中市,梧棲區,0,0,0,6,,,50,,,,,,,,,,,,,,,16,,,,,B03,,,1,,1,,,16,16,1,12,,B03,120.558469,24.25681,3
2022,5,27,12,48,臺中市,北區,0,0,0,6,,,1,,,,,,,,,,,,,,,23,,,,,C03,,,1,,11,,,23,23,1,22,,C03,120.686586,24.152721,3
2022,5,27,12,50,臺中市,豐原區,0,2,0,7,1,5,50,3,1,1,4,4,5,7,1,1,5,5,5,2,16,25,2,9,1,1,C03,7,9,1,10,2,12,,25,25,1,9,8,C03,120.720465,24.266073,2
2022,5,27,12,56,臺中市,南區,0,0,0,,,,40,,,,,,,,,,,,,,,19,,,,,B03,,,1,,2,,,19,19,1,22,,B03,120.656736,24.11387,3
2022,5,27,13,8,臺中市,南屯區,0,2,0,7,1,5,50,4,1,1,5,4,5,7,2,1,10,5,5,2,17,6,2,9,1,1,B03,7,5,1,8,2,1,,6,6,1,22,9,B03,120.633645,24.141408,2
2022,5,27,13,12,臺中市,太平區,0,0,0,,,,50,,,,,,,,,,,,,,,25,,,,,C03,,,1,,2,,,25,25,1,18,,C03,120.71228,24.157244,3
2022,5,27,13,15,臺中市,北屯區,0,2,0,7,1,5,50,4,1,1,4,4,5,7,2,1,10,5,5,2,16,25,2,9,1,1,C03,7,9,6,18,2,11,,25,25,1,21,8,C03,120.681746,24.177923,2
2022,5,27,13,27,臺中市,北區,0,1,0,8,1,5,50,3,2,1,5,4,5,7,4,4,1,2,5,2,16,6,3,10,1,1,B03,7,6,1,8,2,2,,6,6,1,5,8,B03,120.685478,24.163177,2
2022,5,27,13,36,臺中市,清水區,0,1,0,7,1,5,50,3,1,1,4,4,5,7,3,1,10,5,5,2,13,23,2,8,1,1,C03,7,5,1,10,2,11,,23,23,1,5,5,C03,120.573245,24.274881,2
2022,5,27,13,40,臺中市,霧峰區,0,0,0,6,,,30,,,,,,,,,,,,,,,35,,,,,B12,,,1,,2,,,35,35,1,22,,B12,120.68684,24.043975,3
2022,5,27,13,50,臺中市,東勢區,0,2,0,8,1,5,60,14,9,1,5,4,5,7,4,4,4,4,4,1,16,11,2,7,1,1,C03,7,11,3,18,2,14,,11,11,1,22,9,C03,120.80554,24.283861,2
2022,5,27,13,56,臺中市,大甲區,0,0,0,8,,,30,,,,,,,,,,,,,,,17,,,,,B03,,,1,,1,,,17,17,1,4,,B03,120.637615,24.357053,3
2022,5,27,13,59,臺中市,豐原區,0,1,0,6,1,5,50,5,1,1,4,4,5,7,1,3,10,5,5,2,15,6,3,10,1,1,B03,7,9,1,8,2,4,,6,6,1,21,8,B03,120.720218,24.236702,2
2022,5,27,14,0,臺中市,霧峰區,0,0,0,8,,,30,,,,,,,,,,,,,,,42,,,,,A11,,,1,,9,,,42,42,1,22,,A11,120.674846,24.035203,3
2022,5,27,14,13,臺中市,西屯區,0,2,0,6,1,5,50,3,1,1,4,4,5,7,4,4,5,4,4,2,16,8,2,9,3,4,C03,7,5,1,10,2,14,,8,8,1,22,8,C03,120.66387,24.164708,2
2022,5,27,14,18,臺中市,東區,0,2,0,6,1,5,50,3,1,1,4,4,5,7,4,4,10,5,5,2,16,6,2,7,1,1,C03,7,5,1,10,2,14,,6,6,1,22,8,C03,120.692612,24.152751,2
2022,5,27,14,21,臺中市,東區,0,1,0,6,1,5,40,14,8,1,4,4,5,7,4,4,5,4,4,2,29,44,2,9,1,1,C03,7,9,1,10,2,11,14,44,44,1,21,8,C03,120.697296,24.143026,2
2022,5,27,14,28,臺中市,北屯區,0,1,0,6,1,5,50,4,1,1,4,1,5,7,4,4,10,5,5,2,15,6,2,6,1,1,C03,7,9,1,10,2,11,,14,14,1,21,8,C03,120.702748,24.178235,2
2022,5,27,14,30,臺中市,西屯區,0,1,0,6,1,5,50,11,9,1,4,4,5,7,4,4,5,5,5,2,26,23,2,3,1,1,B03,7,9,1,8,2,5,,23,23,1,21,8,B03,120.654729,24.162131,2
2022,5,27,14,37,臺中市,北區,0,1,0,6,1,5,50,3,1,1,4,4,5,7,4,4,10,5,5,2,18,23,2,9,1,1,C03,7,12,1,10,2,14,,23,23,1,5,5,C03,120.688697,24.152433,2
2022,5,27,14,40,臺中市,南屯區,0,0,0,6,,,50,,,,,,,,,,,,,,,23,,,,,B03,,,1,,9,,,23,23,1,22,,B03,120.644722,24.149722,3
2022,5,27,14,40,臺中市,豐原區,0,0,0,8,,,30,,,,,,,,,,,,,,,16,,,,,B03,,,1,,2,,,16,16,1,22,,B03,120.715399,24.248764,3
2022,5,27,14,47,臺中市,大甲區,0,2,0,6,1,5,50,4,1,1,4,4,5,7,4,4,10,5,5,2,15,6,3,10,1,1,B03,7,9,1,8,2,5,,6,6,1,4,8,B03,120.622184,24.344801,2
2022,5,27,14,49,臺中市,南屯區,0,0,0,,,,50,,,,,,,,,,,,,,,23,,,,,B03,,,1,,2,,,23,23,1,22,,B03,120.622664,24.140245,3
2022,5,27,14,49,臺中市,后里區,0,0,0,6,1,5,60,14,7,1,4,4,5,7,4,4,1,4,4,1,13,16,,,,,B03,,,1,,1,,,16,16,1,22,,B03,120.723124,24.288267,3
2022,5,27,14,50,臺中市,神岡區,0,1,0,6,1,5,60,4,1,1,4,4,5,7,1,1,1,4,4,2,17,8,3,10,1,1,C03,7,5,1,10,2,12,,8,8,1,12,8,C03,120.678423,24.245913,2
2022,5,27,14,55,臺中市,大雅區,0,2,0,6,1,5,50,4,1,1,4,4,5,7,1,1,10,5,5,2,13,16,2,7,1,1,C03,7,9,1,10,2,11,,16,16,1,22,9,C03,120.64427,24.22711,2
2022,5,27,14,57,臺中市,豐原區,0,0,0,,,,50,,,,,,,,,,,,,,,12,,,,,B12,,,1,,2,,,12,12,1,22,,B12,120.70913,24.248308,3
2022,5,27,15,0,臺中市,西區,0,1,0,6,1,5,50,4,1,1,4,4,5,7,1,1,10,5,5,2,16,6,3,10,1,1,B03,7,5,1,8,2,4,,6,6,1,20,8,B03,120.675356,24.136376,2
2022,5,27,15,3,臺中市,北區,0,0,0,8,,,50,,,,,,,,,,,,,,,23,,,,,B03,,,1,,1,,,23,23,1,5,,B03,120.682365,24.163041,3
2022,5,27,15,3,臺中市,大里區,0,1,0,7,1,5,80,14,7,1,5,4,5,7,4,4,1,3,5,1,20,44,2,9,1,1,B03,7,9,1,8,9,4,,44,44,1,5,8,B03,120.697513,24.111953,2
2022,5,27,15,4,臺中市,大甲區,0,0,0,6,,,40,,,,,,,,,,,,,,,67,,,,,B12,,,1,,2,,,67,67,1,22,,B12,120.626344,24.347047,3
2022,5,27,15,10,臺中市,南屯區,0,1,0,6,1,5,30,14,9,1,4,4,5,7,4,4,10,5,5,2,2,23,3,10,1,1,B12,7,9,1,8,2,1,,23,23,1,5,8,B12,120.604538,24.13611,2
2022,5,27,15,15,臺中市,西區,0,1,0,6,1,5,50,4,1,1,4,4,5,7,1,1,5,5,5,2,12,6,3,10,3,4,B03,7,6,1,8,1,2,,6,6,1,21,8,B03,120.665263,24.146731,2
2022,5,27,15,17,臺中市,南區,0,1,0,6,1,5,40,14,8,1,4,4,5,7,4,4,1,4,4,2,13,23,2,9,1,4,C03,7,9,1,10,2,11,,23,23,1,21,8,C03,120.656219,24.116121,2
2022,5,27,15,26,臺中市,龍井區,0,0,0,6,,,50,,,,,,,,,,,,,,,23,,,,,B03,,,6,,2,,,23,23,1,21,,B03,120.514851,24.198215,3
2022,5,27,15,27,臺中市,大甲區,0,0,0,,,,50,,,,,,,,,,,,,,,6,,,,,B03,,,1,,1,,,6,6,1,21,,B03,120.618213,24.346219,3
2022,5,27,15,30,臺中市,西區,0,1,0,6,1,5,50,4,2,1,4,4,5,7,1,1,5,2,5,2,13,23,3,10,1,1,B12,7,9,1,8,2,1,,23,23,1,22,7,B12,120.672769,24.135858,2
2022,5,27,15,35,臺中市,大里區,0,0,0,6,,,50,,,,,,,,,,,,,,,12,,,,,B03,,,1,,9,,,12,12,1,19,,B03,120.673529,24.11463,3
2022,5,27,15,35,臺中市,太平區,0,0,0,6,,,30,,,,,,,,,,,,,,,6,,,,,B03,,,1,,2,,,6,6,1,22,,B03,120.728611,24.154999,3
2022,5,27,15,44,臺中市,豐原區,0,0,0,6,,,50,,,,,,,,,,,,,,,17,,,,,B03,,,1,,2,,,17,17,1,21,,B03,120.729438,24.2564,3
2022,5,27,15,49,臺中市,南區,0,1,0,6,1,5,50,14,9,1,4,4,5,7,4,4,9,5,5,2,12,23,3,10,1,1,B01,7,9,1,4,2,2,,23,23,1,22,8,B01,120.667081,24.128668,2
2022,5,27,15,51,臺中市,西區,0,2,0,6,1,5,50,4,1,1,4,4,5,7,1,1,10,5,5,2,16,6,3,10,1,1,B03,7,6,1,8,2,2,,6,6,1,22,8,B03,120.668769,24.144891,2
2022,5,27,16,0,臺中市,南屯區,0,0,0,6,,,50,,,,,,,,,,,,,,,23,,,,,B03,,,1,,1,,,23,23,1,22,,B03,120.632777,24.148888,3
2022,5,27,16,5,臺中市,北區,0,0,0,6,,,50,,,,,,,,,,,,,,,42,,,,,B12,,,1,,1,,,42,42,1,22,,B12,120.685162,24.149781,3
2022,5,27,16,5,臺中市,沙鹿區,0,0,0,6,,,50,,,,,,,,,,,,,,,26,,,,,B03,,,1,,2,,,26,26,1,20,,B03,120.568726,24.238312,3
2022,5,27,16,8,臺中市,豐原區,0,3,0,7,1,5,50,3,1,1,4,4,5,7,4,4,5,5,5,1,16,6,2,9,1,1,C03,7,5,1,10,2,11,14,6,6,1,5,3,C03,120.734069,24.239162,2
2022,5,27,16,13,臺中市,豐原區,0,0,0,6,,,50,,,,,,,,,,,,,,,23,,,,,B12,,,3,,2,,,23,23,1,21,,B12,120.72354,24.244445,3