年,月,日,時,分,縣市,區,死,受傷,2-30,天候,光線,道路類別,速限,道路型態,事故位置,路面鋪裝,路面狀態,路面缺陷,障礙物,視距,號誌種類,號誌動作,分向設施,快車道或一般車道間,快慢車道間,路面邊線,事故類型及型態,主要肇因,受傷程度,主要傷處,保護裝備,行動電話,當事者區分,車輛用途,當事者行動狀態,駕駛資格情形,駕駛執照種類,飲酒情形,車輛撞擊部位最初,車輛撞擊部位其他,肇事因素個別,肇事因素主要,肇事逃逸,職業,旅次目的,車種,GPS緯度,GPS經度,事故類別
2022,5,27,16,20,臺中市,豐原區,0,1,0,6,1,5,30,14,5,1,4,4,5,7,3,1,8,3,4,1,13,43,2,9,1,1,C03,7,12,1,10,2,12,,43,43,1,22,5,C03,120.736274,24.255505,2
2022,5,27,16,21,臺中市,西屯區,0,0,0,6,,,50,,,,,,,,,,,,,,,17,,,,,B03,,,1,,1,,,17,17,1,22,,B03,120.643891,24.17501,3
2022,5,27,16,22,臺中市,沙鹿區,0,1,0,6,1,5,50,4,18,1,4,4,5,7,1,1,10,5,5,2,3,23,3,10,1,1,B03,7,5,1,8,2,1,,23,23,1,4,7,B03,120.573294,24.222368,2
2022,5,27,16,24,臺中市,北區,0,0,0,8,,,40,,,,,,,,,,,,,,,12,,,,,B03,,,1,,2,,,12,12,1,5,,B03,120.669866,24.159359,3
2022,5,27,16,25,臺中市,大雅區,0,0,0,6,,,30,,,,,,,,,,,,,,,16,,,,,B12,,,1,,2,,,16,16,1,22,,B12,120.64997,24.2189,3
2022,5,27,16,26,臺中市,北區,0,0,0,6,,,50,,,,,,,,,,,,,,,23,,,,,B03,,,6,,1,,,23,23,1,22,,B03,120.682583,24.153366,3
2022,5,27,16,27,臺中市,北區,0,0,0,6,,,50,,,,,,,,,,,,,,,42,,,,,B03,,,1,,1,,,42,42,1,20,,B03,120.678167,24.151133,3
2022,5,27,16,28,臺中市,神岡區,0,1,0,6,1,5,50,3,1,1,4,4,5,7,1,1,10,5,5,2,17,8,3,10,3,4,B03,7,5,1,8,2,8,,8,8,1,22,9,B03,120.668278,24.257331,2
2022,5,27,16,30,臺中市,南區,0,1,0,6,1,5,50,3,1,1,4,4,5,7,4,4,10,5,5,2,18,23,2,9,1,1,C03,7,5,1,10,2,14,,23,23,1,22,8,C03,120.671402,24.119126,2
2022,5,27,16,30,臺中市,大里區,0,0,0,6,,,50,,,,,,,,,,,,,,,17,,,,,A41,,,1,,11,,,17,17,1,10,,A41,120.701883,24.08187,3
2022,5,27,16,33,臺中市,南屯區,0,0,0,,,,50,,,,,,,,,,,,,,,38,,,,,B02,,,1,,2,,,38,38,1,22,,B02,120.649544,24.148188,3
2022,5,27,16,34,臺中市,西屯區,0,0,0,6,,,50,,,,,,,,,,,,,,,2,,,,,B03,,,1,,1,,,2,2,1,22,,B03,120.656495,24.19804,3
2022,5,27,16,36,臺中市,北區,0,0,0,6,,,50,,,,,,,,,,,,,,,26,,,,,B03,,,1,,1,,,26,26,1,5,,B03,120.685119,24.165279,3
2022,5,27,16,45,臺中市,后里區,0,0,0,6,1,5,60,4,2,1,4,4,5,7,2,1,5,4,5,1,13,16,,,,,B03,,,3,,9,,,16,16,1,22,,B03,120.681637,24.315703,3
2022,5,27,16,49,臺中市,北區,0,0,0,6,,,50,,,,,,,,,,,,,,,23,,,,,B02,,,1,,1,,,23,23,1,22,,B02,120.687329,24.165388,3
2022,5,27,17,0,臺中市,西區,0,0,0,,,,50,,,,,,,,,,,,,,,44,,,,,B03,,,1,,1,,,44,44,1,21,,B03,120.656463,24.146719,3
2022,5,27,17,3,臺中市,北屯區,0,1,0,6,1,5,50,4,1,1,4,4,5,7,1,1,10,5,5,2,15,25,2,9,3,4,C03,7,9,1,10,2,11,,25,25,1,21,8,C03,120.681268,24.169658,2
2022,5,27,17,9,臺中市,清水區,0,0,0,6,,,50,,,,,,,,,,,,,,,23,,,,,B12,,,1,,2,,,23,23,1,5,,B12,120.575239,24.278944,3
2022,5,27,17,16,臺中市,北區,0,0,0,6,,,50,,,,,,,,,,,,,,,16,,,,,B11,,,4,,1,,,16,16,1,5,,B11,120.673812,24.164794,3
2022,5,27,17,16,臺中市,龍井區,0,0,0,6,,,30,,,,,,,,,,,,,,,6,,,,,B03,,,1,,2,,,6,6,1,3,,B03,120.504316,24.197541,3
2022,5,27,17,22,臺中市,西屯區,0,0,0,6,,,50,,,,,,,,,,,,,,,6,,,,,B03,,,1,,2,,,6,6,1,22,,B03,120.654953,24.195827,3
2022,5,27,17,22,臺中市,梧棲區,0,1,0,6,1,5,30,3,1,1,4,4,5,7,4,4,10,5,5,2,16,6,2,8,1,1,C03,7,5,1,10,2,12,,6,6,1,22,8,C03,120.530114,24.251286,2
2022,5,27,17,23,臺中市,太平區,0,1,0,6,2,5,50,14,9,1,4,4,5,7,4,4,5,5,5,1,16,26,3,10,1,1,B03,7,11,1,8,2,8,,26,26,1,5,8,B03,120.733789,24.157189,2
2022,5,27,17,27,臺中市,北區,0,0,0,6,,,50,,,,,,,,,,,,,,,17,,,,,B03,,,1,,1,,,17,17,1,20,,B03,120.682009,24.160256,3
2022,5,27,17,27,臺中市,北區,0,2,0,6,1,5,40,4,1,1,4,4,5,7,4,4,10,5,5,2,15,6,2,9,1,1,C03,7,9,1,10,2,12,,6,6,1,22,8,C03,120.681692,24.16215,2
2022,5,27,17,29,臺中市,南屯區,0,1,0,6,2,5,50,3,1,1,4,4,5,7,4,4,10,5,5,2,16,8,2,8,1,1,C03,7,5,1,10,2,14,,8,8,1,20,8,C03,120.612744,24.138228,2
2022,5,27,17,29,臺中市,清水區,0,1,0,6,1,5,50,4,1,1,4,4,5,7,1,1,4,5,5,2,3,23,3,10,1,1,B03,7,5,1,8,2,8,,23,23,1,21,8,B03,120.573887,24.267813,2
2022,5,27,17,30,臺中市,潭子區,0,2,0,6,1,5,50,14,7,1,4,4,5,7,4,4,5,4,4,2,16,10,2,9,1,1,C03,7,11,3,18,2,12,,10,10,1,22,8,C03,120.688542,24.210733,2
2022,5,27,17,30,臺中市,霧峰區,0,0,0,6,,,30,,,,,,,,,,,,,,,17,,,,,B03,,,1,,2,,,17,17,1,4,,B03,120.66667,24.075223,3
2022,5,27,17,30,臺中市,清水區,0,0,0,6,,,40,,,,,,,,,,,,,,,19,,,,,B03,,,3,,2,,,19,19,1,5,,B03,120.568395,24.277095,3
2022,5,27,17,32,臺中市,沙鹿區,0,1,0,6,1,5,50,4,1,1,4,4,5,7,1,1,10,5,5,2,17,42,3,10,1,1,B03,7,9,1,8,2,4,,42,42,1,9,7,B03,120.558588,24.227781,2
2022,5,27,17,33,臺中市,神岡區,0,0,0,6,,,50,,,,,,,,,,,,,,,12,,,,,B03,,,1,,1,,,12,12,1,22,,B03,120.6968,24.255841,3
2022,5,27,17,42,臺中市,太平區,0,1,0,6,1,5,50,14,9,1,4,4,5,7,4,4,5,4,5,1,13,16,2,7,1,1,C03,7,9,1,10,1,11,,16,16,1,22,8,C03,120.719166,24.133611,2
2022,5,27,17,43,臺中市,龍井區,0,1,0,6,1,5,30,3,2,1,4,4,5,7,4,4,1,4,4,2,17,23,3,10,3,4,B12,7,9,1,8,2,1,,23,23,1,22,9,B12,120.57383,24.185732,2
2022,5,27,17,45,臺中市,大雅區,0,0,0,6,,,40,,,,,,,,,,,,,,,23,,,,,B03,,,1,,2,,,23,23,1,22,,B03,120.65651,24.220782,3
2022,5,27,17,45,臺中市,西區,0,1,0,6,1,5,50,4,1,1,4,4,5,7,4,4,5,4,4,2,16,6,2,9,1,1,C03,7,5,1,10,2,12,,6,6,1,20,8,C03,120.661556,24.152891,2
2022,5,27,17,47,臺中市,大肚區,0,0,0,,,,50,,,,,,,,,,,,,,,18,,,,,B12,,,1,,2,,,18,18,1,10,,B12,120.581223,24.174159,3
2022,5,27,17,50,臺中市,太平區,0,0,0,6,,,50,,,,,,,,,,,,,,,12,,,,,B03,,,1,,2,,,12,12,1,3,,B03,120.71503,24.137404,3
2022,5,27,17,50,臺中市,神岡區,0,0,0,8,,,30,,,,,,,,,,,,,,,17,,,,,B03,,,1,,1,,,17,17,1,12,,B03,120.699847,24.253714,3
2022,5,27,17,51,臺中市,北區,0,1,0,6,1,5,50,3,1,1,4,4,5,7,4,4,1,4,5,2,16,9,3,10,1,1,B03,7,6,1,8,2,5,,9,9,1,5,8,B03,120.676017,24.149832,2
2022,5,27,17,54,臺中市,北屯區,0,1,0,6,1,5,50,14,9,1,4,4,5,7,4,4,1,4,5,2,17,23,2,8,1,1,C03,7,9,1,10,9,12,,23,23,1,18,8,C03,120.727525,24.169579,2
2022,5,27,17,57,臺中市,神岡區,0,0,0,6,,,60,,,,,,,,,,,,,,,44,,,,,B03,,,1,,2,,,44,44,1,22,,B03,120.682611,24.246183,3
2022,5,27,17,58,臺中市,南屯區,0,1,0,6,2,5,50,14,9,1,4,4,5,7,4,4,9,5,5,2,17,19,3,10,1,1,B03,7,1,1,8,11,8,,19,19,2,5,8,B03,120.61358,24.147798,2
2022,5,27,18,0,臺中市,西屯區,0,1,0,6,1,5,50,3,1,1,4,4,5,7,1,1,9,2,4,2,16,6,3,10,3,4,B03,7,5,1,8,2,5,,6,6,1,22,8,B03,120.606576,24.193954,2
2022,5,27,18,8,臺中市,大里區,0,2,0,6,1,5,80,14,9,1,4,4,5,7,4,4,2,3,5,1,16,42,2,9,1,1,B03,7,15,1,8,2,2,,42,42,1,22,8,B03,120.682638,24.078936,2
2022,5,27,18,10,臺中市,大里區,0,1,0,7,3,5,50,14,8,1,5,4,5,7,4,4,5,2,5,1,13,23,2,9,1,1,C03,7,9,1,10,2,11,,23,23,1,16,8,C03,120.674614,24.110306,2
2022,5,27,18,13,臺中市,西屯區,0,2,0,7,3,5,30,4,1,1,4,4,5,7,2,1,10,5,5,2,17,26,3,10,1,1,B03,7,6,1,8,2,15,,26,26,1,22,8,B03,120.644566,24.161098,2
2022,5,27,18,14,臺中市,梧棲區,0,0,0,6,,,50,,,,,,,,,,,,,,,10,,,,,B03,,,1,,1,,,10,10,1,22,,B03,120.541028,24.246539,3
2022,5,27,18,15,臺中市,北屯區,0,0,0,6,,,40,,,,,,,,,,,,,,,43,,,,,B03,,,1,,1,,,43,43,1,22,,B03,120.682798,24.173633,3
2022,5,27,18,15,臺中市,太平區,0,1,0,6,1,5,50,5,1,1,4,4,5,7,2,1,10,5,5,2,16,16,2,8,1,1,C03,7,9,1,10,2,14,,16,16,1,22,8,C03,120.702777,24.148055,2
2022,5,27,18,16,臺中市,北屯區,0,1,0,6,2,5,50,5,1,1,4,4,5,7,1,1,10,5,5,2,17,42,2,1,3,4,B03,7,15,1,8,1,2,,42,42,1,21,8,B03,120.688623,24.165014,2
2022,5,27,18,16,臺中市,大里區,0,0,0,6,,,50,,,,,,,,,,,,,,,12,,,,,B12,,,1,,11,,,12,12,1,5,,B12,120.685658,24.103085,3
2022,5,27,18,16,臺中市,大安區,0,1,0,6,1,5,30,14,9,1,4,4,5,7,4,4,5,5,5,1,18,43,2,1,1,1,C03,7,9,1,10,7,12,,43,43,1,4,8,C03,120.601428,24.34537,2
2022,5,27,18,19,臺中市,清水區,0,0,0,6,,,50,,,,,,,,,,,,,,,23,,,,,B02,,,1,,2,,,23,23,1,21,,B02,120.573114,24.263318,3
2022,5,27,18,20,臺中市,北屯區,0,1,0,6,3,5,50,14,8,1,4,4,5,7,4,4,1,4,4,2,13,16,2,8,1,1,C03,7,9,1,10,2,11,,16,16,1,21,8,C03,120.66624,24.182102,2
2022,5,27,18,25,臺中市,西屯區,0,0,0,6,,,50,,,,,,,,,,,,,,,16,,,,,C03,,,1,,1,,,16,16,1,22,,C03,120.611615,24.187008,3
2022,5,27,18,33,臺中市,南區,0,0,0,6,,,50,,,,,,,,,,,,,,,23,,,,,B12,,,6,,1,,,23,23,1,20,,B12,120.657951,24.124199,3
2022,5,27,18,35,臺中市,豐原區,0,1,0,6,3,5,50,3,1,1,4,4,5,7,1,1,5,5,5,2,3,23,3,10,3,4,B03,7,5,1,8,2,1,,23,23,1,2,8,B03,120.721748,24.2392,2
2022,5,27,18,39,臺中市,南屯區,0,0,0,6,,,50,,,,,,,,,,,,,,,7,,,,,B03,,,1,,1,,,7,7,1,4,,B03,120.6198,24.153399,3
2022,5,27,18,40,臺中市,大雅區,0,1,0,6,2,5,30,14,9,1,4,4,5,7,4,4,10,5,5,1,17,1,2,9,1,1,C03,7,4,4,8,2,15,,1,1,1,22,9,C03,120.67013,24.23298,2
2022,5,27,18,40,臺中市,龍井區,0,0,0,8,,,50,,,,,,,,,,,,,,,23,,,,,B03,,,1,,2,,,23,23,1,22,,B03,120.589046,24.180697,3
2022,5,27,18,50,臺中市,清水區,0,0,0,6,,,50,,,,,,,,,,,,,,,6,,,,,B03,,,1,,2,,,6,6,1,5,,B03,120.551765,24.297665,3
2022,5,27,18,55,臺中市,龍井區,0,0,0,8,,,50,,,,,,,,,,,,,,,17,,,,,B03,,,1,,2,,,17,17,1,22,,B03,120.592905,24.182598,3
2022,5,27,19,2,臺中市,太平區,0,0,0,6,,,50,,,,,,,,,,,,,,,12,,,,,B03,,,6,,2,,,12,12,1,20,,B03,120.714166,24.149444,3
2022,5,27,19,25,臺中市,潭子區,0,0,0,6,,,60,,,,,,,,,,,,,,,16,,,,,B03,,,1,,2,,,16,16,1,22,,B03,120.705665,24.217838,3
2022,5,27,19,30,臺中市,潭子區,0,0,0,6,,,50,,,,,,,,,,,,,,,7,,,,,B03,,,1,,2,,,7,7,1,22,,B03,120.705871,24.215581,3
2022,5,27,19,33,臺中市,南區,0,0,0,6,3,5,50,5,2,1,5,4,5,7,1,1,10,5,5,2,13,16,3,10,1,1,B03,7,9,1,8,2,1,,16,16,1,5,8,B03,120.67359,24.126363,3
2022,5,27,19,34,臺中市,西屯區,0,0,0,6,,,50,,,,,,,,,,,,,,,23,,,,,A11,,,1,,2,,,23,23,1,22,,A11,120.614102,24.175666,3
2022,5,27,19,42,臺中市,南區,0,1,0,6,3,5,40,4,1,1,4,4,5,7,1,1,10,5,5,2,17,42,2,9,1,1,C03,7,9,1,10,2,12,,42,42,1,6,8,C03,120.678658,24.128177,2
2022,5,27,19,42,臺中市,豐原區,0,0,0,6,,,50,,,,,,,,,,,,,,,12,,,,,B01,,,1,,2,,,12,12,1,22,,B01,120.736236,24.250966,3
2022,5,27,19,50,臺中市,大甲區,0,0,0,6,,,90,,,,,,,,,,,,,,,7,,,,,B03,,,1,,1,,,44,7,1,4,,B03,120.586968,24.37952,3
2022,5,27,19,53,臺中市,西屯區,0,1,0,6,3,5,50,14,9,1,4,4,5,7,4,4,1,4,5,2,16,6,3,10,3,4,B03,7,6,1,8,2,6,,6,6,1,22,8,B03,120.643581,24.171814,2
2022,5,27,19,59,臺中市,太平區,0,1,0,6,3,5,50,4,1,1,4,4,5,7,1,1,10,5,5,2,16,19,2,9,1,1,C03,7,1,1,10,2,11,,19,19,1,6,8,C03,120.725925,24.13359,2
2022,5,27,20,13,臺中市,南屯區,0,0,0,,,,50,,,,,,,,,,,,,,,7,,,,,B03,,,1,,1,,,7,7,1,22,,B03,120.62883,24.147555,3
2022,5,27,20,17,臺中市,南屯區,0,1,0,7,3,5,40,4,1,1,5,4,5,7,1,1,5,5,4,2,13,23,3,10,1,1,B01,7,9,1,4,2,1,,23,23,1,10,8,B01,120.613679,24.14094,2
2022,5,27,20,18,臺中市,北區,0,0,0,,,,50,,,,,,,,,,,,,,,6,,,,,B01,,,1,,2,,,6,6,1,5,,B01,120.676852,24.155758,3
2022,5,27,20,20,臺中市,大里區,0,1,0,7,3,5,50,14,8,1,5,4,5,7,4,4,5,2,5,2,17,40,3,10,1,1,B12,7,13,1,8,2,8,,40,40,1,4,8,B12,120.686443,24.103998,2
2022,5,27,20,23,臺中市,豐原區,0,3,0,6,3,5,50,4,1,1,4,4,5,7,3,1,10,5,5,2,16,6,2,9,1,1,C03,7,5,1,10,2,14,,6,6,1,19,8,C03,120.712967,24.255358,2
2022,5,27,20,26,臺中市,大肚區,0,0,0,6,,,30,,,,,,,,,,,,,,,12,,,,,B03,,,1,,2,,,12,12,1,12,,B03,120.553532,24.139865,3
2022,5,27,20,30,臺中市,南屯區,0,1,0,6,3,5,50,4,1,1,4,4,5,7,1,1,10,5,5,2,17,26,3,10,3,4,B03,7,8,1,8,2,15,,26,26,1,12,8,B03,120.636205,24.146723,2
2022,5,27,20,38,臺中市,西區,0,1,0,7,3,5,50,4,1,1,4,4,5,7,1,1,5,5,5,2,3,67,2,9,3,4,H01,8,16,8,20,10,16,,67,67,1,22,8,H01,120.653002,24.147774,2
2022,5,27,20,40,臺中市,霧峰區,0,2,0,6,3,5,40,3,1,1,4,4,5,7,3,1,10,5,5,2,16,4,2,8,1,1,C03,7,5,1,10,2,11,,4,4,1,22,8,C03,120.679735,24.065,2
2022,5,27,20,45,臺中市,東區,0,1,0,6,3,5,50,14,7,1,4,4,5,7,4,4,3,4,4,2,16,7,3,10,3,4,B03,7,7,1,7,2,8,,7,7,1,5,8,B03,120.690286,24.126016,2
2022,5,27,20,45,臺中市,豐原區,0,2,0,7,3,5,30,4,1,1,4,4,5,7,1,1,10,3,5,1,15,25,2,8,1,1,C03,7,9,1,10,9,12,,25,25,1,22,5,C03,120.712013,24.245342,2
2022,5,27,20,50,臺中市,南區,0,1,0,6,3,5,50,14,7,1,4,4,5,7,4,4,5,4,5,2,17,26,3,10,1,1,B03,7,11,1,8,2,15,,26,26,1,22,8,B03,120.666629,24.114805,2
2022,5,27,20,51,臺中市,豐原區,0,0,0,6,,,30,,,,,,,,,,,,,,,12,,,,,B03,,,1,,2,,,12,12,1,22,,B03,120.707213,24.241183,3
2022,5,27,20,59,臺中市,神岡區,0,0,0,6,,,30,,,,,,,,,,,,,,,17,,,,,B03,,,1,,2,,,17,17,1,10,,B03,120.699854,24.266369,3
2022,5,27,21,2,臺中市,南屯區,0,1,0,6,3,5,50,14,7,1,4,4,5,7,4,4,9,5,4,2,18,43,2,9,1,1,C03,7,9,1,10,2,11,12,43,43,1,5,4,C03,120.631511,24.142911,2
2022,5,27,21,8,臺中市,清水區,0,0,0,6,,,60,,,,,,,,,,,,,,,23,,,,,B03,,,1,,1,,,23,23,1,21,,B03,120.561776,24.272001,3
2022,5,27,21,10,臺中市,霧峰區,0,0,0,6,,,60,,,,,,,,,,,,,,,18,,,,,B03,,,1,,1,,,18,18,1,12,,B03,120.696271,24.066916,4
2022,5,27,21,17,臺中市,豐原區,0,0,0,6,,,40,,,,,,,,,,,,,,,12,,,,,B12,,,1,,2,,,12,12,1,22,,B12,120.703344,24.246334,3
2022,5,27,21,20,臺中市,西屯區,0,1,0,6,3,5,50,3,2,1,4,4,5,7,4,4,4,5,4,2,18,42,2,9,1,1,C03,7,9,1,10,2,12,,42,42,1,22,8,C03,120.660832,24.166413,2
2022,5,27,21,28,臺中市,北區,0,0,0,,,,40,,,,,,,,,,,,,,,23,,,,,B03,,,1,,1,,,23,23,1,5,,B03,120.677289,24.165345,3
2022,5,27,21,34,臺中市,西區,0,1,0,6,3,5,50,4,1,1,4,4,5,7,2,1,10,5,5,2,16,9,3,10,1,1,B03,7,6,1,8,9,7,,9,9,1,20,8,B03,120.665768,24.13927,2
2022,5,27,21,58,臺中市,北區,0,1,0,6,3,5,50,4,1,1,4,4,5,7,2,1,3,4,5,2,16,9,3,10,1,1,B03,7,6,1,8,2,5,,9,9,1,22,8,B03,120.677166,24.163055,2
2022,5,27,21,59,臺中市,大里區,0,1,0,6,3,5,50,3,1,1,4,4,5,7,4,4,10,5,5,2,16,19,3,10,1,1,B03,7,1,1,8,2,4,,19,19,1,4,8,B03,120.708546,24.098807,2
2022,5,27,22,11,臺中市,南屯區,0,0,0,8,,,50,,,,,,,,,,,,,,,23,,,,,C03,,,1,,1,,,23,23,1,22,,C03,120.653028,24.134953,3
2022,5,27,22,40,臺中市,太平區,0,0,0,,,,50,,,,,,,,,,,,,,,23,,,,,B03,,,1,,2,1,,23,23,1,22,,B03,120.714092,24.125167,3
2022,5,27,23,20,臺中市,大里區,0,0,0,6,,,30,,,,,,,,,,,,,,,67,,,,,,,,,,,,,67,67,1,,,,120.705437,24.093472,3
2022,5,27,23,32,臺中市,清水區,0,1,0,6,3,5,60,3,1,1,4,4,1,7,2,1,1,3,1,2,23,23,2,9,1,1,B03,7,8,1,8,8,1,,23,23,1,21,8,B03,120.532452,24.272445,2
2022,5,28,0,16,臺中市,龍井區,0,2,0,8,3,5,50,14,9,1,4,4,5,7,4,4,5,4,5,1,3,51,2,9,4,5,H01,8,16,8,20,10,16,,51,51,1,12,8,H01,120.543571,24.175329,2
2022,5,28,0,25,臺中市,豐原區,0,1,0,6,3,5,50,4,9,1,4,4,5,6,3,1,10,5,5,2,18,42,2,9,1,1,C03,7,9,1,10,2,12,,42,42,1,21,8,C03,120.717468,24.258142,2
2022,5,28,0,31,臺中市,豐原區,0,1,0,6,3,5,30,3,1,1,4,4,5,7,4,4,10,5,5,1,18,42,2,9,3,4,C03,7,9,1,10,2,15,,42,42,1,22,8,C03,120.729331,24.234185,2
2022,5,28,0,40,臺中市,南屯區,0,0,0,8,,,50,,,,,,,,,,,,,,,50,,,,,B03,,,1,,1,,,50,50,1,5,,B03,120.62303,24.140191,3
2022,5,28,0,48,臺中市,西屯區,0,1,0,8,3,5,50,4,2,1,5,4,5,7,1,1,5,5,5,2,17,42,2,9,1,1,C03,7,9,1,10,1,12,,42,42,1,21,8,C03,120.645118,24.178758,2
2022,5,28,1,15,臺中市,大里區,0,0,0,8,,,50,,,,,,,,,,,,,,,42,,,,,B03,,,1,,2,,,42,42,1,21,,B03,120.69439,24.089165,3
2022,5,28,1,30,臺中市,大里區,0,2,0,6,3,5,50,4,1,1,4,4,5,7,3,1,10,5,5,2,15,6,3,10,1,1,B03,7,9,1,6,2,8,,6,6,1,22,5,B03,120.684953,24.119033,2
2022,5,28,1,45,臺中市,梧棲區,0,1,0,6,3,5,50,4,1,1,4,4,5,7,2,1,10,5,5,2,17,7,3,10,1,1,B03,7,8,1,2,2,15,,7,7,1,11,8,B03,120.540915,24.261205,2
2022,5,28,2,33,臺中市,西區,0,1,0,7,3,5,50,3,2,1,4,4,5,7,4,4,1,4,4,2,16,6,3,10,1,1,B01,7,6,1,3,2,8,,6,6,1,10,8,B01,120.67398,24.148012,2
2022,5,28,4,27,臺中市,北屯區,0,1,0,8,3,5,50,3,1,1,4,4,5,7,3,1,10,5,5,2,16,26,2,9,1,1,C03,7,9,1,10,2,11,,44,26,1,22,8,C03,120.710613,24.192587,2
2022,5,28,4,43,臺中市,北區,0,0,0,8,3,5,50,4,2,1,5,4,5,7,2,1,10,5,5,2,23,23,3,10,1,1,B03,7,6,1,8,7,1,,23,23,1,22,8,B03,120.684986,24.164976,3
2022,5,28,4,46,臺中市,西區,0,1,0,7,3,5,50,4,1,1,4,3,1,7,1,1,10,5,5,2,24,23,2,9,1,1,C03,7,9,1,10,2,11,,23,23,1,21,8,C03,120.677263,24.140206,2
2022,5,28,6,48,臺中市,梧棲區,0,2,0,7,1,5,50,3,1,1,4,4,5,7,4,4,10,5,5,1,13,23,2,9,1,1,C03,7,9,1,10,2,11,,23,23,1,9,8,C03,120.528353,24.246458,2
2022,5,28,6,53,臺中市,北屯區,0,0,0,8,,,50,,,,,,,,,,,,,,,17,,,,,B12,,,1,,2,,,17,17,1,22,,B12,120.67456,24.179066,3
2022,5,28,6,58,臺中市,梧棲區,0,2,0,8,1,5,30,4,1,1,5,4,5,7,4,4,9,5,5,1,15,6,2,9,1,1,C03,7,9,1,10,2,12,,6,6,1,21,8,C03,120.555476,24.25847,2
2022,5,28,7,20,臺中市,東區,0,2,0,7,1,5,50,4,1,1,5,4,5,7,1,1,10,5,5,2,12,3,2,7,1,1,C03,7,9,1,10,2,12,,3,3,1,22,9,C03,120.69729,24.147876,2
2022,5,28,7,26,臺中市,北屯區,0,1,0,8,1,5,50,14,9,1,5,4,5,7,4,4,10,5,5,2,17,27,3,10,1,1,B03,7,15,1,8,2,2,,27,27,1,21,8,B03,120.684226,24.190491,2
2022,5,28,7,36,臺中市,大雅區,0,1,0,8,1,5,30,11,9,1,5,4,5,7,4,4,10,5,5,1,11,5,3,10,1,1,B03,7,5,1,3,2,8,,5,5,1,22,9,B03,120.67563,24.22629,2
2022,5,28,7,36,臺中市,龍井區,0,1,0,8,1,5,30,4,1,1,5,4,5,7,4,4,10,5,5,2,16,6,2,9,3,4,C03,7,9,1,10,2,12,,6,6,1,20,9,C03,120.533563,24.175819,2
2022,5,28,7,38,臺中市,潭子區,0,0,0,8,,,60,,,,,,,,,,,,,,,7,,,,,C03,,,1,,2,,,7,7,1,22,,C03,120.708066,24.227649,3
2022,5,28,7,40,臺中市,神岡區,0,1,0,8,1,5,30,11,9,1,5,4,5,7,4,4,10,5,5,1,10,14,2,9,1,1,C03,7,9,1,10,2,11,,14,14,1,22,8,C03,120.659871,24.277369,2
2022,5,28,7,42,臺中市,南屯區,0,1,0,8,1,5,50,4,1,1,5,4,5,7,1,1,5,4,5,2,12,26,3,10,1,1,C03,7,9,1,10,2,14,,26,26,1,22,8,C03,120.632356,24.145477,2
2022,5,28,7,44,臺中市,西屯區,0,1,0,7,1,5,50,4,1,1,4,4,5,7,1,1,10,5,5,2,16,43,2,9,1,1,C03,7,9,1,10,2,12,,43,43,1,4,8,C03,120.62358,24.176907,2
2022,5,28,7,47,臺中市,大安區,0,1,0,7,1,5,30,4,1,1,5,4,5,7,3,1,10,5,5,2,15,6,3,10,1,1,B03,7,9,1,8,2,4,,6,6,1,9,8,B03,120.585858,24.360626,2
2022,5,28,7,56,臺中市,豐原區,0,0,0,8,,,50,,,,,,,,,,,,,,,42,,,,,B03,,,1,,11,,,38,42,1,22,,B03,120.698638,24.245075,3
2022,5,28,8,0,臺中市,南區,0,1,0,8,1,5,50,14,8,1,5,4,5,7,4,4,5,5,4,2,18,23,2,9,2,4,F01,7,9,8,20,2,16,,23,23,1,22,8,F01,120.652757,24.111086,2
2022,5,28,8,4,臺中市,豐原區,0,0,0,8,,,50,,,,,,,,,,,,,,,16,,,,,B12,,,1,,2,,,16,16,1,22,,B12,120.722282,24.277875,3
2022,5,28,8,5,臺中市,南屯區,0,1,0,8,1,5,50,14,9,1,5,4,5,7,4,4,9,4,5,2,16,10,3,10,1,1,B12,7,11,1,8,2,4,,10,10,1,22,8,B12,120.652619,24.136069,2
2022,5,28,8,10,臺中市,東區,0,0,0,8,,,50,,,,,,,,,,,,,,,43,,,,,,,,,,,,,43,43,1,,,,120.697458,24.148631,3
2022,5,28,8,13,臺中市,潭子區,0,0,0,7,1,5,50,14,9,1,5,4,5,7,4,4,5,5,5,1,12,23,,,,,C03,,,6,,1,,,3,23,1,22,,C03,120.713792,24.20519,3
2022,5,28,8,23,臺中市,大甲區,0,1,0,7,1,5,50,11,9,1,5,4,5,7,4,4,4,5,5,1,17,23,2,9,1,1,C03,7,9,1,10,2,12,,23,23,1,9,8,C03,120.603299,24.328536,2
2022,5,28,8,24,臺中市,大里區,0,0,0,7,1,5,30,4,1,1,5,4,5,7,4,4,10,5,5,2,14,12,,,,,B03,,,1,,11,,,12,12,1,19,,B03,120.694338,24.079997,3