年,月,日,時,分,縣市,區,死,受傷,2-30,天候,光線,道路類別,速限,道路型態,事故位置,路面鋪裝,路面狀態,路面缺陷,障礙物,視距,號誌種類,號誌動作,分向設施,快車道或一般車道間,快慢車道間,路面邊線,事故類型及型態,主要肇因,受傷程度,主要傷處,保護裝備,行動電話,當事者區分,車輛用途,當事者行動狀態,駕駛資格情形,駕駛執照種類,飲酒情形,車輛撞擊部位最初,車輛撞擊部位其他,肇事因素個別,肇事因素主要,肇事逃逸,職業,旅次目的,車種,GPS緯度,GPS經度,事故類別
2022,5,29,11,53,臺中市,太平區,0,0,0,,,,30,,,,,,,,,,,,,,,16,,,,,C03,,,1,,1,,,16,16,1,22,,C03,120.711011,24.158539,3
2022,5,29,11,53,臺中市,清水區,0,0,0,8,,,50,,,,,,,,,,,,,,,18,,,,,B01,,,1,,2,,,18,18,1,21,,B01,120.575836,24.269976,3
2022,5,29,12,3,臺中市,南屯區,0,1,0,8,1,5,30,4,1,1,5,4,5,7,4,4,10,5,5,2,15,6,2,9,1,1,C03,7,9,1,10,2,12,,6,6,1,22,8,C03,120.611882,24.145134,2
2022,5,29,12,3,臺中市,太平區,0,0,0,8,,,30,,,,,,,,,,,,,,,23,,,,,B03,,,1,,2,,,23,23,1,9,,B03,120.733741,24.143329,3
2022,5,29,12,13,臺中市,后里區,0,2,0,8,1,5,30,4,1,1,5,4,5,7,4,4,10,5,5,2,16,6,2,9,1,1,C03,7,9,1,10,2,11,,6,6,1,9,8,C03,120.727208,24.308307,2
2022,5,29,12,15,臺中市,大雅區,0,0,0,8,,,50,,,,,,,,,,,,,,,8,,,,,C03,,,1,,2,,,8,8,1,22,,C03,120.66758,24.215761,3
2022,5,29,12,15,臺中市,清水區,0,0,0,8,,,50,,,,,,,,,,,,,,,12,,,,,B03,,,1,,2,,,12,12,1,21,,B03,120.576266,24.27065,3
2022,5,29,12,16,臺中市,豐原區,0,2,0,8,1,5,30,3,1,1,5,4,5,7,4,4,8,3,4,1,3,51,2,1,4,5,H01,8,18,8,20,10,16,,51,51,1,14,5,H01,120.727196,24.252103,2
2022,5,29,12,19,臺中市,西區,0,1,0,8,1,5,50,4,1,1,5,4,5,7,1,1,10,5,5,2,15,25,3,10,1,1,B02,7,9,1,8,2,8,,25,25,1,22,9,B02,120.667333,24.140588,2
2022,5,29,12,23,臺中市,西屯區,0,0,0,8,,,50,,,,,,,,,,,,,,,25,,,,,B03,,,1,,1,,,25,25,1,22,,B03,120.593035,24.183208,3
2022,5,29,12,31,臺中市,西屯區,0,1,0,8,1,5,50,4,1,1,5,4,5,7,1,1,1,4,5,2,17,25,2,9,3,4,C03,7,9,1,10,2,11,,25,25,1,22,8,C03,120.598358,24.204285,2
2022,5,29,12,41,臺中市,西屯區,0,1,0,8,1,5,50,14,9,1,5,4,5,7,4,4,5,5,5,2,16,23,3,10,1,1,B03,7,9,1,8,2,2,,23,23,1,4,8,B03,120.66651,24.175201,2
2022,5,29,12,47,臺中市,大里區,0,1,0,8,1,5,50,14,9,1,5,4,5,7,4,4,5,5,5,1,17,6,3,10,1,1,B03,7,6,1,8,2,4,,6,6,1,22,8,B03,120.691088,24.101542,2
2022,5,29,12,48,臺中市,西區,0,1,0,8,1,5,30,14,9,1,5,4,5,7,4,4,10,5,5,2,24,65,,,,,,,,,,,,,65,65,1,,,,120.661791,24.150293,2
2022,5,29,12,50,臺中市,北屯區,0,0,0,8,,,50,,,,,,,,,,,,,,,16,,,,,B03,,,1,,1,,,16,16,1,21,,B03,120.664196,24.185516,3
2022,5,29,12,55,臺中市,西屯區,0,1,0,8,1,5,40,3,8,1,5,4,5,7,4,4,1,5,1,2,16,6,3,10,1,1,B03,7,6,1,8,2,5,,6,6,1,22,8,B03,120.602122,24.182937,2
2022,5,29,13,0,臺中市,豐原區,0,1,0,8,1,5,50,14,7,1,5,4,5,7,4,4,9,5,4,2,16,23,2,7,1,1,C03,7,9,1,10,2,11,,23,23,1,21,8,C03,120.733713,24.253966,2
2022,5,29,13,7,臺中市,大里區,0,1,0,8,1,5,50,14,9,1,5,4,5,7,4,4,5,5,5,1,13,23,2,9,1,1,C03,7,9,1,10,2,11,,23,23,1,22,8,C03,120.689593,24.116165,2
2022,5,29,13,10,臺中市,北區,0,1,0,8,1,5,50,3,1,1,5,4,5,7,1,1,10,5,5,2,17,25,2,9,1,1,C03,7,11,1,10,2,14,,25,25,1,5,8,C03,120.68573,24.15342,2
2022,5,29,13,35,臺中市,豐原區,0,1,0,8,1,5,50,4,9,1,5,4,5,7,2,1,5,5,5,2,16,25,2,9,3,4,C03,7,5,3,18,2,11,,25,25,1,22,8,C03,120.71432,24.251635,2
2022,5,29,13,48,臺中市,北區,0,0,0,8,,,50,,,,,,,,,,,,,,,23,,,,,C03,,,1,,9,,,23,23,1,22,,C03,120.6704,24.161318,3
2022,5,29,13,50,臺中市,西屯區,0,1,0,8,1,5,50,14,7,1,5,4,5,7,4,4,5,5,4,2,13,16,3,10,1,1,C02,7,9,1,9,2,11,,16,16,1,4,8,C02,120.632266,24.182909,2
2022,5,29,13,57,臺中市,西屯區,0,1,0,8,1,5,50,4,1,1,5,4,5,7,1,1,5,4,5,2,17,6,2,9,3,4,C03,7,5,1,10,2,11,,6,6,1,22,8,C03,120.650183,24.171881,2
2022,5,29,14,6,臺中市,北屯區,0,1,0,8,1,5,50,14,7,1,5,4,5,7,4,4,5,5,4,2,13,23,2,9,1,1,C03,7,9,1,10,2,11,,23,23,1,8,8,C03,120.7111,24.1736,2
2022,5,29,14,7,臺中市,南屯區,0,0,0,8,1,5,50,14,16,1,5,4,5,7,4,4,5,5,5,2,13,16,3,10,1,1,B03,7,9,1,8,1,1,,16,16,1,22,8,B03,120.620587,24.152398,3
2022,5,29,14,15,臺中市,北屯區,0,0,0,8,,,50,,,,,,,,,,,,,,,6,,,,,B03,,,1,,1,,,6,6,1,21,,B03,120.661913,24.189516,3
2022,5,29,14,17,臺中市,大里區,0,2,0,8,1,5,50,14,9,1,5,4,5,7,1,1,3,2,5,1,12,17,2,8,1,1,C03,7,15,1,10,2,12,,17,17,1,22,8,C03,120.684066,24.11905,2
2022,5,29,14,17,臺中市,太平區,0,0,0,8,,,30,,,,,,,,,,,,,,,23,,,,,B12,,,1,,2,,,23,23,1,9,,B12,120.729996,24.149879,3
2022,5,29,14,23,臺中市,大甲區,0,0,0,8,,,50,,,,,,,,,,,,,,,12,,,,,B03,,,1,,2,,,12,12,1,22,,B03,120.636289,24.352852,3
2022,5,29,14,28,臺中市,西屯區,0,0,0,8,,,30,,,,,,,,,,,,,,,23,,,,,C03,,,1,,1,,,23,23,1,22,,C03,120.655346,24.16733,3
2022,5,29,14,40,臺中市,大雅區,0,0,0,8,,,50,,,,,,,,,,,,,,,8,,,,,G02,,,1,,2,,,8,8,1,22,,G02,120.648289,24.226613,3
2022,5,29,14,42,臺中市,大里區,0,2,0,8,1,5,50,14,9,1,5,4,5,7,4,4,5,5,5,1,13,23,2,9,1,1,C03,7,9,1,10,2,11,,23,23,1,22,8,C03,120.70054,24.103435,2
2022,5,29,14,48,臺中市,西屯區,0,0,0,8,,,30,,,,,,,,,,,,,,,12,,,,,B03,,,1,,2,,,12,12,1,22,,B03,120.617579,24.18953,3
2022,5,29,14,53,臺中市,北屯區,0,0,0,6,,,50,,,,,,,,,,,,,,,16,,,,,B03,,9,1,8,1,1,,16,16,1,21,8,B03,120.739586,24.178986,3
2022,5,29,14,57,臺中市,大甲區,0,1,0,8,1,5,60,14,13,1,5,4,5,7,4,4,1,4,4,1,13,23,2,9,1,1,F01,7,9,8,20,2,16,,23,23,1,22,9,F01,120.626261,24.35822,2
2022,5,29,15,1,臺中市,北區,0,1,0,8,1,5,30,3,1,1,5,4,5,7,4,4,10,5,5,2,17,6,3,10,1,1,B03,7,6,1,8,2,4,,6,6,1,22,9,B03,120.677731,24.172066,2
2022,5,29,15,5,臺中市,清水區,0,0,0,,,,60,,,,,,,,,,,,,,,23,,,,,B03,,,1,,2,,,23,23,1,5,,B03,120.596946,24.306064,3
2022,5,29,15,17,臺中市,西區,0,0,0,8,,,50,,,,,,,,,,,,,,,23,,,,,B03,,,1,,2,,,23,23,1,21,,B03,120.666916,24.141346,3
2022,5,29,15,20,臺中市,北屯區,0,0,0,8,,,50,,,,,,,,,,,,,,,6,,,,,B03,,,1,,2,,,6,6,1,21,,B03,120.686102,24.180218,3
2022,5,29,15,20,臺中市,神岡區,0,1,0,8,1,5,50,15,9,1,5,3,5,7,1,1,5,5,5,1,18,42,2,9,1,1,C03,7,9,1,10,2,15,,42,42,1,22,8,C03,120.663612,24.25835,2
2022,5,29,15,24,臺中市,西屯區,0,0,0,8,,,50,,,,,,,,,,,,,,,16,,,,,B03,,,1,,1,,,16,16,1,22,,B03,120.637658,24.170291,3
2022,5,29,15,25,臺中市,新社區,0,1,0,7,1,5,40,3,9,1,4,4,5,7,4,4,5,4,5,1,18,23,2,9,1,1,C03,7,9,1,10,2,12,,23,23,1,22,9,C03,120.869615,24.144723,2
2022,5,29,15,27,臺中市,南屯區,0,1,0,8,1,5,50,3,1,1,5,4,5,7,4,4,10,5,5,2,16,7,3,10,1,1,B03,7,8,1,8,2,5,,7,7,1,22,8,B03,120.625989,24.144005,2
2022,5,29,15,35,臺中市,東勢區,0,0,0,8,1,5,50,14,9,1,5,4,5,7,4,4,5,5,5,1,11,23,3,10,3,4,B03,7,9,1,8,2,5,,23,23,1,22,8,B03,120.840437,24.244975,3
2022,5,29,15,36,臺中市,西屯區,0,2,0,8,1,5,50,14,7,1,5,4,5,7,4,4,1,4,1,2,13,23,3,10,3,4,B03,7,9,1,8,2,1,,23,23,1,22,8,B03,120.608225,24.18395,2
2022,5,29,15,45,臺中市,大甲區,0,0,0,,,,40,,,,,,,,,,,,,,,7,,,,,B03,,,1,,1,,,7,7,1,22,,B03,120.621886,24.37298,3
2022,5,29,15,47,臺中市,西區,0,1,0,8,1,5,50,4,1,1,5,4,5,7,1,1,10,5,5,2,12,16,3,10,1,1,B03,7,9,1,8,2,5,,16,16,1,22,9,B03,120.675975,24.141326,2
2022,5,29,15,53,臺中市,大甲區,0,1,0,8,1,5,70,14,13,1,5,4,5,7,4,4,1,4,4,1,13,23,2,8,1,1,F01,7,9,8,20,2,16,,23,23,1,22,9,F01,120.608539,24.327543,2
2022,5,29,15,58,臺中市,烏日區,0,0,0,,,,50,,,,,,,,,,,,,,,7,,,,,B03,,,1,,2,,,7,7,1,21,,B03,120.618764,24.110803,3
2022,5,29,16,4,臺中市,東區,0,0,0,,,,50,,,,,,,,,,,,,,,42,,,,,C03,,,1,,2,,,42,42,1,22,,C03,120.697091,24.147145,3
2022,5,29,16,4,臺中市,西屯區,0,0,0,8,,,50,,,,,,,,,,,,,,,7,,,,,B03,,,1,,1,,,7,7,1,21,,B03,120.635799,24.171101,3
2022,5,29,16,10,臺中市,南屯區,0,0,0,8,,,40,,,,,,,,,,,,,,,42,,,,,B03,,,1,,2,,,42,42,1,22,,B03,120.634822,24.153501,3
2022,5,29,16,14,臺中市,北屯區,0,0,0,8,,,50,,,,,,,,,,,,,,,12,,,,,C03,,,1,,1,,,12,12,1,21,,C03,120.702976,24.169788,3
2022,5,29,16,23,臺中市,太平區,0,1,0,8,1,5,50,4,1,1,5,4,5,7,1,1,10,5,5,1,16,41,2,9,1,2,C03,7,1,1,10,2,11,,41,41,1,10,8,C03,120.713181,24.124619,2
2022,5,29,16,30,臺中市,西屯區,0,2,0,8,1,5,30,14,9,1,5,4,5,7,4,4,10,5,5,2,16,23,2,8,1,1,C03,7,9,1,10,2,11,,23,23,1,22,8,C03,120.656711,24.167616,2
2022,5,29,16,30,臺中市,神岡區,0,1,0,8,1,5,50,14,9,1,5,4,5,7,4,4,5,5,5,2,26,23,2,9,1,1,B03,7,9,1,8,2,5,,23,23,1,12,8,B03,120.685872,24.241654,2
2022,5,29,16,40,臺中市,清水區,0,1,0,8,1,5,5,3,1,1,5,4,5,7,4,4,10,5,5,2,16,7,3,10,1,1,B03,7,7,1,8,2,4,8,7,7,1,5,5,B03,120.577486,24.272038,2
2022,5,29,16,40,臺中市,清水區,0,0,0,,,,30,,,,,,,,,,,,,,,6,,,,,B03,,,1,,2,,,6,6,1,5,,B03,120.556141,24.268976,3
2022,5,29,16,43,臺中市,豐原區,0,0,0,8,,,50,,,,,,,,,,,,,,,6,,,,,B03,,,1,,2,,,6,6,1,22,,B03,120.706398,24.245783,3
2022,5,29,16,45,臺中市,大里區,0,1,0,8,1,5,50,4,1,1,5,4,5,7,1,1,5,4,4,2,12,9,3,10,1,1,B03,7,6,1,8,2,5,,9,9,1,22,8,B03,120.69478,24.111379,2
2022,5,29,16,49,臺中市,大肚區,0,1,0,8,1,5,50,14,8,1,5,4,5,7,4,4,1,4,4,1,17,7,3,10,1,1,B03,7,8,1,8,6,6,,7,7,2,2,8,B03,120.561302,24.125037,2
2022,5,29,16,56,臺中市,北屯區,0,1,0,8,1,5,50,3,1,1,5,4,5,7,4,4,10,5,5,2,16,10,3,10,1,1,B03,7,11,1,8,2,4,,10,10,1,22,8,B03,120.704875,24.180055,2
2022,5,29,16,57,臺中市,西屯區,0,2,0,8,1,5,70,14,7,1,5,4,5,7,4,4,1,4,1,2,13,23,2,9,1,1,B03,7,9,1,8,2,1,,23,23,1,22,8,B03,120.599581,24.18237,2
2022,5,29,16,59,臺中市,西屯區,0,1,0,8,1,5,35,3,1,1,5,4,5,7,4,4,10,5,5,2,16,6,3,10,1,1,B03,7,6,1,8,2,2,,6,6,1,21,8,B03,120.628232,24.176424,2
2022,5,29,17,3,臺中市,西屯區,0,0,0,8,,,50,,,,,,,,,,,,,,,7,,,,,B02,,,1,,1,,,7,7,1,22,,B02,120.621425,24.186866,3
2022,5,29,17,3,臺中市,西屯區,0,3,0,8,1,5,30,4,1,1,5,4,5,7,4,4,5,5,5,2,16,6,2,9,3,4,C03,7,9,1,10,2,13,,6,6,1,22,8,C03,120.65036,24.164901,2
2022,5,29,17,10,臺中市,大甲區,0,0,0,8,,,50,,,,,,,,,,,,,,,26,,,,,B03,,,1,,1,,,26,26,1,22,,B03,120.620432,24.347492,3
2022,5,29,17,21,臺中市,北屯區,0,2,0,8,1,5,40,4,1,1,5,4,5,7,1,1,10,5,5,2,3,23,2,7,4,5,H01,8,18,8,20,10,16,,52,23,1,16,8,H01,120.693342,24.167191,2
2022,5,29,17,26,臺中市,西屯區,0,1,0,8,1,5,40,14,7,1,5,4,5,7,4,4,5,5,4,2,16,43,2,9,3,4,C03,7,9,1,10,2,14,,43,43,1,22,8,C03,120.634233,24.162491,2
2022,5,29,17,29,臺中市,北區,0,0,0,8,,,40,,,,,,,,,,,,,,,43,,,,,B03,,,1,,2,,,43,43,1,22,,B03,120.668308,24.16996,3
2022,5,29,17,30,臺中市,北屯區,0,1,0,8,1,5,50,4,1,1,5,4,1,7,1,1,1,4,5,2,12,8,3,10,1,1,C03,7,5,1,10,2,14,,8,8,1,22,8,C03,120.680537,24.200824,2
2022,5,29,17,35,臺中市,梧棲區,0,1,0,8,2,5,50,4,1,1,5,4,5,7,1,1,10,5,5,2,15,25,2,9,1,1,C03,7,9,1,10,2,12,,25,25,1,9,8,C03,120.537072,24.241963,2
2022,5,29,17,39,臺中市,西屯區,0,2,0,8,1,5,50,3,1,1,5,4,5,7,4,4,10,5,5,2,13,44,2,9,1,1,C03,7,5,1,10,1,13,,44,44,1,22,8,C03,120.64449,24.166414,2
2022,5,29,17,45,臺中市,東區,0,2,0,8,1,5,50,4,1,1,5,4,5,7,1,1,10,5,5,2,16,9,2,9,1,1,C03,7,6,1,10,2,12,,9,9,1,22,8,C03,120.688484,24.135263,2
2022,5,29,17,46,臺中市,北屯區,0,0,0,8,,,50,,,,,,,,,,,,,,,16,,,,,B03,,,1,,1,,,16,16,1,21,,B03,120.703371,24.16965,3
2022,5,29,17,50,臺中市,清水區,0,2,0,8,1,5,40,4,1,1,5,4,5,7,1,1,10,5,5,2,16,23,2,9,1,1,C03,7,9,1,10,2,11,,23,23,1,5,5,C03,120.57336,24.262731,2
2022,5,29,17,51,臺中市,北屯區,0,2,0,8,2,5,50,14,9,1,5,4,5,7,2,1,5,4,5,2,13,23,2,9,1,1,C03,7,9,1,10,2,11,,23,23,1,22,8,C03,120.734063,24.177055,2
2022,5,29,17,53,臺中市,西屯區,0,0,0,8,,,50,,,,,,,,,,,,,,,23,,,,,B03,,,1,,2,,,23,23,2,21,,B03,120.637792,24.180188,3
2022,5,29,18,0,臺中市,外埔區,0,0,0,8,,,30,,,,,,,,,,,,,,,12,,,,,B03,,,1,,1,,,12,12,1,4,,B03,120.649225,24.311941,3
2022,5,29,18,9,臺中市,潭子區,0,2,0,8,1,5,50,14,9,1,5,4,5,7,4,4,10,4,5,2,17,17,2,9,1,1,C03,7,9,1,10,2,12,,17,17,1,22,8,C03,120.713183,24.200651,2
2022,5,29,18,20,臺中市,大雅區,0,1,0,8,1,5,30,3,1,1,5,4,5,7,4,4,10,5,5,2,17,5,2,8,1,1,C03,7,5,1,10,2,11,,5,5,1,21,8,C03,120.620946,24.234588,2
2022,5,29,18,31,臺中市,西屯區,0,1,0,8,1,5,1,15,20,4,5,4,5,7,4,4,10,5,5,2,9,26,3,10,3,4,C03,7,9,1,10,2,11,,26,26,1,22,8,C03,120.64632,24.157574,2
2022,5,29,18,33,臺中市,南屯區,0,2,0,8,1,5,50,14,7,1,5,4,5,7,4,4,5,5,4,2,11,26,2,9,1,1,C03,7,7,1,10,2,12,,26,26,1,22,8,C03,120.612507,24.138342,2
2022,5,29,18,50,臺中市,潭子區,0,2,0,8,3,5,50,3,1,1,5,4,5,7,4,4,4,5,4,2,16,8,2,4,1,1,C03,7,5,1,10,2,11,,8,8,1,22,9,C03,120.708951,24.21525,2
2022,5,29,18,53,臺中市,梧棲區,0,0,0,8,,,50,,,,,,,,,,,,,,,8,,,,,C03,,,3,,2,,,8,8,2,9,,C03,120.53395,24.249833,3
2022,5,29,18,57,臺中市,北屯區,0,0,0,8,,,50,,,,,,,,,,,,,,,23,,,,,B12,,,1,,2,,,44,44,1,21,,B12,120.722801,24.181785,3
2022,5,29,19,0,臺中市,西屯區,0,0,0,8,,,50,,,,,,,,,,,,,,,23,,,,,B03,,,1,,2,,,23,23,1,22,,B03,120.651908,24.192245,3
2022,5,29,19,8,臺中市,北區,0,0,0,8,,,40,,,,,,,,,,,,,,,19,,,,,B03,,,4,,11,,,19,19,1,22,,B03,120.673773,24.165153,3
2022,5,29,19,18,臺中市,清水區,0,0,0,,,,60,,,,,,,,,,,,,,,23,,,,,B02,,,1,,1,,,23,23,1,5,,B02,120.559166,24.272885,3
2022,5,29,19,25,臺中市,神岡區,0,1,0,8,3,5,30,14,9,1,5,4,5,7,4,4,10,5,5,2,11,5,3,10,1,1,B03,7,9,1,8,2,4,,5,5,1,22,8,B03,120.697874,24.274358,2
2022,5,29,19,30,臺中市,大甲區,0,1,0,8,3,5,50,14,9,1,5,4,5,7,4,4,5,5,5,1,16,6,3,10,1,1,B03,7,5,1,8,2,8,,6,6,1,4,8,B03,120.624181,24.349408,2
2022,5,29,19,33,臺中市,沙鹿區,0,0,0,8,,,50,,,,,,,,,,,,,,,7,,,,,A04,,,1,,9,,,7,7,1,10,,A04,120.573498,24.226165,3
2022,5,29,19,36,臺中市,北區,0,0,0,8,,,50,,,,,,,,,,,,,,,16,,,,,C03,,,1,,1,,,16,16,1,22,,C03,120.687621,24.149831,3
2022,5,29,19,51,臺中市,北屯區,0,0,0,8,,,50,,,,,,,,,,,,,,,42,,,,,B03,,,1,,1,,,42,42,1,22,,B03,120.694215,24.16517,3
2022,5,29,19,55,臺中市,南屯區,0,1,0,8,3,5,50,14,7,1,5,4,5,7,4,4,5,5,4,2,16,10,3,10,1,1,B03,7,11,1,8,2,8,,10,10,1,22,8,B03,120.614429,24.144031,2
2022,5,29,19,58,臺中市,西屯區,0,0,0,8,,,50,,,,,,,,,,,,,,,23,,,,,B03,,,1,,2,,,23,23,1,22,,B03,120.645094,24.176961,3
2022,5,29,20,8,臺中市,南屯區,0,1,0,8,3,5,50,4,2,1,5,4,5,7,2,1,10,5,4,2,16,6,3,10,1,4,B03,7,5,1,8,2,2,,6,6,1,22,8,B03,120.643826,24.146854,2
2022,5,29,20,12,臺中市,霧峰區,0,1,0,8,3,5,40,14,8,1,5,4,5,7,4,4,1,4,4,1,17,23,2,9,1,1,C03,7,9,1,10,1,11,,23,23,1,4,5,C03,120.661491,24.055142,2
2022,5,29,20,20,臺中市,大雅區,0,0,0,8,,,30,,,,,,,,,,,,,,,12,,,,,B03,,,1,,2,,,12,12,1,21,,B03,120.650744,24.217893,3
2022,5,29,20,22,臺中市,南區,0,0,0,8,,,50,,,,,,,,,,,,,,,42,,,,,B03,,,1,3,2,,,42,42,1,5,,B03,120.65666,24.123818,3
2022,5,29,20,22,臺中市,南屯區,0,1,0,8,3,5,50,3,1,1,5,4,5,7,1,1,10,5,5,2,16,6,3,10,1,1,B03,7,6,1,8,2,2,,6,6,1,22,8,B03,120.609929,24.140473,2
2022,5,29,20,26,臺中市,豐原區,0,0,0,8,,,30,,,,,,,,,,,,,,,17,,,,,B03,,,1,,2,,,17,17,1,22,,B03,120.72638,24.244317,3
2022,5,29,20,31,臺中市,烏日區,0,0,0,8,,,30,,,,,,,,,,,,,,,7,,,,,B03,,,1,,2,,,7,7,1,22,,B03,120.616605,24.114552,3
2022,5,29,20,37,臺中市,西區,0,0,0,,,,50,,,,,,,,,,,,,,,23,,,,,B03,,,1,,2,,,23,23,1,20,,B03,120.662609,24.137966,3
2022,5,29,20,44,臺中市,大雅區,0,0,0,8,,,50,,,,,,,,,,,,,,,23,,,,,B03,,,1,,2,,,23,23,1,22,,B03,120.647565,24.220968,3
2022,5,29,20,52,臺中市,神岡區,0,0,0,8,,,60,,,,,,,,,,,,,,,23,,,,,B03,,,1,,2,,,23,23,1,22,,B03,120.693944,24.232474,3
2022,5,29,21,3,臺中市,清水區,0,1,0,8,3,5,30,4,1,1,5,4,5,7,4,4,10,5,5,2,15,6,2,9,3,4,C03,7,9,6,18,2,12,,6,6,1,22,8,C03,120.547482,24.266253,2
2022,5,29,21,5,臺中市,西屯區,0,0,0,8,,,50,,,,,,,,,,,,,,,23,,,,,B03,,,1,,2,,,23,23,1,22,,B03,120.613809,24.18383,3
2022,5,29,21,13,臺中市,沙鹿區,0,1,0,8,3,5,50,4,1,1,5,4,5,7,3,1,5,4,5,2,16,6,3,10,1,1,B03,7,5,1,8,2,1,,6,6,1,4,8,B03,120.573729,24.229095,2
2022,5,29,21,22,臺中市,大里區,0,0,0,8,,,60,,,,,,,,,,,,,,,42,,,,,B03,,,1,,1,,,42,42,1,22,,B03,120.670956,24.10259,3
2022,5,29,21,24,臺中市,潭子區,0,1,0,8,3,5,40,4,1,1,5,4,5,7,1,1,10,5,5,2,3,23,3,10,1,1,B03,7,5,1,8,2,1,,23,23,1,22,8,B03,120.720812,24.228892,2
2022,5,29,21,28,臺中市,大肚區,0,2,0,8,3,5,70,14,8,1,5,4,5,7,4,4,1,4,4,1,1,23,2,9,1,1,C03,7,9,1,10,2,11,,23,23,1,12,8,C03,120.552408,24.13645,2
2022,5,29,21,34,臺中市,西屯區,0,0,0,8,,,80,,,,,,,,,,,,,,,23,,,,,B03,,,1,,2,,,23,23,1,22,,B03,120.627259,24.159576,3
2022,5,29,21,43,臺中市,南屯區,0,2,0,8,3,5,50,14,8,1,5,4,5,7,4,4,1,4,4,2,13,23,2,9,1,1,C03,7,9,1,10,2,11,,23,23,1,22,9,C03,120.631505,24.125974,2
2022,5,29,21,56,臺中市,西屯區,0,0,0,8,,,30,,,,,,,,,,,,,,,23,,,,,B03,,,1,,1,,,23,23,1,22,,B03,120.642225,24.176948,3
2022,5,29,22,9,臺中市,西屯區,0,0,0,8,,,60,,,,,,,,,,,,,,,7,,,,,B03,,,1,,1,,,7,7,1,22,,B03,120.635152,24.160989,3
2022,5,29,22,10,臺中市,北區,0,0,0,8,,,50,,,,,,,,,,,,,,,19,,,,,C01,,,1,,11,,,19,19,1,22,,C01,120.683508,24.148272,3
2022,5,29,22,16,臺中市,西區,0,1,0,8,3,5,40,4,1,1,5,4,5,7,1,1,10,5,5,2,18,23,2,9,1,1,C03,7,9,4,11,2,14,,23,23,1,21,8,C03,120.657265,24.141255,2
2022,5,29,22,16,臺中市,太平區,0,1,0,8,3,5,50,14,7,1,5,4,5,7,4,4,5,5,4,1,16,26,3,10,1,1,C03,7,11,1,10,2,12,,26,26,1,5,8,C03,120.720296,24.157183,2
2022,5,29,22,20,臺中市,南區,0,1,0,8,3,5,50,14,9,1,5,4,5,7,4,4,9,4,5,2,12,23,3,10,1,1,C03,7,9,1,10,2,11,,23,23,1,5,1,C03,120.68373,24.121955,2
2022,5,29,22,45,臺中市,西區,0,0,0,8,,,50,,,,,,,,,,,,,,,42,,,,,B03,,,1,,1,,,42,42,1,21,,B03,120.669678,24.150839,3
2022,5,29,23,8,臺中市,西屯區,0,1,0,8,3,5,50,4,1,1,5,4,5,7,1,1,10,5,5,2,17,26,3,10,1,1,B03,7,5,1,8,1,6,,26,26,1,21,8,B03,120.656345,24.159418,2
2022,5,29,23,20,臺中市,豐原區,0,4,0,8,3,5,60,14,7,1,5,4,5,7,4,4,1,4,4,2,13,23,3,10,1,1,B03,7,9,1,8,2,1,,23,23,1,22,8,B03,120.718725,24.236943,2
2022,5,30,2,3,臺中市,神岡區,0,1,0,8,3,5,50,14,9,1,5,4,5,7,4,4,5,5,5,1,17,23,2,9,3,4,B02,7,9,1,8,2,1,,23,23,1,22,9,B02,120.69604,24.251081,2
2022,5,30,6,44,臺中市,梧棲區,0,2,0,8,1,5,50,4,1,1,5,4,5,7,4,4,8,3,4,1,16,23,2,9,1,1,C03,7,9,1,10,2,11,,23,23,1,21,8,C03,120.547631,24.254684,2
2022,5,30,7,1,臺中市,梧棲區,0,2,0,8,1,5,50,4,1,1,5,4,5,7,3,1,10,5,5,2,15,6,2,9,1,1,C03,7,9,1,10,2,11,,6,6,1,9,8,C03,120.534774,24.257705,2
2022,5,30,7,6,臺中市,南屯區,0,0,0,,,,50,,,,,,,,,,,,,,,23,,,,,B03,,,1,,1,,,23,23,1,22,,B03,120.650069,24.140427,3
2022,5,30,7,25,臺中市,豐原區,0,0,0,8,,,50,,,,,,,,,,,,,,,23,,,,,B12,,,1,,2,,,23,23,1,21,,B12,120.70368,24.249675,3
2022,5,30,7,32,臺中市,太平區,0,0,0,8,,,50,,,,,,,,,,,,,,,23,,,,,A41,,,1,,2,,,23,23,1,22,,A41,120.714058,24.141228,3
2022,5,30,7,38,臺中市,大甲區,0,2,0,8,1,5,40,14,8,1,5,4,5,7,1,1,4,5,4,1,13,16,2,9,1,1,C03,7,9,4,8,2,11,,16,16,1,20,8,C03,120.615481,24.350515,2
2022,5,30,7,39,臺中市,大肚區,0,2,0,8,1,5,50,14,8,1,5,4,5,7,4,4,1,4,4,1,13,23,2,8,1,1,C03,7,4,1,10,2,11,,23,23,1,4,1,C03,120.554748,24.129793,2
2022,5,30,7,43,臺中市,神岡區,0,0,0,8,,,30,,,,,,,,,,,,,,,17,,,,,B12,,,1,,1,,,17,17,1,22,,B12,120.649474,24.258044,3