年,月,日,時,分,縣市,區,死,受傷,2-30,天候,光線,道路類別,速限,道路型態,事故位置,路面鋪裝,路面狀態,路面缺陷,障礙物,視距,號誌種類,號誌動作,分向設施,快車道或一般車道間,快慢車道間,路面邊線,事故類型及型態,主要肇因,受傷程度,主要傷處,保護裝備,行動電話,當事者區分,車輛用途,當事者行動狀態,駕駛資格情形,駕駛執照種類,飲酒情形,車輛撞擊部位最初,車輛撞擊部位其他,肇事因素個別,肇事因素主要,肇事逃逸,職業,旅次目的,車種,GPS緯度,GPS經度,事故類別
2022,5,30,7,44,臺中市,南屯區,0,0,0,,,,60,,,,,,,,,,,,,,,23,,,,,B03,,,1,,1,,,23,23,1,4,,B03,120.631748,24.125647,3
2022,5,30,8,10,臺中市,西屯區,0,0,0,8,,,50,,,,,,,,,,,,,,,43,,,,,B03,,,1,,1,,,43,43,1,22,,B03,120.65676,24.201365,3
2022,5,30,8,15,臺中市,霧峰區,0,1,0,8,1,5,30,11,9,1,5,4,5,7,4,4,10,5,5,2,17,42,2,9,1,1,C03,7,9,1,9,2,12,,42,42,1,12,8,C03,120.649608,24.086376,2
2022,5,30,8,20,臺中市,大雅區,0,0,0,8,,,30,,,,,,,,,,,,,,,1,,,,,C03,,,1,,2,,,1,1,1,22,,C03,120.632531,24.212714,3
2022,5,30,8,21,臺中市,北區,0,1,0,8,1,5,40,3,2,1,5,4,5,7,4,4,1,4,4,2,17,19,3,10,1,1,B03,7,1,1,8,2,8,,19,19,1,5,8,B03,120.684433,24.163224,2
2022,5,30,8,30,臺中市,豐原區,0,0,0,8,,,50,,,,,,,,,,,,,,,6,,,,,B03,,,1,,1,,,6,6,1,22,,B03,120.708263,24.250151,3
2022,5,30,8,31,臺中市,沙鹿區,0,1,0,8,1,5,30,4,1,1,5,4,5,7,4,4,10,5,5,2,16,6,2,8,1,1,C03,7,6,1,10,2,11,,6,6,1,5,8,C03,120.606704,24.245115,2
2022,5,30,8,32,臺中市,神岡區,0,0,0,8,,,50,,,,,,,,,,,,,,,44,,,,,B03,,,1,,1,,,44,44,1,22,,B03,120.6835,24.246687,3
2022,5,30,8,36,臺中市,大里區,0,1,0,8,1,5,50,14,7,1,5,4,5,7,1,1,5,2,5,1,13,23,2,9,1,1,C03,7,9,1,10,2,11,,23,23,1,22,8,C03,120.676025,24.115125,2
2022,5,30,8,40,臺中市,大雅區,0,1,0,8,1,5,50,3,4,1,5,4,5,7,1,1,10,5,5,2,17,23,3,10,1,1,B12,7,9,1,8,2,1,,23,23,1,22,9,B12,120.644434,24.205392,2
2022,5,30,8,43,臺中市,沙鹿區,0,1,0,8,1,5,50,4,1,1,5,4,5,7,3,1,10,5,5,2,15,6,3,10,1,1,B03,7,9,6,8,2,6,,6,6,1,9,8,B03,120.567727,24.253566,2
2022,5,30,8,52,臺中市,神岡區,0,1,0,8,1,5,50,11,22,2,5,4,5,7,4,4,5,4,4,1,17,23,3,10,3,4,A11,7,1,1,1,2,1,,23,23,1,10,9,A11,120.69158,24.232228,2
2022,5,30,8,54,臺中市,北區,0,0,0,8,,,50,,,,,,,,,,,,,,,23,,,,,B03,,,1,,1,,,23,23,1,22,,B03,120.672016,24.170515,3
2022,5,30,8,55,臺中市,西屯區,0,2,0,8,1,5,1,4,1,1,5,4,5,7,1,1,5,4,5,2,17,19,2,9,3,4,C03,7,1,1,10,2,14,,19,19,1,22,8,C03,120.621758,24.176846,2
2022,5,30,8,56,臺中市,太平區,0,1,0,8,1,5,50,14,9,1,5,4,5,7,4,4,5,4,5,1,13,23,2,9,3,4,C03,7,7,1,10,2,11,,23,23,1,5,8,C03,120.715373,24.133596,2
2022,5,30,8,56,臺中市,大安區,0,1,0,8,1,5,40,4,1,1,5,4,5,7,4,4,10,5,5,2,16,6,3,10,1,1,C03,7,5,1,10,2,13,,6,6,1,9,8,C03,120.603148,24.361508,2
2022,5,30,9,0,臺中市,北屯區,0,0,0,8,,,50,,,,,,,,,,,,,,,23,,,,,B03,,,1,,1,,,23,23,1,21,,B03,120.684011,24.181505,3
2022,5,30,9,0,臺中市,北屯區,0,1,0,8,1,5,50,14,9,1,5,4,5,7,4,4,9,4,5,2,17,10,3,10,1,1,B03,7,11,1,8,2,8,,10,10,1,21,8,B03,120.687403,24.188778,2
2022,5,30,9,0,臺中市,霧峰區,0,0,0,8,,,50,,,,,,,,,,,,,,,42,,,,,A12,,,1,,2,,,42,42,1,10,,A12,120.666644,24.070335,3
2022,5,30,9,0,臺中市,霧峰區,0,0,0,8,,,50,,,,,,,,,,,,,,,23,,,,,H03,,,8,,10,,,23,23,1,20,,H03,120.707343,24.076002,3
2022,5,30,9,3,臺中市,北區,0,0,0,8,1,5,50,14,9,1,5,4,5,7,4,4,8,3,5,2,12,23,,,,,B03,,,1,,1,,,23,23,1,22,,B03,120.669673,24.170663,3
2022,5,30,9,5,臺中市,豐原區,0,0,0,,,,50,,,,,,,,,,,,,,,12,,,,,B03,,,1,,2,,,12,12,1,22,,B03,120.733666,24.253188,3
2022,5,30,9,17,臺中市,神岡區,0,2,0,8,1,5,30,14,9,1,5,3,5,7,4,4,10,5,5,1,29,23,2,8,1,1,C03,7,9,1,10,2,15,,23,23,1,22,8,C03,120.6759,24.242751,2
2022,5,30,9,18,臺中市,南屯區,0,1,0,8,1,5,50,3,1,1,5,4,5,7,1,1,5,2,5,2,16,9,3,10,1,1,B03,7,6,1,1,2,5,,9,9,1,22,8,B03,120.650069,24.140427,2
2022,5,30,9,18,臺中市,北屯區,0,0,0,8,,,80,,,,,,,,,,,,,,,43,,,,,B03,,,1,,11,,,43,43,1,4,,B03,120.7212,24.1784,3
2022,5,30,9,20,臺中市,太平區,0,0,0,8,,,50,,,,,,,,,,,,,,,23,,,,,B03,,,1,,1,,,23,23,1,22,,B03,120.723207,24.14894,3
2022,5,30,9,27,臺中市,神岡區,0,1,0,8,1,5,50,15,9,1,5,4,5,7,1,1,5,2,4,1,13,16,2,7,1,1,C04,7,9,3,18,2,11,,16,16,1,22,8,C04,120.708987,24.259447,2
2022,5,30,9,35,臺中市,梧棲區,0,0,0,8,,,50,,,,,,,,,,,,,,,35,,,,,A31,,,1,,2,,,35,35,1,9,,A31,120.52733,24.235097,3
2022,5,30,9,54,臺中市,南屯區,0,1,0,8,1,5,50,14,9,1,5,4,5,7,4,4,3,4,5,2,17,6,3,10,1,1,B11,7,6,1,8,2,2,,6,6,1,22,8,B11,120.612183,24.154592,2
2022,5,30,9,55,臺中市,大里區,0,1,0,8,1,5,30,4,1,1,5,4,5,7,4,4,10,5,5,2,15,6,2,9,1,1,C03,7,9,1,10,2,11,,6,6,1,19,8,C03,120.703737,24.100301,2
2022,5,30,10,1,臺中市,北區,0,0,0,8,,,50,,,,,,,,,,,,,,,23,,,,,B03,,,1,,1,,,23,23,1,5,,B03,120.685263,24.154148,3
2022,5,30,10,1,臺中市,北屯區,0,0,0,8,,,50,,,,,,,,,,,,,,,16,,,,,C03,,,1,,2,,,16,16,1,22,,C03,120.686501,24.188488,4
2022,5,30,10,2,臺中市,南區,0,0,0,,,,50,,,,,,,,,,,,,,,23,,,,,B03,,,1,,2,,,23,23,1,22,,B03,120.670078,24.119217,3
2022,5,30,10,3,臺中市,北屯區,0,1,0,7,1,5,50,4,1,1,5,4,5,7,1,1,10,5,5,2,16,23,2,9,1,1,C03,7,9,1,10,2,12,,23,23,1,21,8,C03,120.701303,24.186446,2
2022,5,30,10,5,臺中市,太平區,0,0,0,8,,,50,,,,,,,,,,,,,,,19,,,,,B03,,,1,,2,,,23,19,1,22,,B03,120.705773,24.15943,3
2022,5,30,10,6,臺中市,北屯區,0,0,0,8,,,30,,,,,,,,,,,,,,,26,,,,,B03,,,1,,2,,,26,26,1,21,,B03,120.692263,24.183375,3
2022,5,30,10,11,臺中市,大雅區,0,0,0,8,,,50,,,,,,,,,,,,,,,23,,,,,B12,,,1,,2,,,23,23,1,22,,B12,120.651801,24.228245,3
2022,5,30,10,26,臺中市,潭子區,0,0,0,8,,,30,,,,,,,,,,,,,,,12,,,,,B03,,,1,,2,,,12,12,1,22,,B03,120.680627,24.221435,3
2022,5,30,10,35,臺中市,東區,0,0,0,8,,,50,,,,,,,,,,,,,,,7,,,,,B03,,,1,,2,,,7,7,1,22,,B03,120.707283,24.132276,3
2022,5,30,10,35,臺中市,大里區,0,0,0,8,,,50,,,,,,,,,,,,,,,12,,,,,A12,,,1,,1,,,12,12,1,22,,A12,120.682296,24.111153,3
2022,5,30,10,40,臺中市,大里區,0,0,0,8,,,50,,,,,,,,,,,,,,,12,,,,,B03,,,1,,11,,,12,12,1,5,,B03,120.682446,24.105048,3
2022,5,30,10,44,臺中市,潭子區,0,1,0,8,1,5,50,14,7,1,5,4,5,7,4,4,5,5,5,1,17,26,3,10,1,1,B03,7,11,1,8,2,8,,26,26,1,22,8,B03,120.707032,24.213948,2
2022,5,30,11,2,臺中市,大雅區,0,0,0,8,,,50,,,,,,,,,,,,,,,18,,,,,B03,,,1,,2,,,18,18,1,21,,B03,120.655921,24.22996,3
2022,5,30,11,5,臺中市,大肚區,0,0,0,8,,,50,,,,,,,,,,,,,,,6,,,,,A12,,,1,,2,,,6,6,1,10,,A12,120.535247,24.169158,3
2022,5,30,11,8,臺中市,太平區,0,0,0,8,,,50,,,,,,,,,,,,,,,19,,,,,C03,,,1,,2,,,19,19,1,21,,C03,120.734218,24.121613,3
2022,5,30,11,9,臺中市,豐原區,0,0,0,8,,,50,,,,,,,,,,,,,,,26,,,,,A31,,,1,,2,,,26,26,1,10,,A31,120.712705,24.262121,3
2022,5,30,11,12,臺中市,大雅區,0,0,0,8,,,50,,,,,,,,,,,,,,,7,,,,,B12,,,1,,2,,,7,7,1,22,,B12,120.626986,24.242238,3
2022,5,30,11,12,臺中市,梧棲區,0,0,0,8,,,70,,,,,,,,,,,,,,,23,,,,,B03,,,1,,1,,,23,23,1,9,,B03,120.544391,24.247345,3
2022,5,30,11,22,臺中市,太平區,0,1,0,7,1,5,50,5,1,1,5,4,5,7,1,1,10,5,5,2,16,23,2,7,1,1,C03,7,9,1,10,2,14,,23,23,1,22,5,C03,120.706326,24.148564,2
2022,5,30,11,27,臺中市,南區,0,1,0,6,1,5,50,4,2,1,4,4,5,7,1,1,5,5,5,2,17,26,3,10,1,1,B12,7,5,1,8,2,8,,42,26,1,5,8,B12,120.68107,24.122376,2
2022,5,30,11,30,臺中市,南屯區,0,0,0,8,,,50,,,,,,,,,,,,,,,42,,,,,B03,,,1,,2,,,42,67,1,23,,B03,120.623013,24.149683,3
2022,5,30,11,30,臺中市,大甲區,0,0,0,8,,,30,,,,,,,,,,,,,,,12,,,,,B12,,,1,,2,,,12,12,1,9,,B12,120.620127,24.344476,3
2022,5,30,11,35,臺中市,石岡區,0,1,0,8,1,5,50,14,9,1,5,4,5,7,4,4,5,5,5,1,13,23,2,9,1,1,C03,7,9,1,10,2,11,,23,23,1,16,8,C03,120.81012,24.25568,2
2022,5,30,11,40,臺中市,南屯區,0,0,0,,,,50,,,,,,,,,,,,,,,42,,,,,B12,,,3,,11,,,42,42,1,22,,B12,120.637279,24.147006,3
2022,5,30,11,44,臺中市,南區,0,1,0,8,1,5,50,4,1,1,5,4,5,7,2,1,10,5,5,2,13,23,3,10,1,1,B01,7,9,1,4,2,8,,23,23,1,21,8,B01,120.653495,24.122737,2
2022,5,30,11,46,臺中市,北屯區,0,1,0,6,1,5,50,14,9,1,4,4,5,7,4,4,5,5,5,2,18,23,2,9,3,4,C03,7,9,1,10,2,12,,23,23,1,21,8,C03,120.688273,24.179085,2
2022,5,30,11,48,臺中市,大雅區,0,2,0,8,1,5,50,14,9,1,5,4,5,7,4,4,5,2,5,1,12,1,3,10,1,1,A12,7,4,1,2,2,2,,1,1,1,22,9,A12,120.6448,24.221436,2
2022,5,30,11,50,臺中市,潭子區,0,0,0,6,,,50,,,,,,,,,,,,,,,17,,,,,B03,,,1,,2,,,17,17,1,22,,B03,120.707869,24.21567,3
2022,5,30,11,50,臺中市,豐原區,0,2,0,6,1,5,30,3,9,1,4,4,5,7,4,4,10,5,5,2,17,17,2,9,3,4,C03,7,9,1,10,2,11,,17,17,1,22,8,C03,120.699617,24.22859,2
2022,5,30,11,53,臺中市,沙鹿區,0,1,0,8,1,5,50,4,1,1,5,4,5,7,4,4,10,5,5,2,15,6,2,9,1,1,C04,7,9,3,18,2,11,,23,6,1,21,8,C04,120.560985,24.237828,2
2022,5,30,11,55,臺中市,東區,0,0,0,,,,50,,,,,,,,,,,,,,,23,,,,,B03,,,1,,2,,,23,23,1,22,,B03,120.706823,24.148665,3
2022,5,30,12,4,臺中市,潭子區,0,1,0,8,1,5,50,3,2,1,5,4,5,7,4,4,9,4,4,2,17,7,3,10,1,1,B12,7,8,1,8,2,5,,7,7,1,22,8,B12,120.698558,24.194676,2
2022,5,30,12,5,臺中市,潭子區,0,0,0,6,,,30,,,,,,,,,,,,,,,6,,,,,B03,,,1,,2,,,6,6,1,22,,B03,120.706416,24.202276,3
2022,5,30,12,5,臺中市,北屯區,0,1,0,8,1,5,50,14,7,1,5,4,5,7,4,4,5,4,4,2,16,26,3,10,1,1,C03,7,1,1,10,2,11,,26,26,1,21,8,C03,120.66802,24.178288,2
2022,5,30,12,5,臺中市,神岡區,0,1,0,8,1,5,50,14,7,1,5,4,5,7,4,4,9,5,4,2,16,6,3,10,1,1,B12,7,5,1,8,2,7,,6,6,1,21,8,B12,120.702656,24.278193,2
2022,5,30,12,10,臺中市,大雅區,0,0,0,8,,,50,,,,,,,,,,,,,,,23,,,,,B03,,,1,,2,,,23,23,1,21,,B03,120.647749,24.223898,3
2022,5,30,12,16,臺中市,北屯區,0,1,0,8,1,5,50,3,1,1,5,4,5,7,4,4,10,5,5,2,29,23,2,9,1,1,C03,7,9,1,10,2,14,,23,23,1,21,8,C03,120.695955,24.178693,2
2022,5,30,12,16,臺中市,大里區,0,0,0,8,,,50,,,,,,,,,,,,,,,40,,,,,A12,,,1,,2,,,40,40,1,22,,A12,120.689935,24.108818,3
2022,5,30,12,17,臺中市,豐原區,0,0,0,8,,,50,,,,,,,,,,,,,,,23,,,,,B02,,,1,,2,,,23,23,1,22,,B02,120.705916,24.249805,3
2022,5,30,12,18,臺中市,南屯區,0,0,0,8,,,40,,,,,,,,,,,,,,,1,,,,,B03,,,1,,1,,,1,1,1,22,,B03,120.621947,24.134822,3
2022,5,30,12,20,臺中市,大雅區,0,0,0,8,,,50,,,,,,,,,,,,,,,2,,,,,B12,,,1,,2,,,2,2,1,22,,B12,120.649223,24.216178,3
2022,5,30,12,22,臺中市,梧棲區,0,1,0,8,1,5,50,4,2,1,5,4,5,7,1,1,5,5,5,1,13,23,2,9,1,1,C03,7,9,1,10,2,11,,23,23,1,9,8,C03,120.528201,24.221765,2
2022,5,30,12,25,臺中市,北區,0,0,0,8,,,50,,,,,,,,,,,,,,,12,,,,,B12,,,1,,2,,,12,12,1,22,,B12,120.679805,24.154555,3
2022,5,30,12,25,臺中市,清水區,0,1,0,8,3,5,50,4,1,1,5,4,5,7,3,1,10,5,5,2,15,23,2,9,1,1,C03,7,9,3,18,2,11,12,23,23,1,5,5,C03,120.572572,24.261972,2
2022,5,30,12,30,臺中市,東區,0,1,0,8,1,5,40,4,1,1,5,4,5,7,4,4,10,5,5,2,18,23,2,7,1,1,C03,7,9,3,18,2,14,,23,23,1,22,8,C03,120.697818,24.141499,2
2022,5,30,12,37,臺中市,東勢區,0,2,0,8,1,5,50,3,9,1,5,4,5,7,4,4,5,5,5,1,17,6,2,9,1,1,C03,7,1,1,10,2,11,,6,6,1,19,8,C03,120.83205,24.25136,2
2022,5,30,12,46,臺中市,潭子區,0,0,0,8,,,50,,,,,,,,,,,,,,,17,,,,,B03,,,1,,2,,,17,17,1,22,,B03,120.69968,24.216543,3
2022,5,30,13,1,臺中市,西區,0,1,0,8,1,5,40,4,1,1,5,4,5,7,1,1,10,5,5,2,16,23,2,9,1,1,C03,7,9,1,10,2,14,,23,23,1,21,8,C03,120.672782,24.14838,2
2022,5,30,13,14,臺中市,南區,0,1,0,8,1,5,30,4,1,1,5,4,5,7,4,4,10,5,5,2,15,6,3,10,1,1,B12,7,9,1,8,2,1,,6,6,1,5,8,B12,120.682847,24.130744,2
2022,5,30,13,15,臺中市,西屯區,0,1,0,8,1,5,50,4,1,1,5,4,5,7,2,1,10,5,5,2,16,4,3,10,3,4,C03,7,9,1,10,2,12,13,4,4,1,22,8,C03,120.656516,24.165511,2
2022,5,30,13,19,臺中市,潭子區,0,1,0,8,1,5,30,3,1,1,5,4,5,7,4,4,5,4,4,2,17,6,3,10,1,1,B12,7,5,1,8,2,1,,6,6,1,22,8,B12,120.694279,24.223406,2
2022,5,30,13,21,臺中市,豐原區,0,1,0,8,1,5,50,3,1,1,5,4,5,7,4,4,1,4,5,1,14,12,3,10,1,1,B12,7,2,1,8,2,6,,12,12,1,19,8,B12,120.723307,24.244437,2
2022,5,30,13,22,臺中市,外埔區,0,2,0,8,1,5,50,3,2,1,5,4,5,7,4,4,5,5,5,1,11,19,2,1,1,1,C03,7,1,1,10,2,12,,19,19,1,4,1,C03,120.641678,24.332361,2
2022,5,30,13,28,臺中市,北屯區,0,1,0,8,1,5,50,4,1,1,5,4,5,7,4,4,10,5,5,2,16,6,2,9,1,1,C03,7,9,1,10,2,11,,6,6,1,21,8,C03,120.703006,24.178143,2
2022,5,30,13,29,臺中市,潭子區,0,2,0,8,1,5,50,4,1,1,5,1,5,7,1,1,5,4,4,1,17,4,2,8,1,1,C03,7,1,1,10,2,11,,4,4,1,22,8,C03,120.700537,24.211674,2
2022,5,30,13,30,臺中市,梧棲區,0,1,0,8,1,5,50,4,1,1,5,4,5,7,1,1,10,5,5,2,15,25,3,10,1,1,B11,7,9,1,8,2,1,,25,25,1,9,8,B11,120.54062,24.249249,2
2022,5,30,13,37,臺中市,潭子區,0,1,0,8,1,5,60,4,1,1,5,4,5,7,1,1,1,4,4,1,17,43,,,,,,,,,,,,,43,43,2,,,,120.709041,24.233195,2
2022,5,30,13,43,臺中市,潭子區,0,1,0,8,1,5,50,4,1,1,5,4,5,7,1,1,1,4,5,1,17,25,3,10,1,1,B03,7,5,1,8,2,7,,25,25,1,22,8,B03,120.714874,24.200118,2
2022,5,30,13,53,臺中市,豐原區,0,2,0,8,1,5,50,3,1,1,5,4,5,7,4,4,5,5,5,2,16,6,3,10,3,4,B03,7,5,1,8,2,1,,6,6,1,21,8,B03,120.699156,24.247413,2
2022,5,30,14,0,臺中市,豐原區,0,0,0,8,,,30,,,,,,,,,,,,,,,12,,,,,B03,,,1,,2,,,12,12,1,22,,B03,120.719128,24.265738,3
2022,5,30,14,3,臺中市,太平區,0,1,0,8,1,5,50,8,8,1,5,4,5,7,4,4,5,4,4,2,16,7,2,9,1,1,C03,7,8,1,10,2,12,,7,7,1,22,5,C03,120.715672,24.135669,2
2022,5,30,14,11,臺中市,南屯區,0,0,0,8,,,40,,,,,,,,,,,,,,,23,,,,,B03,,,1,8,1,,,23,23,1,23,,B03,120.649917,24.140957,3
2022,5,30,14,11,臺中市,南屯區,0,1,0,8,1,5,50,4,20,1,5,4,5,7,1,1,10,5,5,2,2,15,3,10,3,4,C03,7,5,3,18,9,15,,15,15,1,12,8,C03,120.649917,24.140957,2
2022,5,30,14,19,臺中市,新社區,0,0,0,8,,,50,,,,,,,,,,,,,,,25,,,,,B12,,,1,,2,,,25,25,1,22,,B12,120.821141,24.181043,3
2022,5,30,14,28,臺中市,北區,0,1,0,8,1,5,50,4,1,1,5,4,5,7,4,4,10,5,5,2,15,6,3,10,1,1,B01,7,9,1,4,2,1,,6,6,1,22,9,B01,120.6804,24.150041,2
2022,5,30,14,49,臺中市,太平區,0,0,0,8,,,30,,,,,,,,,,,,,,,18,,,,,B03,,,1,,1,,,18,18,1,21,,B03,120.713827,24.133001,3
2022,5,30,14,52,臺中市,烏日區,0,0,0,8,,,50,,,,,,,,,,,,,,,23,,,,,B03,,,1,,2,,,23,23,1,21,,B03,120.609367,24.112942,3
2022,5,30,14,54,臺中市,豐原區,0,0,0,8,,,50,,,,,,,,,,,,,,,23,,,,,B03,,,1,,2,,,23,23,1,22,,B03,120.728844,24.244288,3
2022,5,30,14,58,臺中市,沙鹿區,0,1,0,8,1,5,30,15,8,1,5,4,5,7,4,4,1,4,5,1,17,12,3,10,1,1,B12,7,2,1,8,2,7,,12,12,1,4,8,B12,120.57328,24.262238,2
2022,5,30,15,0,臺中市,大雅區,0,0,0,8,,,50,,,,,,,,,,,,,,,23,,,,,B03,,,1,,2,,,23,23,1,22,,B03,120.650721,24.210869,3
2022,5,30,15,0,臺中市,神岡區,0,1,0,8,1,5,40,3,1,1,5,4,5,7,3,1,9,5,5,1,16,6,3,10,1,1,B12,7,6,1,8,1,7,,6,6,1,21,8,B12,120.67705,24.265437,2
2022,5,30,15,3,臺中市,北區,0,0,0,8,,,40,,,,,,,,,,,,,,,12,,,,,B03,,,1,,1,,,12,12,1,22,,B03,120.668095,24.162861,3
2022,5,30,15,11,臺中市,東區,0,0,0,8,,,40,,,,,,,,,,,,,,,23,,,,,B12,,,1,8,2,,,23,23,1,21,,B12,120.688291,24.130905,3
2022,5,30,15,13,臺中市,西屯區,0,0,0,8,,,50,,,,,,,,,,,,,,,12,,,,,B12,,,1,,1,,,12,12,1,22,,B12,120.637664,24.183241,3
2022,5,30,15,15,臺中市,大甲區,0,0,0,8,,,50,,,,,,,,,,,,,,,12,,,,,B12,,,1,,1,,,12,12,1,22,,B12,120.657956,24.405153,3
2022,5,30,15,36,臺中市,大里區,0,0,0,8,,,50,,,,,,,,,,,,,,,42,,,,,B03,,,1,,1,,,42,42,1,22,,B03,120.679484,24.116234,3
2022,5,30,15,45,臺中市,大甲區,0,0,0,8,,,50,,,,,,,,,,,,,,,6,,,,,B03,,,1,,1,,,6,6,1,22,,B03,120.618589,24.36763,3
2022,5,30,15,46,臺中市,大里區,0,1,0,8,1,5,50,3,1,1,5,4,5,7,4,4,10,5,5,2,16,6,3,10,1,1,B03,7,5,1,8,2,8,,6,6,1,22,9,B03,120.686266,24.09539,2
2022,5,30,15,51,臺中市,北屯區,0,0,0,8,,,50,,,,,,,,,,,,,,,16,,,,,B12,,,1,,1,,,16,16,1,22,,B12,120.718812,24.162083,3
2022,5,30,15,53,臺中市,北區,0,0,0,8,,,40,,,,,,,,,,,,,,,42,,,,,B03,,,1,,2,,,42,42,1,22,,B03,120.66696,24.162993,3
2022,5,30,15,55,臺中市,清水區,0,0,0,8,,,50,,,,,,,,,,,,,,,17,,,,,B12,,,1,,9,,,17,17,2,22,,B12,120.569561,24.261163,3
2022,5,30,15,56,臺中市,神岡區,0,1,0,8,1,5,40,15,9,1,5,4,5,7,1,1,5,5,5,1,17,8,2,9,1,1,C04,7,5,3,18,2,13,,8,8,1,22,8,C04,120.701301,24.251382,2
2022,5,30,15,57,臺中市,北區,0,1,0,8,1,5,50,14,7,1,5,4,5,7,4,4,5,4,5,2,17,43,3,10,1,1,B03,7,13,1,8,11,15,,43,43,1,22,8,B03,120.671049,24.166921,2
2022,5,30,16,0,臺中市,南屯區,0,0,0,8,,,50,,,,,,,,,,,,,,,12,,,,,B11,,,1,,1,,,12,12,1,21,,B11,120.638675,24.144211,3
2022,5,30,16,8,臺中市,大里區,0,1,0,8,1,5,50,3,2,1,5,4,5,7,4,4,1,4,4,1,17,19,3,10,1,1,C03,7,1,1,10,2,15,,19,19,1,22,8,C03,120.692295,24.091169,2
2022,5,30,16,11,臺中市,豐原區,0,1,0,8,1,5,50,4,1,1,5,4,5,7,2,1,5,5,4,2,16,6,3,10,1,1,B03,7,5,1,8,2,1,,6,6,1,21,8,B03,120.714483,24.251074,2
2022,5,30,16,14,臺中市,豐原區,0,1,0,8,1,5,50,14,7,1,5,4,5,7,4,4,5,5,5,2,16,26,2,9,1,4,C03,7,9,1,10,2,12,,26,26,1,21,8,C03,120.72221,24.253446,2
2022,5,30,16,40,臺中市,南區,0,2,0,8,1,5,50,5,1,1,5,4,5,7,1,1,10,5,5,2,15,25,2,9,1,1,C03,7,9,1,10,2,11,,25,25,1,22,9,C03,120.670198,24.124463,2
2022,5,30,16,40,臺中市,南屯區,0,1,0,8,1,5,40,14,9,1,5,4,5,7,4,4,1,5,5,2,14,12,3,10,3,4,B03,7,2,1,8,2,7,,12,12,1,12,8,B03,120.647396,24.131552,2
2022,5,30,16,40,臺中市,清水區,0,0,0,8,,,50,,,,,,,,,,,,,,,23,,,,,A11,,,1,,2,,,23,23,1,22,,A11,120.575818,24.270201,3
2022,5,30,16,46,臺中市,北屯區,0,0,0,8,,,50,,,,,,,,,,,,,,,19,,,,,B12,,,1,8,1,,,19,19,1,21,,B12,120.727863,24.163278,3
2022,5,30,16,50,臺中市,豐原區,0,1,0,8,1,5,50,11,9,1,5,4,5,7,4,4,5,5,5,1,18,42,2,9,1,1,C03,7,9,1,10,2,15,,42,42,1,22,8,C03,120.754516,24.259424,2
2022,5,30,17,0,臺中市,南區,0,1,0,8,1,5,50,4,1,1,5,4,5,7,1,1,10,5,5,2,16,6,3,10,1,1,B03,7,5,1,8,2,6,,6,6,1,5,8,B03,120.671374,24.122361,2
2022,5,30,17,1,臺中市,梧棲區,0,1,0,8,1,5,40,4,1,1,5,4,5,7,1,1,8,3,4,1,16,9,3,10,1,1,B03,7,6,1,8,2,1,,9,9,1,21,8,B03,120.538681,24.249161,2
2022,5,30,17,4,臺中市,大里區,0,2,0,8,1,5,50,14,9,1,5,4,5,7,4,4,1,4,5,1,12,7,2,9,1,1,C03,7,8,3,18,2,12,,7,7,1,21,1,C03,120.683999,24.097586,2
2022,5,30,17,14,臺中市,南屯區,0,0,0,8,,,50,,,,,,,,,,,,,,,26,,,,,B12,,,1,,1,,,26,26,1,22,,B12,120.649251,24.134799,3
2022,5,30,17,16,臺中市,南屯區,0,2,0,8,1,5,50,4,1,1,5,4,5,7,1,1,10,5,5,1,13,16,2,9,1,1,C03,7,9,1,10,2,11,13,16,16,1,22,8,C03,120.612153,24.150248,2
2022,5,30,17,17,臺中市,南屯區,0,1,0,8,1,5,50,4,1,1,5,4,5,7,1,1,1,4,4,2,16,10,3,10,1,1,B03,7,11,1,8,2,6,,10,10,1,22,9,B03,120.635874,24.143424,2
2022,5,30,17,20,臺中市,霧峰區,0,1,0,8,1,5,40,4,1,1,5,4,5,7,2,1,1,4,4,1,12,8,2,8,1,1,C03,7,5,1,10,2,14,,8,8,1,19,5,C03,120.662944,24.063028,2
2022,5,30,17,24,臺中市,北屯區,0,1,0,8,1,5,50,14,9,1,5,4,5,7,4,4,1,4,5,2,17,42,2,9,1,1,C03,7,15,1,10,2,12,,42,42,1,22,8,C03,120.697791,24.169731,2
2022,5,30,17,31,臺中市,潭子區,0,1,0,8,1,5,50,4,2,1,5,4,5,7,1,1,9,4,4,1,17,26,3,10,1,1,B03,7,6,1,8,2,4,,26,26,1,22,8,B03,120.691825,24.21635,2
2022,5,30,17,31,臺中市,大雅區,0,0,0,8,1,5,50,3,1,1,5,4,5,7,1,1,9,4,4,1,17,26,3,10,1,1,B03,7,9,1,8,7,7,,6,26,1,22,9,B03,120.647565,24.220968,3
2022,5,30,17,32,臺中市,東勢區,0,0,0,8,1,4,60,4,9,1,5,4,5,7,2,1,10,5,5,2,13,23,3,10,3,4,B12,7,9,1,2,2,1,,23,23,1,22,8,B12,120.82288,24.261334,3