年,月,日,時,分,縣市,區,死,受傷,2-30,天候,光線,道路類別,速限,道路型態,事故位置,路面鋪裝,路面狀態,路面缺陷,障礙物,視距,號誌種類,號誌動作,分向設施,快車道或一般車道間,快慢車道間,路面邊線,事故類型及型態,主要肇因,受傷程度,主要傷處,保護裝備,行動電話,當事者區分,車輛用途,當事者行動狀態,駕駛資格情形,駕駛執照種類,飲酒情形,車輛撞擊部位最初,車輛撞擊部位其他,肇事因素個別,肇事因素主要,肇事逃逸,職業,旅次目的,車種,GPS緯度,GPS經度,事故類別
2022,5,30,17,36,臺中市,西屯區,0,0,0,8,,,50,,,,,,,,,,,,,,,43,,,,,B03,,,1,,1,,,43,43,1,22,,B03,120.6219,24.191173,3
2022,5,30,17,37,臺中市,東區,0,2,0,8,1,5,50,4,8,1,5,4,5,7,1,1,8,4,4,2,16,9,3,10,1,1,B03,7,6,1,8,2,4,,9,9,1,5,1,B03,120.683564,24.133208,2
2022,5,30,17,37,臺中市,西屯區,0,2,0,8,1,5,50,3,2,1,5,4,5,7,2,1,5,4,5,2,12,1,2,9,3,4,C03,7,4,1,10,2,12,,1,1,1,22,8,C03,120.639043,24.168875,2
2022,5,30,17,40,臺中市,大里區,0,2,0,8,2,5,50,4,1,1,5,4,5,7,1,1,10,5,5,2,16,6,2,9,1,1,C03,7,5,1,10,2,11,,6,6,1,21,9,C03,120.701568,24.096122,2
2022,5,30,17,46,臺中市,外埔區,0,1,0,8,1,5,50,3,9,1,5,4,5,1,4,4,1,4,5,1,12,7,3,10,1,1,B03,7,7,1,4,2,8,,7,7,1,5,3,B03,120.64061,24.339354,2
2022,5,30,17,49,臺中市,北區,0,1,0,8,1,5,40,14,8,1,5,4,5,7,4,4,1,4,4,2,17,19,2,8,1,1,C03,7,1,1,10,2,11,,19,19,1,22,9,C03,120.680863,24.1526,2
2022,5,30,17,49,臺中市,豐原區,0,1,0,8,1,5,60,14,8,1,5,4,5,7,4,4,1,2,4,2,13,16,2,9,3,4,C03,7,9,1,10,2,11,,16,16,1,22,8,C03,120.721449,24.237475,2
2022,5,30,17,50,臺中市,后里區,0,2,0,8,1,5,50,3,2,1,5,4,5,7,4,4,9,4,4,1,11,3,2,9,1,1,C03,7,15,1,10,2,14,,3,3,1,22,8,C03,120.715966,24.309904,2
2022,5,30,17,58,臺中市,大里區,0,0,0,8,,,80,,,,,,,,,,,,,,,16,,,,,B03,,,1,,2,,,16,16,1,4,,B03,120.690704,24.098029,3
2022,5,30,18,3,臺中市,豐原區,0,2,0,8,1,5,50,14,9,1,5,4,5,7,4,4,1,4,5,2,17,40,3,10,3,4,B12,7,14,3,18,2,2,,40,40,1,22,8,B12,120.702422,24.250211,2
2022,5,30,18,5,臺中市,西屯區,0,0,0,8,,,40,,,,,,,,,,,,,,,25,,,,,B03,,,1,,2,,,25,25,1,22,,B03,120.632171,24.162039,3
2022,5,30,18,6,臺中市,西屯區,0,1,0,8,3,5,30,3,1,1,5,4,5,7,4,4,10,5,5,2,29,67,,,,,,,,,,,,,67,67,1,,,,120.645899,24.175001,2
2022,5,30,18,13,臺中市,北區,0,2,0,8,2,5,50,4,1,1,5,4,5,7,4,4,10,5,5,2,17,6,2,9,1,1,C03,7,9,1,10,1,11,,6,6,1,22,8,C03,120.679248,24.152821,2
2022,5,30,18,15,臺中市,大肚區,0,1,0,8,1,5,50,14,13,1,5,4,5,7,4,4,1,4,4,1,12,19,2,8,1,2,C03,7,1,1,10,2,14,,19,19,1,4,3,C03,120.563393,24.12415,2
2022,5,30,18,20,臺中市,北區,0,2,0,8,2,5,40,14,8,1,5,4,5,7,4,4,9,5,4,2,17,4,2,8,1,1,C03,7,15,1,10,2,11,,4,4,1,22,9,C03,120.677151,24.15946,2
2022,5,30,18,33,臺中市,東區,0,2,0,8,1,5,50,4,1,1,5,4,5,7,4,4,10,5,5,2,15,6,2,9,1,1,C03,7,9,1,10,2,11,,6,6,1,22,8,C03,120.687599,24.143463,2
2022,5,30,18,40,臺中市,大甲區,0,1,0,8,1,5,50,14,9,1,5,4,5,7,4,4,5,5,5,1,18,23,2,9,1,1,C03,7,9,1,10,2,12,,23,23,1,22,9,C03,120.664259,24.373724,2
2022,5,30,18,41,臺中市,北區,0,0,0,8,,,50,,,,,,,,,,,,,,,16,,,,,B12,,,1,,1,,,16,16,1,22,,B12,120.676053,24.14548,3
2022,5,30,18,46,臺中市,南屯區,0,2,0,8,3,5,50,4,1,1,5,4,5,7,2,1,10,5,5,2,16,7,2,9,1,1,C03,7,7,1,10,2,14,,7,7,1,22,8,C03,120.651316,24.136237,2
2022,5,30,18,56,臺中市,大里區,0,0,0,8,,,50,,,,,,,,,,,,,,,23,,,,,B03,,,1,,1,,,23,23,1,22,,B03,120.685638,24.095384,3
2022,5,30,19,0,臺中市,南屯區,0,1,0,8,3,5,30,3,1,1,5,4,5,7,4,4,10,5,5,2,16,6,3,10,1,1,B03,7,5,1,8,2,1,,6,6,1,22,8,B03,120.610271,24.155958,2
2022,5,30,19,3,臺中市,潭子區,0,0,0,8,,,30,,,,,,,,,,,,,,,23,,,,,B03,,,1,,9,,,23,23,1,22,,B03,120.678707,24.208068,3
2022,5,30,19,13,臺中市,西屯區,0,1,0,8,3,5,50,14,7,1,5,4,5,7,4,4,5,5,4,2,13,42,3,10,3,4,B03,7,9,1,8,2,1,,42,42,1,22,8,B03,120.66112,24.164338,2
2022,5,30,19,13,臺中市,大甲區,0,1,0,8,3,5,50,4,1,1,5,4,5,7,1,1,10,5,5,2,17,23,2,9,1,1,C03,7,9,1,10,2,12,,23,23,1,4,1,C03,120.623136,24.347118,2
2022,5,30,19,16,臺中市,北屯區,0,1,0,8,3,5,60,14,9,1,5,4,5,7,2,1,1,4,5,2,13,23,3,10,1,1,C03,7,9,1,10,2,11,,23,23,1,22,8,C03,120.70369,24.164614,2
2022,5,30,19,17,臺中市,沙鹿區,0,1,0,8,1,5,50,4,1,1,5,4,5,7,1,1,10,5,5,2,16,23,3,10,1,1,B02,7,6,1,8,2,8,,23,23,1,21,8,B02,120.562348,24.240327,2
2022,5,30,19,20,臺中市,北區,0,0,0,8,,,50,,,,,,,,,,,,,,,1,,,,,B03,,,1,,1,,,1,1,1,22,,B03,120.685125,24.164968,3
2022,5,30,19,20,臺中市,南區,0,0,0,8,,,30,,,,,,,,,,,,,,,43,,,,,C03,,,1,,10,,,44,43,1,4,,C03,120.68413,24.12899,3
2022,5,30,19,24,臺中市,中區,0,1,0,8,3,5,50,4,1,1,5,4,5,7,1,1,10,5,5,2,3,15,3,10,1,1,B03,7,5,1,8,2,1,,15,15,1,20,8,B03,120.678356,24.144781,2
2022,5,30,19,30,臺中市,潭子區,0,0,0,8,,,50,,,,,,,,,,,,,,,7,,,,,B03,,,1,,2,,,7,7,1,22,,B03,120.686498,24.209615,3
2022,5,30,19,36,臺中市,潭子區,0,0,0,8,,,60,,,,,,,,,,,,,,,23,,,,,B03,,,1,,2,,,23,23,1,22,,B03,120.70545,24.211467,3
2022,5,30,19,42,臺中市,西屯區,0,1,0,8,3,5,30,4,1,1,5,4,5,7,1,1,10,5,5,2,16,43,2,9,3,4,C03,7,9,1,10,2,15,,43,43,1,22,8,C03,120.616391,24.185873,2
2022,5,30,19,45,臺中市,龍井區,0,1,0,8,3,5,70,4,1,1,5,4,5,7,1,1,10,5,5,2,16,6,3,10,1,1,B12,7,5,1,8,2,2,,6,6,1,12,8,B12,120.537642,24.199901,2
2022,5,30,19,46,臺中市,北屯區,0,2,0,8,3,5,40,14,8,1,5,4,5,7,4,4,5,5,4,2,13,16,2,9,3,4,C03,7,9,1,10,2,11,,16,16,1,21,8,C03,120.671928,24.180217,2
2022,5,30,20,0,臺中市,南區,0,0,0,8,3,5,50,4,1,1,5,4,5,7,1,1,10,5,5,2,13,23,3,10,1,1,C03,7,9,1,10,2,11,,23,23,1,22,8,C03,120.656348,24.134357,3
2022,5,30,20,2,臺中市,北區,0,0,0,8,,,50,,,,,,,,,,,,,,,42,,,,,B03,,,1,,11,,,42,42,1,22,,B03,120.684939,24.159554,3
2022,5,30,20,20,臺中市,北區,0,1,0,8,1,5,50,5,1,1,5,4,5,7,2,1,10,5,5,2,17,26,3,10,1,1,B03,7,6,1,8,2,2,,26,26,1,22,8,B03,120.6738,24.173874,2
2022,5,30,20,25,臺中市,南區,0,2,0,8,3,5,40,4,1,1,5,4,5,7,1,1,10,5,5,2,17,26,2,9,1,1,C03,7,9,1,10,2,11,,26,26,1,22,8,C03,120.652994,24.114114,2
2022,5,30,21,9,臺中市,神岡區,0,2,0,8,3,5,40,14,9,1,5,4,5,7,4,4,4,4,4,2,16,26,3,10,3,4,B12,7,5,1,8,2,4,,26,26,1,22,9,B12,120.677681,24.250282,2
2022,5,30,21,10,臺中市,豐原區,0,0,0,8,,,30,,,,,,,,,,,,,,,42,,,,,C03,,,1,,2,,,42,42,1,21,,C03,120.717667,24.251298,3
2022,5,30,21,30,臺中市,大甲區,0,0,0,8,,,30,,,,,,,,,,,,,,,12,,,,,B03,,,1,,1,,,12,12,1,4,,B03,120.618013,24.341611,3
2022,5,30,21,51,臺中市,北屯區,0,2,0,8,3,5,30,3,1,1,5,4,5,7,4,4,10,5,5,2,16,6,3,10,1,1,C03,7,6,2,18,2,11,,6,6,1,22,8,C03,120.680453,24.170548,2
2022,5,30,22,14,臺中市,南屯區,0,1,0,8,3,5,50,3,1,1,5,4,5,7,4,4,10,5,5,2,16,6,3,10,1,4,C03,7,6,1,10,2,13,,6,6,1,22,8,C03,120.626918,24.115195,2
2022,5,30,22,22,臺中市,大里區,0,2,0,8,3,5,50,14,9,1,5,4,5,7,4,4,5,5,5,1,16,27,2,9,1,1,C03,7,11,1,10,2,11,,27,27,1,19,9,C03,120.667266,24.108536,2
2022,5,30,22,25,臺中市,西區,0,1,0,8,3,5,50,4,1,1,5,4,5,7,1,1,10,5,5,2,13,23,3,10,1,1,B02,7,9,1,8,2,1,,23,23,1,12,9,B02,120.653882,24.149942,2
2022,5,30,22,58,臺中市,西屯區,0,1,0,8,3,5,50,14,7,1,5,4,5,7,2,1,5,4,4,2,13,23,3,10,3,4,B03,7,9,1,8,1,1,,23,23,1,22,8,B03,120.65514,24.175831,2
2022,5,30,23,7,臺中市,大里區,0,1,0,8,3,5,50,4,2,1,5,4,5,7,2,1,5,5,5,1,11,6,3,10,3,4,B03,7,5,1,10,2,8,,6,6,1,22,9,B03,120.690083,24.107708,2
2022,5,31,0,10,臺中市,豐原區,0,0,0,8,,,50,,,,,,,,,,,,,,,23,,,,,B03,,,1,,9,,,23,23,2,22,,B03,120.701033,24.248953,3
2022,5,31,0,16,臺中市,南屯區,0,0,0,8,3,5,50,14,9,1,5,4,5,7,4,4,5,4,5,2,13,23,3,10,1,1,C03,7,9,1,10,2,11,,23,23,1,20,9,C03,120.644279,24.134508,3
2022,5,31,0,44,臺中市,大雅區,0,1,0,8,3,5,50,3,1,1,5,4,5,7,1,1,10,5,5,2,17,43,2,8,1,1,C03,7,9,1,10,2,12,,43,43,1,22,8,C03,120.635035,24.214362,2
2022,5,31,0,58,臺中市,南屯區,0,1,0,8,3,5,50,4,1,1,5,4,5,7,1,1,10,5,5,2,16,6,3,10,3,4,B03,7,5,1,8,2,8,,6,6,1,22,8,B03,120.651283,24.144835,2
2022,5,31,1,21,臺中市,南屯區,0,0,0,8,3,5,50,4,2,1,5,4,5,7,2,1,1,4,5,2,13,23,3,10,1,1,B03,7,9,1,8,2,5,,23,23,1,20,5,B03,120.64688,24.155425,3
2022,5,31,1,44,臺中市,西屯區,0,2,0,8,3,5,50,3,1,1,5,4,5,7,4,4,5,4,5,2,16,10,3,10,1,1,B03,7,11,1,8,1,7,,10,10,1,22,8,B03,120.645181,24.177028,2
2022,5,31,6,55,臺中市,南屯區,0,0,0,,,,40,,,,,,,,,,,,,,,17,,,,,A12,,,1,,2,,,17,17,1,22,,A12,120.638391,24.151464,3
2022,5,31,7,1,臺中市,大肚區,0,0,0,8,,,60,,,,,,,,,,,,,,,42,,,,,B03,,,1,,2,,,44,42,1,21,,B03,120.579936,24.191285,3
2022,5,31,7,6,臺中市,大甲區,0,1,0,8,1,5,50,4,1,1,5,4,5,7,4,4,10,5,5,2,15,6,3,10,1,1,B03,7,9,1,8,2,1,,6,6,1,22,9,B03,120.645056,24.404904,2
2022,5,31,7,20,臺中市,龍井區,0,0,0,8,,,30,,,,,,,,,,,,,,,6,,,,,B03,,,1,,2,,,6,6,1,20,,B03,120.546353,24.182251,3
2022,5,31,7,28,臺中市,大里區,0,0,0,8,,,50,,,,,,,,,,,,,,,17,,,,,B03,,,1,,2,,,17,17,1,22,,B03,120.703903,24.093001,3
2022,5,31,7,30,臺中市,大肚區,0,1,0,8,1,5,70,3,1,1,5,4,5,7,1,1,10,5,5,2,16,7,2,9,1,1,C04,7,7,1,11,2,14,,7,7,1,19,8,C04,120.553905,24.134257,2
2022,5,31,7,35,臺中市,大里區,0,0,0,8,,,40,,,,,,,,,,,,,,,42,,,,,B12,,,1,,2,,,42,42,1,9,,B12,120.695214,24.081438,3
2022,5,31,7,36,臺中市,大甲區,0,1,0,7,1,5,30,4,1,1,5,4,5,7,4,4,10,5,5,2,15,6,3,10,1,1,B03,7,9,1,8,2,5,,6,6,1,22,9,B03,120.682566,24.373484,2
2022,5,31,7,40,臺中市,神岡區,0,1,0,8,1,5,30,4,1,1,5,4,5,7,4,4,10,5,5,2,17,14,3,10,1,1,B03,7,9,1,8,2,4,,14,14,1,12,8,B03,120.638028,24.282379,2
2022,5,31,7,43,臺中市,龍井區,0,2,0,8,1,5,30,4,1,1,5,4,5,7,3,1,10,5,5,2,16,6,2,9,3,4,C03,7,9,1,10,2,14,,6,6,1,4,1,C03,120.544056,24.215728,2
2022,5,31,7,46,臺中市,大里區,0,0,0,8,,,50,,,,,,,,,,,,,,,8,,,,,C03,,,1,,2,,,8,8,1,12,,C03,120.703576,24.092083,3
2022,5,31,7,48,臺中市,南屯區,0,0,0,,,,50,,,,,,,,,,,,,,,16,,,,,B11,,,1,,2,,,16,16,1,22,,B11,120.622397,24.140333,3
2022,5,31,7,49,臺中市,神岡區,0,3,0,8,1,5,50,3,1,1,5,4,5,7,1,1,5,5,5,1,16,6,2,9,1,1,F03,7,5,8,20,2,16,,6,6,1,21,8,F03,120.658291,24.251921,2
2022,5,31,7,51,臺中市,梧棲區,0,1,0,8,1,5,50,14,9,1,5,4,5,7,4,4,5,5,5,1,16,26,3,10,1,1,B03,7,11,1,8,2,7,,26,26,1,22,8,B03,120.536682,24.239579,2
2022,5,31,7,52,臺中市,豐原區,0,0,0,8,,,60,,,,,,,,,,,,,,,43,,,,,,,,,,,,,43,43,2,,,,120.719211,24.236348,3
2022,5,31,7,53,臺中市,清水區,0,1,0,8,1,5,30,5,1,1,5,4,5,7,4,4,10,5,5,2,15,6,3,10,1,1,B03,7,9,1,8,2,5,,6,6,1,5,5,B03,120.577798,24.276518,2
2022,5,31,7,57,臺中市,北屯區,0,1,0,8,1,5,50,4,1,1,5,4,5,7,4,4,10,5,5,2,29,23,2,9,1,1,C03,7,6,1,10,2,12,,23,23,1,21,8,C03,120.678168,24.179733,2
2022,5,31,7,58,臺中市,南區,0,0,0,8,1,5,50,14,9,1,5,4,5,7,4,4,5,5,5,2,14,12,3,10,1,1,B03,7,2,1,8,2,3,,12,12,1,5,8,B03,120.675353,24.131993,3
2022,5,31,7,58,臺中市,大里區,0,2,0,8,1,5,50,3,7,1,5,4,5,7,4,4,9,5,4,2,16,10,2,9,1,1,C03,7,11,3,18,2,14,,10,10,1,5,8,C03,120.691407,24.114537,2
2022,5,31,8,0,臺中市,南屯區,0,1,0,8,1,5,50,4,1,1,5,4,5,7,1,1,10,5,5,2,16,6,3,10,1,1,B03,7,5,1,8,2,1,,6,6,1,3,8,B03,120.611003,24.145837,2
2022,5,31,8,5,臺中市,霧峰區,0,0,0,8,,,50,,,,,,,,,,,,,,,12,,,,,B12,,,1,,2,,,12,12,1,22,,B12,120.714211,24.075705,3
2022,5,31,8,5,臺中市,沙鹿區,0,0,0,8,,,50,,,,,,,,,,,,,,,9,,,,,B03,,,1,,2,,,9,9,1,6,,B03,120.56524,24.232606,3
2022,5,31,8,11,臺中市,南屯區,0,0,0,8,,,50,,,,,,,,,,,,,,,6,,,,,B12,,,1,,1,,,6,6,1,4,,B12,120.628305,24.140206,3
2022,5,31,8,11,臺中市,后里區,0,1,0,8,2,5,30,3,1,1,5,4,5,7,4,4,10,5,5,2,12,23,2,9,1,1,F03,7,9,8,20,2,16,,23,23,1,22,8,F03,120.694152,24.29727,2
2022,5,31,8,17,臺中市,大雅區,0,1,0,8,1,5,50,5,1,1,5,4,5,7,1,1,10,5,5,2,16,9,3,10,1,1,B03,7,6,1,8,2,6,,9,9,1,22,9,B03,120.630544,24.240616,2
2022,5,31,8,20,臺中市,南屯區,0,0,0,8,,,50,,,,,,,,,,,,,,,40,,,,,B12,,,1,,1,,,40,40,1,22,,B12,120.630833,24.150555,3
2022,5,31,8,20,臺中市,豐原區,0,1,0,8,1,5,50,14,9,1,5,4,5,7,4,4,5,5,4,2,17,42,3,10,1,1,G03,7,11,7,19,2,1,,42,42,1,22,8,G03,120.735789,24.253342,2
2022,5,31,8,25,臺中市,大里區,0,2,0,8,1,5,50,11,7,1,5,4,5,7,3,1,1,4,4,1,13,23,2,9,1,1,C03,7,9,1,10,2,11,,23,23,1,12,8,C03,120.68955,24.075568,2
2022,5,31,8,25,臺中市,霧峰區,0,0,0,8,,,60,,,,,,,,,,,,,,,23,,,,,B03,,,1,,2,,,23,23,1,18,,B03,120.69557,24.052776,3
2022,5,31,8,35,臺中市,南屯區,0,0,0,,,,50,,,,,,,,,,,,,,,17,,,,,B03,,,1,,2,,,17,17,1,22,,B03,120.622397,24.140333,3
2022,5,31,8,50,臺中市,大雅區,0,2,0,8,1,5,30,4,1,1,5,4,5,7,4,4,9,5,5,1,15,6,2,8,1,1,C03,7,9,1,10,2,12,,6,6,1,21,8,C03,120.628031,24.229418,2
2022,5,31,9,1,臺中市,西屯區,0,1,0,8,1,5,50,3,1,1,5,4,5,7,4,4,1,4,5,2,17,6,3,10,1,1,B03,7,6,1,8,2,6,,6,6,1,22,8,B03,120.637512,24.170543,2
2022,5,31,9,10,臺中市,外埔區,0,0,0,,,,50,,,,,,,,,,,,,,,23,,,,,B12,,,6,,3,,,23,23,1,22,,B12,120.67907,24.334074,3
2022,5,31,9,18,臺中市,大里區,0,1,0,8,1,5,50,5,1,1,5,4,5,7,1,1,10,5,5,2,16,23,3,10,1,1,B12,7,5,1,8,2,6,,23,23,1,21,4,B12,120.689825,24.112826,2
2022,5,31,9,19,臺中市,大里區,0,3,0,8,1,5,50,11,9,1,5,4,5,7,4,4,9,5,5,1,16,4,2,9,1,1,C03,7,5,1,16,2,14,,26,4,1,22,8,C03,120.70246,24.098866,2
2022,5,31,9,20,臺中市,霧峰區,0,0,0,8,,,50,,,,,,,,,,,,,,,19,,,,,B12,,,1,,2,,,19,19,1,12,,B12,120.696378,24.065559,3
2022,5,31,9,21,臺中市,南屯區,0,0,0,8,,,40,,,,,,,,,,,,,,,19,,,,,A04,,,1,,2,,,19,19,1,10,,A04,120.634784,24.152816,4
2022,5,31,9,25,臺中市,南屯區,0,0,0,8,,,50,,,,,,,,,,,,,,,23,,,,,B03,,,1,,1,,,23,23,1,22,,B03,120.639076,24.13937,3
2022,5,31,9,30,臺中市,大里區,0,2,0,8,1,5,50,4,9,1,5,4,5,7,1,1,9,5,4,1,16,8,2,9,1,1,C03,7,5,1,10,2,12,,8,8,1,22,8,C03,120.706798,24.095374,2
2022,5,31,9,42,臺中市,豐原區,1,0,0,8,1,5,60,14,7,1,5,4,5,7,4,4,1,4,4,2,23,23,1,1,1,1,C01,7,4,1,9,2,11,14,23,23,1,21,9,C01,120.703171,24.245804,1
2022,5,31,9,46,臺中市,太平區,0,1,0,8,1,5,30,3,2,1,5,4,5,7,4,4,10,5,5,2,11,5,2,9,3,4,C03,7,9,3,18,3,11,,5,5,1,9,8,C03,120.732802,24.154683,2
2022,5,31,9,48,臺中市,外埔區,0,1,0,8,1,5,40,14,7,1,5,4,5,7,4,4,8,5,4,1,11,7,2,9,1,1,C03,7,7,1,10,2,14,,7,7,1,22,8,C03,120.637669,24.342468,2
2022,5,31,9,50,臺中市,北區,0,0,0,,,,30,,,,,,,,,,,,,,,42,,,,,B03,,,1,,11,,,42,42,1,22,,B03,120.687312,24.157307,3
2022,5,31,9,53,臺中市,豐原區,0,0,0,8,,,50,,,,,,,,,,,,,,,17,,,,,B03,,,1,,2,,,17,17,1,21,,B03,120.701005,24.249041,3
2022,5,31,10,2,臺中市,豐原區,0,0,0,8,,,50,,,,,,,,,,,,,,,23,,,,,C03,,,3,,2,,,23,23,1,22,,C03,120.728015,24.248834,3
2022,5,31,10,4,臺中市,東區,0,0,0,,,,50,,,,,,,,,,,,,,,10,,,,,B12,,,1,,2,,,10,10,1,22,,B12,120.68808,24.141033,3
2022,5,31,10,8,臺中市,東區,0,1,0,8,1,5,50,14,7,1,5,4,5,7,4,4,9,5,4,2,17,10,3,10,1,1,B12,7,11,1,8,2,7,,10,10,1,22,8,B12,120.705507,24.132949,2
2022,5,31,10,8,臺中市,東區,0,1,0,8,1,5,50,4,1,1,5,4,5,7,1,1,10,5,5,2,16,19,3,10,1,1,B03,7,1,1,8,2,6,,19,19,1,5,8,B03,120.708248,24.140613,2
2022,5,31,10,9,臺中市,南屯區,0,0,0,,,,50,,,,,,,,,,,,,,,7,,,,,B03,,,1,,1,,,7,7,1,22,,B03,120.646958,24.153277,3
2022,5,31,10,16,臺中市,石岡區,0,0,0,8,,,50,,,,,,,,,,,,,,,23,,,,,B12,,,6,,2,,,23,23,1,21,,B12,120.814435,24.258518,3
2022,5,31,10,30,臺中市,神岡區,0,0,0,8,,,30,,,,,,,,,,,,,,,42,,,,,A11,,,1,,2,,,42,42,1,10,,A11,120.697293,24.244681,3
2022,5,31,10,33,臺中市,南屯區,0,0,0,8,,,50,,,,,,,,,,,,,,,17,,,,,B03,,,1,,1,,,17,17,1,4,,B03,120.645317,24.151489,4
2022,5,31,10,36,臺中市,東區,0,0,0,8,,,30,,,,,,,,,,,,,,,42,,,,,B03,,,1,8,11,,,42,42,1,5,,B03,120.697096,24.151725,3
2022,5,31,10,41,臺中市,大肚區,0,0,0,,,,50,,,,,,,,,,,,,,,16,,,,,B03,,,1,,2,,,16,16,1,21,,B03,120.56188,24.125113,3
2022,5,31,10,42,臺中市,北屯區,0,0,0,8,,,50,,,,,,,,,,,,,,,12,,,,,B11,,,1,,2,,,12,12,1,22,,B11,120.671786,24.177008,3
2022,5,31,10,43,臺中市,大甲區,0,0,0,6,,,50,,,,,,,,,,,,,,,17,,,,,B12,,,1,,2,,,17,17,1,22,,B12,120.653638,24.38157,3
2022,5,31,10,52,臺中市,豐原區,0,2,0,8,1,5,50,14,9,1,5,4,5,7,4,4,5,5,5,1,17,21,2,9,1,1,C03,7,9,3,18,8,12,,21,21,1,22,8,C03,120.728442,24.245646,2
2022,5,31,11,10,臺中市,大甲區,0,0,0,8,,,50,,,,,,,,,,,,,,,23,,,,,B12,,,1,,2,,,23,23,1,22,,B12,120.614783,24.350933,3
2022,5,31,11,10,臺中市,大甲區,0,0,0,,,,40,,,,,,,,,,,,,,,19,,,,,B03,,,1,,2,,,19,19,1,21,,B03,120.62614,24.349287,3
2022,5,31,11,12,臺中市,豐原區,0,1,0,8,1,5,50,3,1,1,5,4,5,7,4,4,5,5,5,2,16,6,3,10,3,4,B12,7,6,1,8,2,7,,6,6,1,9,8,B12,120.73928,24.258991,2
2022,5,31,11,13,臺中市,大里區,0,1,0,8,1,5,30,14,8,1,5,4,5,7,4,4,5,5,4,1,14,42,3,10,1,1,C03,7,2,1,10,2,13,,42,42,1,5,8,C03,120.685428,24.110345,2
2022,5,31,11,20,臺中市,大雅區,0,0,0,8,,,30,,,,,,,,,,,,,,,23,,,,,B03,,,1,,2,,,23,23,1,22,,B03,120.65001,24.20865,3
2022,5,31,11,25,臺中市,大肚區,0,0,0,,,,30,,,,,,,,,,,,,,,23,,,,,B03,,,1,,2,,,23,23,1,21,,B03,120.541461,24.156658,3
2022,5,31,11,28,臺中市,北屯區,0,0,0,8,,,40,,,,,,,,,,,,,,,12,,,,,A11,,,1,,9,,,12,12,1,10,,A11,120.664752,24.179605,3
2022,5,31,11,30,臺中市,東區,0,1,0,8,1,5,30,4,1,1,5,4,5,7,4,4,10,5,5,2,15,6,3,10,1,1,C03,7,9,1,10,2,12,,6,6,1,5,8,C03,120.684127,24.133558,2
2022,5,31,11,34,臺中市,南屯區,0,1,0,7,1,5,50,14,7,1,5,4,5,7,4,4,5,5,4,2,16,19,3,10,1,1,B03,7,1,1,8,2,4,,19,19,1,20,8,B03,120.61037,24.144715,2
2022,5,31,11,34,臺中市,大甲區,0,0,0,8,,,50,,,,,,,,,,,,,,,23,,,,,B03,,,1,,2,,,23,23,1,22,,B03,120.62591,24.348893,3
2022,5,31,11,41,臺中市,梧棲區,0,0,0,8,,,40,,,,,,,,,,,,,,,23,,,,,B03,,,1,,2,,,23,23,1,21,,B03,120.532867,24.259707,3
2022,5,31,11,45,臺中市,南屯區,0,1,0,8,1,5,40,4,1,1,5,4,5,7,2,1,10,5,5,2,13,23,2,8,1,1,C03,7,9,1,10,2,11,,23,23,1,22,9,C03,120.638333,24.14,2
2022,5,31,11,53,臺中市,北區,0,0,0,8,,,50,,,,,,,,,,,,,,,43,,,,,B03,,,1,,11,,,43,43,1,22,,B03,120.686721,24.147858,3
2022,5,31,11,53,臺中市,太平區,0,0,0,8,,,50,,,,,,,,,,,,,,,42,,,,,B12,,,1,,2,,,42,42,1,21,,B12,120.724712,24.141932,3
2022,5,31,11,58,臺中市,南屯區,0,0,0,,,,50,,,,,,,,,,,,,,,19,,,,,B03,,,1,,1,,,19,19,1,22,,B03,120.647116,24.153969,3
2022,5,31,12,7,臺中市,潭子區,0,0,0,8,,,50,,,,,,,,,,,,,,,5,,,,,B03,,,1,,2,,,5,17,1,22,,B03,120.691566,24.234805,3
2022,5,31,12,8,臺中市,北屯區,0,0,0,,,,50,,,,,,,,,,,,,,,23,,,,,B03,,,1,8,1,6,,23,23,1,21,8,B03,120.717354,24.175501,3
2022,5,31,12,10,臺中市,霧峰區,0,0,0,8,,,50,,,,,,,,,,,,,,,44,,,,,B03,,,1,,2,,,44,44,1,9,,B03,120.699507,24.064204,3
2022,5,31,12,12,臺中市,太平區,0,1,0,8,1,5,50,14,9,1,5,4,5,7,4,4,5,4,5,1,16,23,2,9,1,1,C03,7,9,1,10,2,11,,23,23,1,19,8,C03,120.718806,24.133556,2
2022,5,31,12,20,臺中市,后里區,0,2,0,8,1,5,40,14,8,1,5,4,5,7,4,4,8,4,4,1,17,43,2,9,1,1,C03,7,9,1,10,2,15,,43,43,1,22,8,C03,120.666344,24.320917,2
2022,5,31,12,29,臺中市,南屯區,0,0,0,8,,,40,,,,,,,,,,,,,,,13,,,,,C03,,,1,,2,,,13,13,1,4,,C03,120.636931,24.152829,3
2022,5,31,12,30,臺中市,北區,0,0,0,8,,,1,,,,,,,,,,,,,,,43,,,,,C03,,,1,,1,,,43,43,1,22,,C03,120.66339,24.161368,3